# Blender 5.1.2
# www.blender.org
mtllib knight.mtl
o Space_Chess.003
v 0.417665 0.563601 0.690652
v 0.415865 0.513901 0.686452
v 0.355765 0.582301 0.726252
v 0.481265 0.583501 0.658652
v 0.364965 0.652901 0.748952
v 0.438465 0.695901 0.731652
v 0.502765 0.696501 0.693252
v 0.619665 0.698201 0.599952
v 0.564565 0.713801 0.651052
v 0.562465 0.728601 0.648752
v 0.432265 0.747201 0.720952
v 0.439465 0.712401 0.733652
v 0.437865 0.727201 0.730952
v 0.547865 0.629101 0.628652
v 0.555165 0.748601 0.639852
v 0.661565 0.750401 0.538152
v 0.479065 0.777901 0.658752
v 0.533565 0.784301 0.613452
v 0.635465 0.786001 0.516052
v 0.582465 0.794501 0.562752
v 0.528665 0.800701 0.607552
v 0.472365 0.808001 0.649052
v 0.581965 0.812701 0.562452
v 0.533765 0.829201 0.614452
v 0.596965 0.845501 0.580052
v 0.552165 0.865201 0.657552
v 0.446365 0.828201 0.674052
v 0.407265 0.858401 0.741952
v 0.354565 0.833501 0.727852
v 0.332065 0.863101 0.779752
v 0.488165 0.886801 0.714152
v 0.558965 0.905501 0.667052
v 0.557065 0.882401 0.664152
v 0.413565 0.913801 0.755952
v 0.488365 0.915401 0.715152
v 0.335365 0.885501 0.789152
v 0.335865 0.897501 0.790852
v 0.250365 0.857401 0.800052
v 0.254065 0.888401 0.814652
v 0.170865 0.902601 0.833552
v 0.169765 0.869901 0.826352
v 0.167265 0.851501 0.809452
v 0.085865 0.884601 0.840352
v 0.084865 0.851701 0.820352
v 0.000665 0.888001 0.840452
v 0.085865 0.902401 0.842252
v 0.000965 0.865501 0.832752
v -0.084135 0.884701 0.831752
v -0.082635 0.862301 0.821952
v -0.072935 0.847801 0.804252
v 0.081865 0.845001 0.806852
v -0.134235 0.839001 0.777152
v -0.160235 0.846801 0.785352
v -0.164035 0.856701 0.800252
v -0.062335 0.826301 0.778952
v 0.078565 0.826201 0.785252
v 0.008165 0.813901 0.778852
v -0.095835 0.810701 0.765452
v -0.197335 0.804701 0.739352
v -0.095635 0.801401 0.763852
v 0.008265 0.794301 0.776952
v -0.198335 0.787701 0.742052
v -0.096035 0.788501 0.766352
v -0.063635 0.770801 0.787352
v -0.132635 0.777301 0.768952
v -0.210535 0.746201 0.778852
v -0.142035 0.725801 0.809552
v -0.066935 0.745601 0.811552
v -0.068935 0.714001 0.825752
v -0.142035 0.688501 0.808752
v -0.250235 0.713201 0.779352
v -0.215135 0.704501 0.792352
v -0.284635 0.695301 0.764052
v -0.352835 0.707101 0.733352
v -0.279435 0.746601 0.752952
v -0.409135 0.747801 0.683152
v -0.345835 0.747201 0.720952
v -0.263935 0.790201 0.717252
v -0.263135 0.810101 0.715852
v -0.326535 0.792301 0.685852
v -0.326635 0.815501 0.686452
v -0.496035 0.794501 0.562752
v -0.442835 0.811901 0.608552
v -0.385935 0.808001 0.649052
v -0.468735 0.748601 0.639852
v -0.524135 0.749401 0.591452
v -0.477835 0.703301 0.650552
v -0.532235 0.729501 0.599552
v -0.534435 0.712901 0.601552
v -0.585135 0.723001 0.546552
v -0.633235 0.716701 0.488852
v -0.630535 0.731401 0.487152
v -0.545435 0.791701 0.512952
v -0.553735 0.677401 0.566952
v -0.631635 0.700101 0.487352
v -0.532235 0.692101 0.598852
v -0.471535 0.673101 0.642152
v -0.452535 0.584201 0.616752
v -0.555535 0.585901 0.518252
v -0.502835 0.565801 0.565952
v -0.659435 0.658701 0.416152
v -0.708335 0.702401 0.359052
v -0.672835 0.701201 0.424952
v -0.639335 0.587901 0.402952
v -0.596035 0.567601 0.459252
v -0.694235 0.659801 0.351452
v -0.716935 0.610101 0.242452
v -0.677635 0.608301 0.342552
v -0.760835 0.704801 0.219052
v -0.779435 0.722601 0.146652
v -0.762735 0.721401 0.219852
v -0.762135 0.663501 0.142552
v -0.786135 0.701301 0.071652
v -0.738035 0.727501 0.290752
v -0.707035 0.733701 0.358952
v -0.748235 0.756001 0.216452
v -0.696535 0.753601 0.354252
v -0.697535 0.784601 0.276452
v -0.661635 0.752401 0.419052
v -0.669635 0.783401 0.341752
v -0.659835 0.798401 0.337352
v -0.627835 0.793701 0.399652
v -0.625435 0.800901 0.398352
v -0.588035 0.796301 0.457452
v -0.543035 0.808701 0.511152
v -0.621035 0.751401 0.480552
v -0.626735 0.817701 0.399352
v -0.498335 0.823801 0.565652
v -0.593235 0.831901 0.461852
v -0.648035 0.851301 0.412652
v -0.670435 0.855601 0.395852
v -0.557435 0.843401 0.524352
v -0.576135 0.853201 0.531452
v -0.635335 0.862401 0.472152
v -0.692135 0.892101 0.408552
v -0.526335 0.860201 0.599052
v -0.647735 0.896901 0.481452
v -0.519135 0.852101 0.591352
v -0.532635 0.873801 0.605952
v -0.595535 0.898601 0.548952
v -0.687635 0.877301 0.405752
v -0.759235 0.894801 0.252252
v -0.724935 0.878601 0.329752
v -0.745535 0.866401 0.247452
v -0.746235 0.854101 0.147652
v -0.671635 0.842201 0.343752
v -0.703535 0.847701 0.279852
v -0.774135 0.864601 0.082952
v -0.759835 0.858801 0.122752
v -0.716535 0.837901 0.209052
v -0.717835 0.826601 0.172852
v -0.685635 0.812901 0.272552
v -0.661635 0.825801 0.338652
v -0.708935 0.800701 0.206352
v -0.687335 0.799501 0.272952
v -0.735935 0.798201 0.068852
v -0.736035 0.830501 0.069352
v -0.735235 0.787001 0.139752
v -0.774535 0.758501 0.071552
v -0.792635 0.720001 -0.002748
v -0.773235 0.765701 -0.001948
v -0.747935 0.789401 -0.001448
v -0.786235 0.738701 0.072252
v -0.776135 0.737401 0.146352
v -0.737835 0.798101 -0.071648
v -0.736235 0.802501 -0.036248
v -0.781835 0.750301 -0.076448
v -0.735235 0.791901 -0.142748
v -0.760135 0.768201 -0.147648
v -0.777835 0.735201 -0.151448
v -0.788535 0.733501 -0.077348
v -0.782635 0.711501 -0.114748
v -0.775335 0.666001 -0.003648
v -0.743935 0.616901 -0.147348
v -0.755235 0.615001 -0.040448
v -0.762335 0.718601 -0.225048
v -0.668735 0.581701 -0.348048
v -0.759535 0.743901 -0.223848
v -0.696635 0.580601 -0.282848
v -0.739435 0.733601 -0.296248
v -0.734635 0.706401 -0.294948
v -0.718535 0.579401 -0.215448
v -0.714935 0.529601 -0.215348
v -0.734335 0.578201 -0.146348
v -0.693135 0.530801 -0.282448
v -0.665735 0.516501 -0.347748
v -0.704835 0.465801 -0.287948
v -0.721235 0.481801 -0.217948
v -0.732635 0.447401 -0.221648
v -0.737135 0.480501 -0.148548
v -0.748735 0.446201 -0.151248
v -0.771235 0.409501 -0.118448
v -0.760035 0.444301 -0.043548
v -0.779435 0.407501 -0.008148
v -0.749835 0.478101 -0.006948
v -0.758435 0.442401 0.064652
v -0.746635 0.476801 0.064152
v -0.746635 0.479301 -0.078048
v -0.740035 0.527201 -0.076548
v -0.730635 0.528401 -0.146548
v -0.743835 0.577001 -0.076048
v -0.747035 0.575701 -0.005248
v -0.743235 0.526001 -0.006048
v -0.743835 0.574501 0.065652
v -0.739635 0.540301 0.064652
v -0.734335 0.573301 0.135852
v -0.730635 0.523501 0.134352
v -0.748835 0.612501 0.102752
v -0.718535 0.572101 0.204952
v -0.696635 0.570901 0.272452
v -0.715335 0.506901 0.202952
v -0.693135 0.521201 0.270252
v -0.726935 0.457201 0.205352
v -0.665735 0.504501 0.335052
v -0.668735 0.569701 0.337652
v -0.631935 0.519001 0.397252
v -0.676635 0.454801 0.339452
v -0.736535 0.361401 0.324452
v -0.637635 0.471001 0.399852
v -0.663035 0.400201 0.413752
v -0.749835 0.403701 0.210652
v -0.766235 0.405001 0.138752
v -0.783535 0.363901 0.179852
v -0.822035 0.327401 0.147552
v -0.803935 0.366501 0.029152
v -0.804535 0.326001 0.224452
v -0.749135 0.323401 0.372052
v -0.865235 0.289101 0.154652
v -0.861335 0.276801 0.239252
v -0.821235 0.286301 0.314252
v -0.901935 0.251901 0.273152
v -0.749435 0.283701 0.463352
v -0.691635 0.293501 0.523852
v -0.668235 0.321101 0.507352
v -0.698635 0.340901 0.434052
v -0.879535 0.231301 0.433252
v -0.792735 0.254201 0.488752
v -0.744535 0.252901 0.561652
v -0.847635 0.222101 0.520952
v -0.811335 0.204301 0.609352
v -0.738235 0.219401 0.671452
v -0.882535 0.164601 0.540852
v -0.920535 0.188901 0.452252
v -0.908435 0.207101 0.446752
v -0.948935 0.220401 0.311352
v -0.984435 0.222801 0.175152
v -0.974935 0.210201 0.269452
v -1.029435 0.177601 0.084352
v -0.987935 0.192001 0.272752
v -1.017935 0.170901 0.180352
v -0.994935 0.174301 0.274352
v -0.995835 0.148901 0.274152
v -0.927135 0.171201 0.455152
v -0.963735 0.143001 0.365252
v -0.929135 0.154201 0.455852
v -0.925535 0.140401 0.453852
v -0.883435 0.153801 0.541252
v -0.828135 0.168301 0.620852
v -0.825535 0.135701 0.618452
v -0.830035 0.152401 0.622052
v -0.878035 0.135601 0.537652
v -0.860735 0.112201 0.526952
v -0.808735 0.110801 0.605852
v -0.749835 0.109501 0.679652
v -0.802135 0.091601 0.600752
v -0.744035 0.093501 0.674352
v -0.768535 0.141601 0.696652
v -0.699835 0.135001 0.764452
v -0.769335 0.158001 0.697552
v -0.684535 0.108301 0.747952
v -0.665835 0.142901 0.799052
v -0.627135 0.133901 0.827952
v -0.551235 0.142501 0.887952
v -0.629735 0.145801 0.831352
v -0.629535 0.155601 0.831252
v -0.603735 0.217201 0.800052
v -0.547735 0.175001 0.883252
v -0.551135 0.154701 0.888152
v -0.538635 0.199701 0.869952
v -0.696035 0.183501 0.761352
v -0.766735 0.172001 0.695552
v -0.686735 0.201801 0.751952
v -0.822235 0.186001 0.616952
v -0.448535 0.215401 0.902552
v -0.521035 0.224101 0.843652
v -0.493235 0.248701 0.801952
v -0.394335 0.277801 0.802852
v -0.302435 0.316001 0.799152
v -0.457135 0.289501 0.748052
v -0.313735 0.288201 0.825252
v -0.366235 0.335301 0.751752
v -0.332535 0.256701 0.868552
v -0.242135 0.276701 0.867952
v -0.257735 0.246701 0.915452
v -0.359335 0.222601 0.930652
v -0.277435 0.214101 0.975652
v -0.371935 0.198101 0.959652
v -0.378335 0.173501 0.974352
v -0.468035 0.153801 0.937852
v -0.379735 0.132701 0.976952
v -0.467535 0.137401 0.936652
v -0.289135 0.166501 1.010752
v -0.290235 0.152501 1.013852
v -0.101535 0.155601 1.056452
v -0.196235 0.131701 1.036552
v -0.195435 0.172401 1.033752
v -0.096035 0.213401 1.017052
v -0.191835 0.197101 1.018252
v -0.169535 0.255801 0.921552
v -0.078735 0.287101 0.890052
v -0.158935 0.287301 0.875552
v 0.000365 0.255401 0.944552
v 0.089765 0.213301 1.025352
v 0.090665 0.196701 1.043652
v 0.003165 0.300801 0.883152
v -0.004135 0.196701 1.043652
v 0.085365 0.264801 0.926952
v 0.180665 0.221301 1.003752
v 0.173965 0.246101 0.954252
v 0.083965 0.286901 0.897352
v 0.165165 0.287101 0.890052
v 0.245365 0.287301 0.875552
v 0.159265 0.333701 0.847152
v 0.081965 0.333601 0.854052
v 0.006365 0.393201 0.813652
v 0.080165 0.393201 0.813652
v 0.005165 0.352401 0.839152
v -0.072735 0.333701 0.847152
v -0.152435 0.315101 0.847852
v -0.067235 0.393301 0.807052
v -0.063235 0.464401 0.778952
v 0.007365 0.446901 0.790952
v -0.139835 0.393501 0.793852
v -0.134535 0.447301 0.771652
v -0.211035 0.393901 0.774252
v -0.223835 0.334301 0.812652
v -0.201835 0.464901 0.747252
v -0.280135 0.394301 0.748252
v -0.270835 0.448001 0.727452
v -0.346635 0.394901 0.716252
v -0.332535 0.465901 0.691452
v -0.410035 0.395601 0.678452
v -0.441235 0.317301 0.724452
v -0.495535 0.336801 0.666452
v -0.532435 0.279401 0.711652
v -0.659935 0.251201 0.661552
v -0.563935 0.249601 0.750652
v -0.584435 0.291301 0.646552
v -0.652135 0.281401 0.597252
v -0.564535 0.319001 0.626152
v -0.607535 0.338701 0.559352
v -0.525335 0.397201 0.586452
v -0.451235 0.467301 0.613052
v -0.508935 0.450801 0.570252
v -0.576335 0.398101 0.533052
v -0.469735 0.396301 0.635052
v -0.396935 0.449201 0.659552
v -0.389735 0.530001 0.650152
v -0.447135 0.515301 0.608752
v -0.329435 0.513901 0.686452
v -0.392135 0.564201 0.654252
v -0.265735 0.528901 0.716952
v -0.333535 0.582801 0.695252
v -0.200935 0.562601 0.746252
v -0.278435 0.652901 0.748952
v -0.209735 0.652401 0.774752
v -0.417135 0.702501 0.694552
v -0.417335 0.716301 0.695052
v -0.063535 0.581301 0.783052
v -0.067635 0.670001 0.814752
v 0.007765 0.561901 0.784152
v 0.007965 0.512301 0.779552
v -0.062235 0.527901 0.773052
v -0.132135 0.545201 0.762752
v -0.199835 0.512901 0.741852
v -0.062435 0.496901 0.773452
v -0.131835 0.497101 0.760752
v 0.078765 0.464201 0.785352
v 0.078465 0.527801 0.779352
v 0.149265 0.562101 0.777852
v 0.148765 0.512401 0.773252
v 0.078865 0.581201 0.789452
v 0.149665 0.464401 0.778952
v 0.221065 0.447301 0.771652
v 0.152465 0.411501 0.798552
v 0.232165 0.352701 0.818752
v 0.226265 0.393501 0.793852
v 0.297465 0.393901 0.774252
v 0.310265 0.334301 0.812652
v 0.238965 0.315101 0.847852
v 0.400265 0.288201 0.825252
v 0.328565 0.276701 0.867952
v 0.388865 0.316001 0.799152
v 0.480765 0.277801 0.802852
v 0.366565 0.394301 0.748252
v 0.452765 0.335301 0.751752
v 0.527665 0.317301 0.724452
v 0.433065 0.394901 0.716252
v 0.543665 0.289501 0.748052
v 0.618965 0.279401 0.711652
v 0.650365 0.249601 0.750652
v 0.579665 0.248701 0.801952
v 0.614865 0.216201 0.854752
v 0.773165 0.201801 0.751952
v 0.710165 0.182401 0.824452
v 0.701765 0.200701 0.814252
v 0.760365 0.218301 0.738752
v 0.591365 0.181001 0.905552
v 0.458365 0.198101 0.959652
v 0.528565 0.223301 0.890752
v 0.451065 0.214701 0.942952
v 0.418965 0.256701 0.868552
v 0.344165 0.246701 0.915452
v 0.359765 0.222001 0.962952
v 0.274165 0.213701 1.000452
v 0.278265 0.197101 1.018252
v 0.375565 0.166501 1.010752
v 0.376465 0.156301 1.013452
v 0.283365 0.152001 1.039552
v 0.187565 0.163901 1.053652
v 0.188065 0.140101 1.056352
v 0.209865 0.119601 1.039952
v 0.091565 0.131201 1.062452
v 0.283365 0.139901 1.039352
v 0.375865 0.132101 1.010852
v 0.554765 0.143901 0.937952
v 0.466265 0.132701 0.976952
v 0.369765 0.109401 0.991852
v 0.455665 0.099501 0.951752
v 0.366165 0.085001 0.980252
v 0.275765 0.084601 1.005252
v 0.184065 0.098101 1.026752
v 0.276465 0.067601 1.008052
v 0.183665 0.072001 1.022652
v 0.184365 0.064001 1.028052
v 0.090365 0.063801 1.036552
v 0.090365 0.098001 1.035152
v 0.090065 0.074701 1.030152
v -0.003635 0.084101 1.030352
v -0.003835 0.066001 1.033852
v -0.004735 0.052501 1.054752
v -0.100135 0.054601 1.044152
v -0.195535 0.048601 1.032052
v -0.097435 0.067301 1.024852
v -0.189835 0.091501 1.007552
v -0.190735 0.064201 1.011252
v -0.097035 0.084301 1.021952
v -0.097635 0.098101 1.026752
v -0.100535 0.123901 1.048652
v -0.238435 0.113001 1.008052
v -0.281035 0.098901 0.984852
v -0.374935 0.117601 0.965352
v -0.368435 0.094101 0.949752
v -0.367335 0.079201 0.947052
v -0.451935 0.085101 0.906652
v -0.536935 0.106301 0.865652
v -0.613335 0.107201 0.810152
v -0.549735 0.134301 0.885552
v -0.608335 0.088101 0.803452
v -0.532935 0.074901 0.859052
v -0.611635 0.068701 0.807352
v -0.536035 0.066801 0.863652
v -0.744235 0.077801 0.674252
v -0.683435 0.068901 0.746152
v -0.696535 0.056501 0.759652
v -0.678935 0.088001 0.741752
v -0.855435 0.078201 0.523152
v -0.762935 0.058501 0.690252
v -0.876635 0.059501 0.535552
v -0.826435 0.049001 0.617652
v -0.959035 0.064201 0.362052
v -0.899835 0.079401 0.440352
v -0.879635 0.050401 0.537152
v -0.766535 0.045301 0.693152
v -0.924635 0.038401 0.451652
v -0.923635 0.058801 0.451452
v -0.963335 0.044501 0.363352
v -0.949535 0.010001 0.357552
v -0.917635 0.017401 0.447852
v -0.984735 0.020501 0.268852
v -0.989735 0.064101 0.271052
v -0.993035 0.055001 0.271752
v -1.014535 0.056701 0.177752
v -1.014635 0.047801 0.177552
v -1.027535 0.049401 0.081952
v -1.011135 0.065801 0.177252
v -1.002435 0.089801 -0.013748
v -1.026735 0.071201 -0.014048
v -0.989835 0.080201 0.173652
v -0.966135 0.082501 0.264852
v -0.985135 0.088901 0.172952
v -0.998135 0.102501 0.080252
v -1.001735 0.101201 -0.013548
v -0.984935 0.099101 0.173052
v -0.964135 0.096401 0.264452
v -0.971935 0.116701 0.266952
v -0.935535 0.099101 0.353852
v -0.898235 0.094401 0.439852
v -0.936935 0.081101 0.354052
v -0.942735 0.115201 0.356852
v -0.905535 0.113601 0.443752
v -0.853835 0.091901 0.522452
v -1.015035 0.146201 0.179352
v -1.031035 0.154301 0.084152
v -1.023635 0.140801 0.083252
v -0.999135 0.110901 -0.107148
v -1.029935 0.145201 -0.012748
v -1.034735 0.154001 -0.012548
v -1.016335 0.136401 -0.108248
v -0.996435 0.130201 -0.201748
v -1.012735 0.148601 -0.204348
v -1.017435 0.157301 -0.205048
v -0.987435 0.114201 -0.200348
v -1.031435 0.159901 -0.109248
v -1.035235 0.174201 -0.012248
v -1.027935 0.186101 -0.108448
v -0.996035 0.218401 -0.200148
v -1.018435 0.173701 -0.204948
v -1.008735 0.216701 -0.106148
v -1.018235 0.209501 -0.011648
v -1.008735 0.213401 0.083152
v -1.022235 0.195301 0.084052
v -1.012135 0.194001 -0.203448
v -0.957135 0.236201 -0.287248
v -0.993535 0.189401 -0.298148
v -0.955735 0.206601 -0.386648
v -0.997335 0.168501 -0.299548
v -0.966935 0.177001 -0.391448
v -0.966035 0.160601 -0.391348
v -0.927235 0.161601 -0.479948
v -0.882535 0.183901 -0.565348
v -0.822235 0.207901 -0.640548
v -0.828135 0.190401 -0.645148
v -0.875135 0.206501 -0.560448
v -0.863535 0.224601 -0.553248
v -0.882135 0.163601 -0.565448
v -0.908435 0.223101 -0.469748
v -0.796335 0.242001 -0.621148
v -0.891735 0.239201 -0.461448
v -0.792735 0.271601 -0.510148
v -0.834135 0.270301 -0.433148
v -0.915635 0.245301 -0.370948
v -0.868435 0.268901 -0.352848
v -0.914935 0.265901 -0.184548
v -0.865235 0.294901 -0.175048
v -0.945035 0.256301 -0.099748
v -0.861335 0.285601 -0.259948
v -0.821235 0.297601 -0.334548
v -0.780135 0.335501 -0.318548
v -0.711735 0.338001 -0.460548
v -0.749135 0.336801 -0.391048
v -0.749435 0.300301 -0.483748
v -0.691635 0.312101 -0.543848
v -0.655935 0.357501 -0.517048
v -0.619035 0.340201 -0.588048
v -0.576335 0.417001 -0.549448
v -0.622335 0.416001 -0.491648
v -0.663035 0.414901 -0.430048
v -0.642635 0.468001 -0.417048
v -0.598335 0.486201 -0.473048
v -0.698035 0.413801 -0.365048
v -0.736535 0.373001 -0.342148
v -0.783535 0.370501 -0.197548
v -0.727035 0.412601 -0.297248
v -0.749835 0.411401 -0.227048
v -0.802235 0.368501 -0.084948
v -0.822035 0.332801 -0.166548
v -0.834435 0.330801 -0.048948
v -0.880135 0.292001 -0.010148
v -0.891335 0.282701 -0.094448
v -0.926635 0.261401 0.076652
v -0.995735 0.227901 0.035252
v -0.933035 0.251701 0.166352
v -0.990335 0.233001 -0.104248
v -0.549035 0.535001 -0.523548
v -0.558435 0.470001 -0.532848
v -0.593435 0.518601 -0.468848
v -0.631935 0.533001 -0.409448
v -0.671335 0.484101 -0.351048
v -0.635135 0.582801 -0.410548
v -0.665535 0.691701 -0.426748
v -0.600035 0.603201 -0.472248
v -0.618935 0.674401 -0.484748
v -0.551835 0.584801 -0.525148
v -0.447135 0.536701 -0.620948
v -0.506235 0.605101 -0.579548
v -0.449435 0.586501 -0.623048
v -0.522435 0.676301 -0.595248
v -0.407735 0.677901 -0.686749
v -0.476835 0.720101 -0.655048
v -0.394835 0.606601 -0.668448
v -0.533235 0.719201 -0.605748
v -0.584935 0.718301 -0.551648
v -0.585135 0.742201 -0.551448
v -0.631635 0.717201 -0.493148
v -0.633235 0.733801 -0.494048
v -0.674335 0.727501 -0.431448
v -0.621035 0.768201 -0.484548
v -0.524135 0.770201 -0.595448
v -0.596835 0.797501 -0.466548
v -0.671635 0.747401 -0.429448
v -0.661635 0.767101 -0.423148
v -0.627835 0.807701 -0.402148
v -0.588035 0.812301 -0.459848
v -0.659835 0.810201 -0.339748
v -0.696535 0.766001 -0.358248
v -0.707035 0.746301 -0.363648
v -0.709935 0.726301 -0.365348
v -0.725435 0.764801 -0.290448
v -0.688635 0.805501 -0.275948
v -0.748235 0.763601 -0.220448
v -0.719435 0.793101 -0.211948
v -0.707235 0.821301 -0.208048
v -0.686035 0.812701 -0.274848
v -0.726535 0.801901 -0.140948
v -0.723635 0.808301 -0.140348
v -0.715635 0.843101 -0.210048
v -0.723035 0.823001 -0.139948
v -0.732335 0.814001 -0.070848
v -0.736135 0.849501 -0.141948
v -0.745635 0.848301 -0.071448
v -0.756635 0.858001 -0.074648
v -0.762235 0.857801 -0.000248
v -0.735235 0.817601 -0.000948
v -0.739135 0.831701 -0.000748
v -0.745635 0.845801 0.070552
v -0.775735 0.864001 -0.000148
v -0.788335 0.885801 -0.084348
v -0.768835 0.863901 -0.082748
v -0.794735 0.888701 0.000252
v -0.798635 0.905301 0.000552
v -0.794935 0.921401 0.086052
v -0.797535 0.932801 0.001052
v -0.780335 0.935701 -0.168248
v -0.793235 0.934301 -0.084048
v -0.787735 0.952901 0.001352
v -0.770735 0.950001 0.168652
v -0.740235 0.979001 -0.054248
v -0.712335 0.974101 0.223652
v -0.751535 0.948701 0.242752
v -0.782135 0.914101 0.170352
v -0.780635 0.896301 0.169752
v -0.760735 0.912701 0.252952
v -0.728135 0.931101 0.332152
v -0.690735 0.929701 0.408452
v -0.593735 0.927301 0.547852
v -0.693435 0.910001 0.409652
v -0.669135 0.945401 0.427352
v -0.612435 0.944001 0.510052
v -0.472435 0.967601 0.596852
v -0.619235 0.970601 0.427452
v -0.514735 0.942201 0.616052
v -0.382535 0.966501 0.664152
v -0.537335 0.900601 0.611352
v -0.467835 0.935801 0.661452
v -0.401035 0.940601 0.703252
v -0.177835 0.938901 0.801752
v -0.470635 0.925201 0.664852
v -0.401935 0.915401 0.715152
v -0.248735 0.919001 0.789352
v -0.402535 0.898801 0.715752
v -0.249135 0.894401 0.789952
v -0.472035 0.896501 0.666252
v -0.456435 0.851201 0.645252
v -0.394035 0.858401 0.701452
v -0.386035 0.848501 0.688452
v -0.536235 0.888601 0.610052
v -0.332135 0.834101 0.697052
v -0.320835 0.857701 0.742152
v -0.393135 0.834701 0.660552
v -0.454035 0.841701 0.623152
v -0.507935 0.842501 0.576052
v -0.240235 0.849101 0.765152
v -0.220135 0.842401 0.757252
v -0.247035 0.870701 0.783952
v -0.167935 0.902901 0.816352
v -0.078835 0.938501 0.823152
v -0.084335 0.908401 0.833552
v 0.001165 0.938401 0.831252
v 0.000565 0.913201 0.841452
v 0.085365 0.938401 0.831252
v 0.085765 0.922201 0.839452
v 0.165265 0.938501 0.823152
v 0.170365 0.922301 0.830752
v 0.251565 0.938801 0.805752
v 0.210165 0.964601 0.769252
v -0.012835 0.964301 0.785152
v -0.043535 0.971201 0.393452
v 0.231765 0.972901 0.294052
v 0.370365 0.965501 0.718052
v 0.056665 0.971601 0.368652
v 0.069265 1.033701 0.378052
v 0.182465 1.034601 0.341352
v 0.165565 1.155901 0.366152
v 0.322065 1.097301 0.297452
v 0.320365 1.036101 0.274252
v 0.222465 1.096101 0.341552
v 0.301065 1.305601 0.331852
v 0.313765 1.422401 0.321252
v 0.391365 1.277601 0.295952
v 0.206365 1.536901 0.334752
v 0.338365 1.157901 0.305352
v 0.393865 1.218501 0.288352
v 0.185565 1.245401 0.363252
v 0.044265 1.154901 0.386052
v 0.112165 1.318201 0.369352
v -0.014735 1.214101 0.381452
v 0.032865 1.419901 0.360652
v 0.073865 1.680101 0.333152
v -0.057935 1.795701 0.323852
v 0.132465 1.908501 0.278452
v 0.024665 1.795101 0.321952
v 0.161865 1.680201 0.321052
v 0.341865 1.680801 0.264552
v 0.299065 1.537701 0.310952
v 0.283565 1.794101 0.255952
v 0.097828 1.989901 0.266782
v 0.118291 1.989901 0.257092
v 0.334765 1.850601 0.209452
v 0.242453 1.989901 0.201238
v 0.277113 1.989901 0.177916
v 0.346320 1.989901 0.131238
v 0.421265 1.906301 0.122952
v 0.473065 1.766301 0.159752
v 0.533265 1.654101 0.164252
v 0.609165 1.810701 0.016352
v 0.539865 1.797401 -0.060948
v 0.692865 1.674001 0.013952
v 0.493765 1.962801 0.018952
v 0.633465 1.627301 0.095452
v 0.655765 1.571101 0.096252
v 0.583965 1.512801 0.169952
v 0.616565 1.456101 0.154452
v 0.484965 1.539801 0.228252
v 0.503265 1.425101 0.235352
v 0.408865 1.423701 0.284552
v 0.500065 1.338001 0.240752
v 0.574465 1.397501 0.191052
v 0.650065 1.341101 0.128952
v 0.727165 1.343001 0.055652
v 0.649965 1.282601 0.120952
v 0.704765 1.458001 0.076852
v 0.770465 1.380401 0.008852
v 0.558465 1.280501 0.196452
v 0.757565 1.283901 0.007152
v 0.683765 1.345101 -0.083148
v 0.652465 1.226901 -0.088948
v 0.696165 1.224701 0.055552
v 0.734765 1.218501 0.005952
v 0.700265 1.151301 0.004852
v 0.600665 1.166801 -0.113348
v 0.652465 1.223601 0.101252
v 0.628365 1.050301 0.003052
v 0.584265 1.101901 0.102952
v 0.600665 1.162701 0.123552
v 0.579065 1.042401 -0.049548
v 0.534765 1.043101 -0.097948
v 0.489065 1.043801 -0.142548
v 0.420265 1.106901 -0.231248
v 0.394065 1.044901 -0.220348
v 0.561665 0.978001 0.001852
v 0.508065 1.167601 -0.191848
v 0.399665 0.981001 -0.170448
v 0.798765 0.981901 -0.220048
v 0.638365 0.987001 -0.513848
v 0.759465 0.983701 -0.325248
v 0.304865 0.982301 -0.243648
v 0.270565 1.045901 -0.296248
v 0.157365 0.983701 -0.326648
v 0.468965 0.989601 -0.660548
v 0.370365 0.990501 -0.714448
v 0.672465 0.962401 -0.541248
v 0.615765 0.963401 -0.600948
v 0.487465 0.965101 -0.700548
v 0.365265 0.966201 -0.763548
v 0.277065 0.966801 -0.795048
v 0.335865 0.925101 -0.789549
v 0.411965 0.955201 -0.750448
v 0.210165 0.991401 -0.765648
v 0.043265 0.991801 -0.785548
v 0.125265 0.967301 -0.824448
v 0.251565 0.966901 -0.803048
v 0.056665 0.984401 -0.365048
v -0.043535 0.984901 -0.389848
v 0.019365 1.046801 -0.382748
v 0.172565 1.108001 -0.350548
v 0.267865 1.198501 -0.326948
v 0.247465 1.107801 -0.324248
v 0.169665 1.198401 -0.355048
v 0.097965 1.108001 -0.370148
v 0.024565 1.107901 -0.381548
v 0.017165 1.540201 -0.326948
v -0.014735 1.227301 -0.369348
v -0.078535 1.046801 -0.393948
v -0.059935 1.137601 -0.381948
v 0.215865 1.476401 -0.320948
v 0.212165 1.346101 -0.338248
v 0.123765 1.490601 -0.331848
v 0.101865 1.605401 -0.316348
v 0.251565 1.690301 -0.269948
v 0.239965 1.803101 -0.239848
v 0.341865 1.689601 -0.236248
v 0.109765 1.804901 -0.277948
v 0.073865 1.691301 -0.304848
v 0.299065 1.548101 -0.287648
v 0.408865 1.433201 -0.265148
v 0.301065 1.317001 -0.316548
v 0.404565 1.346301 -0.275048
v 0.392265 1.547801 -0.252248
v 0.431765 1.688601 -0.191348
v 0.493365 1.504601 -0.209048
v 0.504665 1.404201 -0.218748
v 0.533265 1.659401 -0.136948
v 0.574465 1.403901 -0.172648
v 0.575965 1.546701 -0.145348
v 0.616565 1.461101 -0.134048
v 0.704765 1.460301 -0.056448
v 0.677065 1.573701 -0.051648
v 0.619865 1.658101 -0.067748
v 0.740365 1.571001 0.012152
v 0.766865 1.459501 0.010252
v 0.500065 1.346101 -0.224448
v 0.616365 1.345601 -0.142048
v 0.558465 1.287101 -0.182148
v 0.393865 1.228301 -0.276148
v 0.338365 1.168401 -0.295348
v 0.322065 1.107501 -0.289448
v 0.456265 1.799301 -0.126448
v 0.381165 1.911201 -0.118148
v 0.298965 1.913601 -0.169848
v 0.236085 1.989901 -0.169018
v 0.215865 1.915701 -0.211148
v 0.289105 1.989901 -0.134831
v 0.256130 1.989901 -0.012448
v 0.324365 1.989901 -0.112343
v 0.377421 1.989901 -0.069186
v 0.438438 1.989901 -0.013502
v 0.449897 1.989901 0.039058
v 0.471480 1.989901 0.019424
v 0.120429 1.989901 -0.222084
v 0.181243 1.989901 -0.196869
v 0.068056 1.989901 -0.235754
v 0.073985 1.989901 -0.237614
v 0.040372 1.989901 -0.245222
v -0.025306 1.989901 0.291183
v -0.006378 1.989901 0.294039
v 0.085335 1.989901 0.271527
v 0.059688 1.989901 0.276533
v 0.268565 2.029901 -0.012448
v 0.908465 2.228801 -0.012448
v -0.088135 2.386701 -0.516948
v -0.088135 2.386701 0.492052
v -0.586435 2.465601 -0.012448
v -0.831086 1.989901 0.054542
v -0.987135 1.928601 -0.012448
v 0.361365 2.615701 -0.012448
v 0.369965 3.285701 -0.012448
v -0.167035 2.885001 -0.012448
v -0.290375 1.989901 0.046700
v -0.801635 3.100101 -0.012448
v -0.406129 1.989901 0.219189
v -0.349444 1.989901 0.259157
v -0.441180 1.989901 0.199544
v -0.329273 1.989901 0.266106
v -0.484424 1.989901 0.163415
v -0.471288 1.989901 0.176242
v -0.545243 1.989901 0.083530
v -0.538039 1.989901 0.093067
v -0.171534 1.989901 0.300081
v -0.217162 1.989901 0.298751
v -0.242569 1.989901 0.292981
v -0.267003 1.989901 0.283917
v -0.067898 1.989901 0.303606
v -0.120853 1.989901 0.304872
v -0.299366 1.989901 0.271693
v -0.324935 1.916801 0.264352
v -0.466135 1.922001 0.165652
v -0.262235 1.740201 0.277152
v -0.257935 1.915001 0.289252
v -0.212135 1.797601 0.298952
v -0.186135 1.913401 0.305552
v -0.110335 1.911901 0.312852
v -0.151735 1.608401 0.314952
v -0.218235 1.579701 0.289052
v -0.131635 1.390201 0.334052
v -0.202735 1.448501 0.299052
v -0.055435 1.361201 0.356952
v -0.197735 1.331501 0.316552
v -0.228735 1.243001 0.323852
v -0.261235 1.360801 0.275852
v -0.162035 1.243101 0.350252
v -0.077135 1.273001 0.365552
v -0.116235 1.154001 0.380552
v -0.023535 1.094201 0.393352
v -0.217835 1.032701 0.392652
v -0.282935 1.032801 0.379252
v -0.098335 1.063401 0.397352
v -0.200635 1.153801 0.361452
v -0.313335 1.153801 0.311952
v -0.310535 1.213501 0.285952
v -0.418535 1.154401 0.224452
v -0.328635 0.971201 0.390952
v -0.363135 1.033001 0.350552
v -0.438235 1.094401 0.256252
v -0.434535 1.033501 0.310552
v -0.494435 0.972501 0.319952
v -0.415335 0.971701 0.362052
v -0.582435 0.973801 0.243152
v -0.508935 1.034401 0.245052
v -0.545235 1.035001 0.198552
v -0.516635 1.095601 0.144252
v -0.640535 0.975401 0.149152
v -0.594035 1.036501 0.088152
v -0.674235 0.978001 0.001852
v -0.536335 1.118801 0.004252
v -0.602235 1.043601 0.002952
v -0.538235 1.096201 0.087652
v -0.666235 0.976901 0.063352
v -0.496135 1.180401 0.005352
v -0.462735 1.217001 0.075352
v -0.482935 1.179201 0.074952
v -0.436735 1.214301 0.141452
v -0.471435 1.155101 0.142852
v -0.435835 1.273701 0.086452
v -0.420735 1.273501 0.122952
v -0.362235 1.272901 0.210752
v -0.446035 1.255401 0.075852
v -0.424235 1.330001 0.076652
v -0.618135 1.311201 0.076652
v -0.632735 1.349001 0.071052
v -0.664435 1.179201 0.074952
v -0.611935 1.428001 0.078052
v -0.614335 1.461001 0.078552
v -0.416235 1.482701 0.078252
v -0.635735 1.430901 0.069552
v -0.645535 1.350101 0.061552
v -0.416435 1.385101 0.077252
v -0.412135 1.391301 0.085652
v -0.395135 1.332201 0.138652
v -0.380735 1.390901 0.145052
v -0.363935 1.331901 0.186852
v -0.315835 1.390301 0.226152
v -0.312035 1.331601 0.242552
v -0.284035 1.272601 0.281852
v -0.312835 1.448901 0.223252
v -0.342435 1.507701 0.193952
v -0.271935 1.507101 0.255752
v -0.384235 1.449601 0.136052
v -0.269135 1.448701 0.259452
v -0.387935 1.508201 0.134752
v -0.402935 1.596401 0.132652
v -0.323835 1.565901 0.217352
v -0.415335 1.508801 0.084952
v -0.425435 1.556401 0.079052
v -0.435735 1.607801 0.079552
v -0.624835 1.519201 0.079252
v -0.471335 1.737601 0.080852
v -0.652535 1.511601 0.066652
v -0.664435 1.589101 0.073652
v -0.696635 1.668501 0.072352
v -0.543535 1.982401 0.083452
v -0.784035 1.981101 0.085052
v -0.807535 1.988801 0.079352
v -0.794935 1.909301 0.071752
v -0.788861 1.989901 0.083850
v -0.766241 1.989901 0.085011
v -0.785704 1.989901 0.085168
v -0.732394 1.989901 0.084785
v -0.828885 1.989901 0.057967
v -0.808421 1.989901 0.078735
v -0.807904 1.989901 0.079258
v -0.838335 1.930201 0.018452
v -0.705935 1.670301 0.065452
v -0.732735 1.675601 0.029352
v -0.800435 1.824801 0.016552
v -0.845760 1.958194 0.018934
v -0.837587 1.974086 0.036769
v -0.840376 1.953063 0.013059
v -0.845374 1.958203 0.018938
v -0.836936 1.951027 0.010709
v -0.833391 1.946286 0.005302
v -0.813886 1.930825 -0.012448
v -0.812157 1.933967 -0.015973
v -0.794935 1.911201 -0.035648
v -0.806212 1.950743 -0.034839
v -0.806235 2.020782 -0.113965
v -0.796348 1.956171 -0.040828
v -0.791223 1.958375 -0.043244
v -0.773435 1.905501 -0.046248
v -0.789301 1.960001 -0.045053
v -0.764335 1.829801 -0.037948
v -0.702435 1.671501 -0.040448
v -0.665635 1.591401 -0.048248
v -0.703135 1.573501 0.012152
v -0.688554 1.689785 -0.050834
v -0.690315 1.693511 -0.050604
v -0.688635 1.594701 -0.027748
v -0.678035 1.667201 -0.052148
v -0.738335 1.672901 0.013952
v -0.652535 1.513501 -0.044348
v -0.614335 1.463401 -0.057948
v -0.689220 1.695140 -0.051456
v -0.682135 1.484901 0.010652
v -0.641235 1.453401 -0.047548
v -0.655635 1.394001 -0.028248
v -0.640035 1.392901 -0.047048
v -0.613635 1.349901 -0.060548
v -0.639135 1.351601 -0.049748
v -0.636835 1.309601 -0.056548
v -0.659835 1.352801 -0.026648
v -0.649935 1.310301 -0.047648
v -0.655335 1.267901 -0.052848
v -0.676835 1.268301 -0.028248
v -0.679535 1.181601 -0.060748
v -0.697535 1.181401 -0.049448
v -0.709335 1.181101 -0.035648
v -0.693735 1.268801 0.006852
v -0.699135 1.224201 0.028552
v -0.676835 1.267101 0.041952
v -0.675935 1.352801 0.008352
v -0.671135 1.310101 0.032952
v -0.729035 1.180401 0.005352
v -0.701435 1.179601 0.055852
v -0.683735 1.179301 0.069752
v -0.649935 1.308301 0.062852
v -0.674735 1.407701 0.009352
v -0.657235 1.392901 0.042952
v -0.647535 1.472001 0.064252
v -0.664435 1.181701 -0.064348
v -0.482935 1.181701 -0.064348
v -0.493935 1.158501 -0.077448
v -0.436735 1.219101 -0.129448
v -0.462735 1.219401 -0.063448
v -0.420735 1.277501 -0.108948
v -0.446035 1.257801 -0.062448
v -0.428735 1.314301 -0.061148
v -0.412135 1.394001 -0.067548
v -0.415235 1.402901 -0.059048
v -0.416235 1.484001 -0.057048
v -0.415335 1.511401 -0.062748
v -0.435735 1.610101 -0.053948
v -0.698435 1.732201 -0.051948
v -0.454835 1.684301 -0.052148
v -0.406935 1.570901 -0.093648
v -0.392635 1.600901 -0.122948
v -0.435435 1.688701 -0.087648
v -0.365435 1.689901 -0.171348
v -0.307835 1.690501 -0.216648
v -0.362835 1.631001 -0.162848
v -0.386335 1.926201 -0.194348
v -0.427735 1.807701 -0.137248
v -0.526735 1.921801 -0.046248
v -0.466135 1.927101 -0.129048
v -0.439000 1.989901 -0.161818
v -0.476991 1.989901 -0.130658
v -0.505312 1.989901 -0.092601
v -0.523652 1.987167 -0.071891
v -0.290375 1.989901 -0.071596
v -0.521680 1.989901 -0.074951
v -0.203654 1.989901 -0.257652
v -0.140655 1.989901 -0.267711
v -0.274260 1.989901 -0.242633
v -0.244530 1.989901 -0.253702
v -0.082980 1.989901 -0.262885
v -0.311623 1.989901 -0.231069
v -0.105397 1.989901 -0.264841
v -0.344438 1.989901 -0.220979
v -0.389316 1.989901 -0.196531
v -0.324935 1.925401 -0.227748
v -0.257935 1.924501 -0.252748
v -0.242635 1.691001 -0.253048
v -0.212135 1.807401 -0.266548
v -0.110335 1.922201 -0.276448
v -0.170835 1.691301 -0.280448
v -0.147535 1.604501 -0.290948
v -0.202735 1.458601 -0.278848
v -0.130535 1.488701 -0.305048
v -0.057535 1.460301 -0.328448
v -0.141435 1.343201 -0.323048
v -0.102935 1.226501 -0.359248
v -0.286335 1.105801 -0.345148
v -0.162035 1.255101 -0.337148
v -0.241935 1.224601 -0.314248
v -0.250835 1.282901 -0.288848
v -0.266235 1.340901 -0.261748
v -0.310535 1.223201 -0.273948
v -0.343235 1.280701 -0.218248
v -0.388235 1.221101 -0.201448
v -0.346535 1.163901 -0.280148
v -0.430435 1.161601 -0.199248
v -0.451435 1.102801 -0.233948
v -0.408935 1.103901 -0.274648
v -0.376935 1.104501 -0.298248
v -0.470535 0.983901 -0.332648
v -0.400035 1.044701 -0.326248
v -0.334935 0.984801 -0.384648
v -0.235635 0.985001 -0.400448
v -0.551835 0.987001 -0.513848
v -0.283835 0.990501 -0.714448
v -0.195635 1.046401 -0.390348
v -0.141435 0.985101 -0.401548
v -0.068835 0.991601 -0.777548
v -0.165035 0.966901 -0.803048
v 0.000765 0.955501 -0.835848
v -0.190635 0.966801 -0.795048
v -0.249035 0.941601 -0.788248
v -0.083835 0.951301 -0.828648
v -0.167135 0.951001 -0.811548
v -0.084135 0.913701 -0.830948
v -0.082635 0.891001 -0.821848
v -0.249435 0.925101 -0.789549
v -0.245935 0.892501 -0.780548
v 0.000565 0.926001 -0.840949
v 0.000665 0.908601 -0.838048
v 0.085865 0.931801 -0.840748
v 0.085865 0.913901 -0.839549
v -0.080335 0.877001 -0.806648
v 0.002065 0.874801 -0.811049
v 0.085065 0.885101 -0.825648
v 0.084165 0.872901 -0.806748
v 0.250465 0.884601 -0.800348
v 0.170165 0.903101 -0.827948
v 0.170565 0.913701 -0.830948
v 0.252365 0.853201 -0.758148
v 0.147865 0.837501 -0.773448
v 0.330765 0.885901 -0.776348
v 0.356665 0.865401 -0.733748
v 0.149565 0.860001 -0.785448
v 0.284165 0.835501 -0.742248
v 0.216665 0.835801 -0.760848
v 0.147765 0.822601 -0.772948
v 0.349365 0.820401 -0.717448
v 0.216565 0.821201 -0.760548
v 0.218865 0.805401 -0.771048
v 0.153665 0.771601 -0.817048
v 0.365965 0.773001 -0.756948
v 0.353765 0.803701 -0.727948
v 0.225965 0.773801 -0.802448
v 0.301065 0.746501 -0.796048
v 0.155365 0.746601 -0.830048
v 0.154965 0.717001 -0.828048
v 0.080765 0.739801 -0.837848
v 0.080465 0.714001 -0.832848
v 0.226965 0.698401 -0.808148
v 0.150665 0.628201 -0.797348
v 0.371065 0.722101 -0.769848
v 0.438465 0.721501 -0.737449
v 0.438665 0.745401 -0.737248
v 0.371865 0.738701 -0.771448
v 0.364965 0.679101 -0.756248
v 0.220165 0.608601 -0.780048
v 0.287465 0.588801 -0.756748
v 0.355765 0.607801 -0.736049
v 0.417665 0.587901 -0.701048
v 0.352365 0.538601 -0.729248
v 0.286165 0.554501 -0.753348
v 0.286365 0.523601 -0.754748
v 0.218265 0.539401 -0.772748
v 0.149265 0.508001 -0.789448
v 0.148765 0.555101 -0.784649
v 0.219665 0.491601 -0.780048
v 0.288265 0.491201 -0.761148
v 0.366565 0.420701 -0.764648
v 0.357265 0.473701 -0.741848
v 0.224365 0.439501 -0.801148
v 0.297465 0.421201 -0.790548
v 0.382865 0.362501 -0.803748
v 0.305565 0.381301 -0.816148
v 0.314965 0.344701 -0.845849
v 0.235565 0.363301 -0.851648
v 0.153665 0.421801 -0.823348
v 0.245365 0.318201 -0.895448
v 0.165165 0.318501 -0.910048
v 0.157165 0.381901 -0.850048
v 0.400265 0.317401 -0.845149
v 0.255965 0.288301 -0.942548
v 0.480765 0.306201 -0.823248
v 0.418965 0.287401 -0.889648
v 0.344165 0.279101 -0.936749
v 0.363865 0.248601 -0.998148
v 0.445765 0.255401 -0.952848
v 0.534965 0.247301 -0.924949
v 0.458365 0.232001 -0.982748
v 0.463665 0.214101 -0.995448
v 0.550165 0.213401 -0.953748
v 0.625165 0.230501 -0.892948
v 0.552865 0.200901 -0.959148
v 0.710165 0.211601 -0.848148
v 0.690265 0.245501 -0.822548
v 0.607465 0.253901 -0.865848
v 0.596165 0.183101 -0.937848
v 0.715965 0.185101 -0.855848
v 0.782465 0.210501 -0.784948
v 0.786565 0.163201 -0.790048
v 0.789165 0.177101 -0.792548
v 0.636765 0.168701 -0.911749
v 0.712365 0.159901 -0.851748
v 0.702065 0.141301 -0.839148
v 0.461365 0.151801 -0.991148
v 0.540565 0.132401 -0.937348
v 0.455665 0.133101 -0.978248
v 0.375865 0.167801 -1.036149
v 0.554065 0.170501 -0.961749
v 0.467265 0.175601 -1.004648
v 0.621365 0.131601 -0.889048
v 0.618865 0.112801 -0.885648
v 0.541465 0.098301 -0.939748
v 0.622465 0.097501 -0.891348
v 0.694765 0.116601 -0.830448
v 0.703765 0.092201 -0.842148
v 0.770965 0.134901 -0.774248
v 0.765365 0.115501 -0.768748
v 0.769065 0.096301 -0.772948
v 0.835065 0.094201 -0.705648
v 0.711365 0.083701 -0.851848
v 0.830165 0.114301 -0.700948
v 0.785565 0.077501 -0.790548
v 0.746865 0.050101 -0.819748
v 0.786365 0.071201 -0.791448
v 0.853065 0.070001 -0.721748
v 0.910165 0.080101 -0.643948
v 0.905965 0.036401 -0.641648
v 0.966365 0.067301 -0.565748
v 1.011165 0.070901 -0.480248
v 0.959965 0.082601 -0.561648
v 0.891265 0.096201 -0.629848
v 0.890465 0.120101 -0.628848
v 0.943265 0.094301 -0.551548
v 0.940465 0.101601 -0.549748
v 0.944165 0.125701 -0.551548
v 0.986965 0.118801 -0.467748
v 0.986665 0.094801 -0.468048
v 1.021765 0.098601 -0.380848
v 0.997165 0.086301 -0.473248
v 1.035165 0.084301 -0.386148
v 1.046465 0.075701 -0.390548
v 1.076165 0.074101 -0.299148
v 1.049765 0.057701 -0.392148
v 1.049965 0.064301 -0.392048
v 1.099065 0.070201 -0.205648
v 1.102265 0.073601 -0.157348
v 1.051565 0.094701 -0.291948
v 1.060965 0.106401 -0.245748
v 1.072265 0.093401 -0.200448
v 1.088865 0.085401 -0.107948
v 1.083965 0.094501 -0.107348
v 1.088165 0.094001 -0.013648
v 1.108765 0.074801 -0.013948
v 1.103065 0.073301 0.081452
v 1.118265 0.060001 -0.014248
v 1.113865 0.061701 -0.110548
v 1.117465 0.046501 -0.014448
v 1.111965 0.065201 0.082052
v 1.113565 0.051601 0.081952
v 1.100765 0.017401 0.080252
v 1.099965 0.060101 0.177652
v 1.092565 0.022201 0.175552
v 1.054465 0.003501 0.263952
v 1.075465 0.005101 0.172152
v 1.078765 0.041601 0.271352
v 1.049765 0.044501 0.363352
v 1.032365 0.005901 0.356152
v 0.995665 0.004701 0.443552
v 0.991465 0.001401 0.441452
v 0.943765 -0.000999 0.522952
v 0.043265 0.008401 -0.015148
v 0.768165 -0.004799 0.743152
v 0.838865 0.000201 0.680052
v 0.898465 0.001901 0.606252
v 0.950665 0.003301 0.527052
v 0.964665 0.032401 0.535952
v 1.004065 0.017401 0.447852
v 0.989065 0.043901 0.494652
v 1.011065 0.055801 0.451952
v 0.912965 0.049001 0.617652
v 0.905265 0.063801 0.612352
v 0.905965 0.014501 0.611952
v 0.846365 0.013201 0.686752
v 0.852065 0.051101 0.692452
v 1.005465 0.064701 0.449352
v 0.969865 0.072101 0.484752
v 1.045065 0.064801 0.361952
v 1.024865 0.078401 0.354652
v 1.076165 0.064101 0.271052
v 0.984965 0.085101 0.439852
v 0.940265 0.091901 0.522452
v 0.985165 0.097601 0.440152
v 0.940965 0.080401 0.522652
v 1.021565 0.095901 0.353652
v 1.050765 0.088501 0.264352
v 1.072265 0.086801 0.173052
v 1.050965 0.100701 0.264652
v 1.071465 0.099101 0.173052
v 1.092065 0.120001 0.081252
v 1.091065 0.132801 0.177252
v 1.083965 0.100701 0.080152
v 1.084865 0.088501 0.080052
v 1.088665 0.105501 -0.013448
v 1.088465 0.117901 -0.107348
v 1.099865 0.126901 -0.013048
v 1.116465 0.145201 -0.012748
v 1.116865 0.155601 -0.109248
v 1.071865 0.108801 -0.200048
v 1.099165 0.148601 -0.204348
v 1.111865 0.166001 -0.157148
v 1.122665 0.163501 -0.012448
v 1.118365 0.164801 0.084352
v 1.120265 0.179301 -0.012148
v 1.108865 0.203201 -0.011748
v 1.101465 0.187701 -0.204048
v 1.070865 0.229301 -0.197748
v 1.091665 0.206601 -0.201948
v 1.104865 0.173701 -0.204948
v 1.076765 0.233001 -0.104248
v 1.114465 0.182701 0.084352
v 1.070865 0.222801 0.175152
v 1.091665 0.199901 0.178552
v 1.103865 0.150601 0.179852
v 1.076765 0.229701 0.081752
v 1.019465 0.251701 0.166352
v 0.947765 0.276801 0.239252
v 0.999665 0.250201 0.253152
v 0.977765 0.279701 0.073752
v 1.015065 0.263701 -0.054348
v 1.019465 0.257901 -0.187948
v 0.951765 0.294901 -0.175048
v 0.947865 0.304201 -0.091448
v 0.966565 0.292001 -0.010148
v 0.919165 0.331501 -0.088348
v 0.922665 0.330101 -0.009548
v 0.890965 0.326001 0.224452
v 0.883565 0.365201 0.104952
v 0.892165 0.367201 -0.008848
v 0.883565 0.369201 -0.122648
v 0.844865 0.444901 -0.079648
v 0.836265 0.411401 -0.227048
v 0.852665 0.410101 -0.155048
v 0.849765 0.371701 -0.270948
v 0.890965 0.334201 -0.243448
v 0.821765 0.355201 -0.384148
v 0.907665 0.297601 -0.334548
v 0.947765 0.285601 -0.259948
v 0.978165 0.239201 -0.461448
v 1.021065 0.232401 -0.378248
v 0.888665 0.288301 -0.417448
v 0.894965 0.263701 -0.519648
v 0.835865 0.300301 -0.483748
v 0.798165 0.338001 -0.460548
v 0.802365 0.290801 -0.561848
v 0.742365 0.357501 -0.517048
v 0.749465 0.414901 -0.430048
v 0.662765 0.417001 -0.549448
v 0.705465 0.340201 -0.588048
v 0.738565 0.302601 -0.617648
v 0.708765 0.416001 -0.491648
v 0.689665 0.469101 -0.476848
v 0.640465 0.487201 -0.528648
v 0.635465 0.535001 -0.523548
v 0.595365 0.471001 -0.584648
v 0.533565 0.536701 -0.620948
v 0.586365 0.551401 -0.573948
v 0.537665 0.488901 -0.626948
v 0.611765 0.417901 -0.602748
v 0.556165 0.418801 -0.651348
v 0.640465 0.359501 -0.633748
v 0.691665 0.293001 -0.688548
v 0.591565 0.342101 -0.697048
v 0.618965 0.304601 -0.732048
v 0.650365 0.276201 -0.771948
v 0.543665 0.316001 -0.768048
v 0.519265 0.361201 -0.730348
v 0.433065 0.420201 -0.732548
v 0.459965 0.343601 -0.783848
v 0.496465 0.419501 -0.694748
v 0.419065 0.490301 -0.705248
v 0.483365 0.472501 -0.673948
v 0.481265 0.606601 -0.668448
v 0.416165 0.522601 -0.699248
v 0.535965 0.586501 -0.623048
v 0.561165 0.710901 -0.652448
v 0.608865 0.676301 -0.595248
v 0.618665 0.713101 -0.604848
v 0.564565 0.736701 -0.656248
v 0.503865 0.737401 -0.700348
v 0.495565 0.771801 -0.687248
v 0.562465 0.751401 -0.653448
v 0.473065 0.815701 -0.652448
v 0.432265 0.772401 -0.724948
v 0.555165 0.771001 -0.643948
v 0.618765 0.750501 -0.604248
v 0.529765 0.814901 -0.611248
v 0.662565 0.766801 -0.543148
v 0.589965 0.799401 -0.573348
v 0.583365 0.810501 -0.566248
v 0.630965 0.833701 -0.514348
v 0.630865 0.813301 -0.514648
v 0.679465 0.803101 -0.463648
v 0.722465 0.796501 -0.407248
v 0.745065 0.813801 -0.339148
v 0.707465 0.768201 -0.484548
v 0.712365 0.829601 -0.400748
v 0.727965 0.859701 -0.409448
v 0.746365 0.830601 -0.339448
v 0.772065 0.822401 -0.274548
v 0.782165 0.848701 -0.277848
v 0.752865 0.867401 -0.394048
v 0.802965 0.876401 -0.326048
v 0.804365 0.832701 -0.174448
v 0.813065 0.862901 -0.241848
v 0.814765 0.858601 -0.213248
v 0.832665 0.859301 -0.148348
v 0.846365 0.863101 -0.123248
v 0.832065 0.848301 -0.071448
v 0.822565 0.849501 -0.141948
v 0.872465 0.873301 -0.000048
v 0.820665 0.828701 -0.070748
v 0.834065 0.845101 -0.000548
v 0.821865 0.811301 -0.001148
v 0.818565 0.816401 0.068752
v 0.822465 0.830501 0.069352
v 0.843065 0.855401 0.074052
v 0.804365 0.826601 0.172852
v 0.814765 0.851201 0.212552
v 0.789965 0.847701 0.279852
v 0.775665 0.826901 0.274152
v 0.772065 0.812901 0.272552
v 0.821765 0.799501 0.068752
v 0.809665 0.805501 0.137952
v 0.795465 0.800701 0.206352
v 0.812365 0.798201 0.138252
v 0.775065 0.795901 0.273352
v 0.821665 0.787001 0.139752
v 0.841765 0.745201 0.218152
v 0.746265 0.798401 0.337352
v 0.846565 0.763101 0.143852
v 0.848365 0.726701 0.219652
v 0.811965 0.754801 0.286452
v 0.756065 0.783401 0.341752
v 0.711965 0.800901 0.398352
v 0.748065 0.752401 0.419052
v 0.782965 0.753601 0.354252
v 0.795065 0.726301 0.359552
v 0.758165 0.732501 0.424752
v 0.794765 0.702401 0.359052
v 0.759365 0.701201 0.424952
v 0.705465 0.657601 0.477452
v 0.718065 0.700101 0.487352
v 0.780665 0.659801 0.351452
v 0.824165 0.703601 0.290152
v 0.783065 0.570901 0.272452
v 0.759665 0.589001 0.340052
v 0.721565 0.568701 0.400052
v 0.686565 0.586901 0.462452
v 0.638365 0.566701 0.514652
v 0.635165 0.532501 0.511352
v 0.679465 0.517901 0.456152
v 0.724065 0.471001 0.399852
v 0.717965 0.534501 0.397352
v 0.718765 0.503501 0.397252
v 0.635865 0.501501 0.511352
v 0.689665 0.452701 0.462352
v 0.640465 0.469001 0.514852
v 0.656065 0.416301 0.527552
v 0.708765 0.399101 0.475352
v 0.749465 0.400201 0.413752
v 0.785065 0.340901 0.434052
v 0.784465 0.401301 0.348752
v 0.835565 0.323401 0.372052
v 0.849765 0.362601 0.253152
v 0.866565 0.324701 0.299452
v 0.763065 0.454801 0.339452
v 0.813465 0.402501 0.280952
v 0.813465 0.457201 0.205352
v 0.836265 0.403701 0.210652
v 0.852665 0.405001 0.138752
v 0.835165 0.441201 0.136152
v 0.864265 0.406901 0.028752
v 0.823565 0.475601 0.134652
v 0.834665 0.477501 0.028652
v 0.801365 0.522301 0.203152
v 0.816565 0.539001 0.134552
v 0.826565 0.524801 0.064452
v 0.822465 0.611301 0.173252
v 0.830265 0.574501 0.065652
v 0.829665 0.526001 -0.006048
v 0.826965 0.511701 -0.076848
v 0.833465 0.575701 -0.005248
v 0.841665 0.613701 0.031352
v 0.835265 0.616201 -0.111848
v 0.820765 0.578201 -0.146348
v 0.875865 0.724701 -0.077548
v 0.817065 0.528401 -0.146548
v 0.840465 0.669201 -0.185548
v 0.814465 0.618101 -0.217348
v 0.792265 0.619301 -0.285648
v 0.759665 0.601101 -0.349848
v 0.718365 0.533001 -0.409448
v 0.779565 0.530801 -0.282448
v 0.801765 0.514201 -0.215648
v 0.813465 0.464601 -0.219748
v 0.823565 0.480501 -0.148548
v 0.833065 0.479301 -0.078048
v 0.785765 0.482901 -0.285548
v 0.752265 0.516501 -0.347748
v 0.763065 0.466901 -0.353848
v 0.813465 0.412601 -0.297248
v 0.784465 0.413801 -0.365048
v 0.724065 0.485201 -0.413648
v 0.679165 0.549601 -0.467748
v 0.721565 0.582801 -0.410548
v 0.780665 0.672201 -0.358748
v 0.686565 0.603201 -0.472248
v 0.638365 0.584801 -0.525148
v 0.718065 0.717201 -0.493148
v 0.759365 0.716101 -0.430748
v 0.758165 0.747401 -0.429448
v 0.592765 0.605101 -0.579548
v 0.716965 0.748501 -0.491848
v 0.793565 0.746301 -0.363648
v 0.811965 0.764801 -0.290448
v 0.782965 0.766001 -0.358248
v 0.825865 0.725101 -0.296348
v 0.848765 0.718601 -0.225048
v 0.849265 0.729101 -0.225048
v 0.851065 0.762401 -0.148648
v 0.862665 0.742601 -0.151048
v 0.860965 0.761101 -0.075648
v 0.819065 0.809101 -0.070948
v 0.811265 0.805701 -0.140648
v 0.878865 0.714701 -0.002748
v 0.874665 0.742401 -0.002348
v 0.834365 0.789401 -0.001448
v 0.856465 0.764401 0.071252
v 0.875565 0.725801 0.072352
v 0.865965 0.722601 0.146652
v 0.863965 0.706101 0.146052
v 0.858465 0.664701 0.069752
v 0.832265 0.662201 0.214152
v 0.796765 0.804301 -0.209248
v 0.779965 0.505701 0.270152
v 0.751765 0.520001 0.335152
v 0.785765 0.473201 0.271752
v 0.907665 0.286301 0.314252
v 0.888665 0.274101 0.396752
v 0.861565 0.295901 0.384152
v 0.802365 0.271601 0.541152
v 0.882765 0.220701 0.598652
v 0.754665 0.321101 0.507352
v 0.778065 0.293501 0.523852
v 0.738565 0.281401 0.597252
v 0.693965 0.338701 0.559352
v 0.650965 0.319001 0.626152
v 0.611765 0.397201 0.586452
v 0.729965 0.358501 0.490052
v 0.556165 0.396301 0.635052
v 0.545065 0.432701 0.621752
v 0.599465 0.433501 0.574252
v 0.591265 0.468101 0.566252
v 0.535765 0.483501 0.610952
v 0.533265 0.530801 0.608652
v 0.476765 0.499001 0.650352
v 0.476265 0.530001 0.650152
v 0.483365 0.449201 0.659552
v 0.586765 0.516101 0.562352
v 0.592765 0.585001 0.569852
v 0.582065 0.336801 0.666452
v 0.424665 0.431301 0.701252
v 0.357265 0.448001 0.727452
v 0.288265 0.464901 0.747252
v 0.286265 0.512901 0.741852
v 0.218165 0.528101 0.760452
v 0.287465 0.562601 0.746252
v 0.220165 0.581501 0.770252
v 0.225365 0.652101 0.794352
v 0.079965 0.651701 0.814052
v 0.155165 0.694201 0.823652
v 0.300965 0.694801 0.790352
v 0.371065 0.695301 0.764052
v 0.301565 0.711401 0.792552
v 0.229165 0.712901 0.812152
v 0.152865 0.751501 0.807152
v 0.300565 0.726201 0.789652
v 0.227065 0.737901 0.803252
v 0.155365 0.716101 0.825152
v 0.080665 0.694101 0.830352
v 0.080565 0.725501 0.829552
v 0.005865 0.725501 0.829552
v -0.068935 0.700301 0.825252
v 0.006365 0.745501 0.818152
v 0.078465 0.781301 0.784252
v 0.078165 0.809001 0.777752
v 0.149465 0.775701 0.782452
v 0.147965 0.790801 0.771952
v 0.216565 0.806101 0.758452
v 0.216865 0.791001 0.759452
v 0.147865 0.809101 0.771552
v 0.219265 0.776001 0.769852
v 0.296965 0.746201 0.778852
v 0.365965 0.746601 0.752952
v 0.349865 0.791801 0.716252
v 0.284765 0.787701 0.742052
v 0.284165 0.809601 0.740452
v 0.219465 0.832801 0.771752
v 0.290865 0.842201 0.761752
v 0.349965 0.815001 0.716852
v 0.412265 0.800801 0.684652
v 0.413665 0.788701 0.687052
v 0.222465 0.844801 0.784752
v 0.149565 0.832601 0.784452
v 0.670965 0.291301 0.646552
v 0.746365 0.251201 0.661552
v 0.934065 0.222101 0.520952
v 0.897765 0.204301 0.609352
v 0.961565 0.187401 0.536852
v 0.978165 0.223501 0.438952
v 1.021065 0.219601 0.355652
v 1.007065 0.188901 0.452252
v 1.051565 0.172701 0.366252
v 1.014865 0.166101 0.455652
v 1.015765 0.155301 0.455952
v 0.969865 0.153801 0.541252
v 0.968565 0.144301 0.540252
v 1.012265 0.141401 0.453952
v 1.047965 0.138601 0.364352
v 0.968665 0.126901 0.512452
v 0.902865 0.122001 0.611552
v 1.032465 0.120401 0.358252
v 1.061765 0.122001 0.268052
v 0.916565 0.152401 0.622052
v 0.854965 0.141601 0.696652
v 0.851465 0.132901 0.693352
v 0.838965 0.114801 0.682152
v 0.830165 0.090301 0.674052
v 0.888665 0.090501 0.600752
v 0.889465 0.078501 0.601052
v 0.830865 0.078101 0.674352
v 0.835065 0.070101 0.677952
v 0.730665 0.076401 0.773052
v 0.769865 0.068901 0.746152
v 0.765365 0.089101 0.741752
v 0.702065 0.112501 0.813052
v 0.618865 0.087101 0.858552
v 0.621865 0.067701 0.862752
v 0.619865 0.072101 0.859852
v 0.541465 0.066001 0.912052
v 0.538865 0.074001 0.907252
v 0.540565 0.100201 0.910952
v 0.453965 0.076101 0.947152
v 0.456465 0.065301 0.952952
v 0.465265 0.048301 0.973152
v 0.368165 0.064701 0.986152
v 0.278865 0.060201 1.018252
v 0.372465 0.057101 0.999452
v 0.281265 0.053001 1.029052
v 0.375465 0.036501 1.008252
v 0.187565 0.041401 1.050952
v 0.187265 0.048301 1.049252
v -0.004935 0.045201 1.058952
v 0.091465 0.038901 1.059952
v -0.005035 0.035601 1.059752
v -0.195935 0.041701 1.033752
v 0.043065 0.015101 1.054152
v 0.185665 -0.001099 1.036452
v 0.187465 0.028001 1.050052
v 0.043165 -0.004899 1.041552
v -0.004735 0.012001 1.053452
v -0.100335 0.012101 1.044852
v -0.099235 -0.001099 1.036452
v -0.097635 -0.009799 1.024452
v -0.190235 -0.009499 1.007652
v -0.192735 -0.001499 1.018752
v -0.003835 -0.009899 1.032852
v 0.090265 -0.009899 1.032852
v 0.184065 -0.009799 1.024452
v 0.276665 -0.009499 1.007652
v 0.280565 0.007301 1.024852
v 0.455565 -0.008399 0.949452
v 0.458665 -0.004199 0.956952
v 0.367365 -0.008999 0.982552
v 0.462365 0.008401 0.965752
v 0.374265 0.018501 1.004252
v 0.465865 0.037101 0.974352
v 0.552665 0.034601 0.932352
v 0.552665 0.043501 0.932352
v 0.711365 0.054501 0.823752
v 0.635265 0.045201 0.882752
v 0.549265 0.056601 0.926252
v 0.549965 0.014201 0.926852
v 0.627365 0.001101 0.869952
v 0.540365 -0.007699 0.908652
v 0.711165 0.021701 0.822952
v 0.713565 0.040901 0.826152
v 0.786265 0.040801 0.762852
v 0.782965 0.057301 0.759652
v 0.785065 0.028401 0.761252
v 0.707565 0.060201 0.819052
v -0.285935 0.006201 0.998152
v -0.289035 0.033301 1.008052
v -0.369035 -0.008399 0.949452
v -0.375935 0.008401 0.965752
v -0.379135 0.036001 0.973752
v -0.280935 -0.008999 0.982552
v -0.377935 0.051901 0.971252
v -0.466035 0.044301 0.932152
v -0.548435 0.043501 0.882052
v -0.505435 0.054301 0.904352
v -0.461535 0.007501 0.923052
v -0.456435 -0.005599 0.913452
v -0.544235 0.009901 0.875152
v -0.627135 0.036401 0.826152
v -0.612935 -0.004899 0.807652
v -0.572735 -0.006399 0.832752
v -0.699135 0.033001 0.761952
v -0.746835 -0.003699 0.675052
v -0.749335 -0.002699 0.677252
v -0.725035 0.009501 0.719752
v -0.819535 0.014501 0.611952
v -0.865235 0.005601 0.527752
v -0.879635 -0.000299 0.481452
v -0.878935 0.036901 0.536552
v -0.904635 0.001301 0.441352
v -0.942035 0.003001 0.354652
v -0.973935 0.006401 0.265652
v -0.958735 0.003101 0.285752
v -1.003735 0.007601 0.031852
v -1.005835 0.008201 0.079352
v -0.996835 0.009401 0.173652
v -1.018935 0.023801 0.080752
v -1.019235 0.019801 -0.014948
v -1.009335 0.015101 -0.109748
v -1.031135 0.062801 -0.014148
v -1.027435 0.061701 -0.110548
v -1.008835 0.033901 -0.205648
v -1.013735 0.049901 -0.206248
v -1.012235 0.070201 -0.205648
v -1.020335 0.074701 -0.109748
v -1.000335 0.087501 -0.107648
v -0.986835 0.090801 -0.200648
v -0.965835 0.092201 -0.292248
v -0.937135 0.093301 -0.381648
v -0.959035 0.077401 -0.390148
v -0.935135 0.108701 -0.380648
v -0.964135 0.107201 -0.291448
v -0.971935 0.126501 -0.293248
v -0.942735 0.128101 -0.383148
v -0.898135 0.106401 -0.466848
v -0.908735 0.134901 -0.471448
v -0.853735 0.103401 -0.549548
v -0.863835 0.136401 -0.554948
v -0.808735 0.132401 -0.632048
v -0.684535 0.134901 -0.774248
v -0.768535 0.166301 -0.721748
v -0.830035 0.174601 -0.646848
v -0.802535 0.116301 -0.627848
v -0.764935 0.157501 -0.718848
v -0.743735 0.114301 -0.700948
v -0.678935 0.114401 -0.768748
v -0.679635 0.102401 -0.769748
v -0.608135 0.110301 -0.830348
v -0.683435 0.095401 -0.773848
v -0.803935 0.098101 -0.629148
v -0.728835 0.084801 -0.752048
v -0.823735 0.080101 -0.643948
v -0.859435 0.091601 -0.553148
v -0.876435 0.079401 -0.563448
v -0.879835 0.067301 -0.565748
v -0.904135 0.090101 -0.470048
v -0.925335 0.068201 -0.480648
v -0.993135 0.056101 -0.300348
v -0.991535 0.047001 -0.300048
v -0.925435 0.059301 -0.480848
v -0.967635 0.044701 -0.368348
v -0.901935 0.016301 -0.470248
v -0.912735 0.025301 -0.475348
v -0.942235 0.016101 -0.384948
v -0.976435 0.018801 -0.296448
v -0.981635 0.012101 -0.224948
v -0.857335 0.017801 -0.553148
v -0.874735 0.040201 -0.563148
v -0.805535 0.019201 -0.631748
v -0.815235 0.028101 -0.638648
v -0.720635 0.026701 -0.745148
v -0.826535 0.062101 -0.646248
v -0.746835 0.020401 -0.705348
v -0.610835 0.022701 -0.835248
v -0.369035 0.025201 -0.979748
v -0.541335 0.032701 -0.900448
v -0.623435 0.045201 -0.850649
v -0.695735 0.044101 -0.787548
v -0.459535 0.033501 -0.949249
v -0.466235 0.067601 -0.961049
v -0.549135 0.070101 -0.911648
v -0.373835 0.034301 -0.990648
v -0.284635 0.034801 -1.024048
v -0.288435 0.059801 -1.035349
v -0.289035 0.072201 -1.036849
v -0.378935 0.080701 -1.001748
v -0.280935 0.025801 -1.012848
v -0.190235 0.026201 -1.037848
v -0.191435 0.028601 -1.043049
v -0.004635 0.045301 -1.079849
v -0.004035 0.029001 -1.068448
v -0.100535 0.054801 -1.076248
v -0.097635 0.026501 -1.054648
v -0.195135 0.054501 -1.059049
v -0.100935 0.082501 -1.078549
v -0.195535 0.085201 -1.060248
v -0.288335 0.084701 -1.034649
v -0.101135 0.073001 -1.079748
v -0.005035 0.069901 -1.088349
v 0.091365 0.060701 -1.086848
v 0.091465 0.082701 -1.087248
v -0.100535 0.088301 -1.075548
v 0.090365 0.103801 -1.062648
v 0.091265 0.089901 -1.082848
v -0.003935 0.100501 -1.064248
v -0.144235 0.100601 -1.046748
v -0.263335 0.091401 -1.035048
v -0.281735 0.099601 -1.013849
v -0.367435 0.114401 -0.974348
v -0.281035 0.133701 -1.011348
v -0.189335 0.115401 -1.032248
v -0.097035 0.120401 -1.048948
v -0.190335 0.134201 -1.036348
v -0.196235 0.168301 -1.061849
v -0.290235 0.188301 -1.038448
v -0.380835 0.175601 -1.004648
v -0.467535 0.170501 -0.961749
v -0.101635 0.182201 -1.082049
v -0.004535 0.153201 -1.075649
v -0.195435 0.208901 -1.057649
v -0.005035 0.168701 -1.087748
v -0.003635 0.114201 -1.057248
v 0.090965 0.153201 -1.075649
v 0.090065 0.120601 -1.057348
v 0.183465 0.112101 -1.049048
v 0.275765 0.120101 -1.032248
v 0.275765 0.110701 -1.032348
v 0.276765 0.134201 -1.036348
v 0.232565 0.149001 -1.055048
v 0.187565 0.168201 -1.078449
v 0.187765 0.197901 -1.079348
v 0.283365 0.176601 -1.064448
v 0.283165 0.192601 -1.063648
v 0.091665 0.181201 -1.090548
v -0.004935 0.209401 -1.083449
v -0.005135 0.189201 -1.090148
v -0.100335 0.215501 -1.071848
v -0.003335 0.249501 -1.047849
v -0.187635 0.249001 -1.022849
v -0.283135 0.232601 -1.016048
v -0.273235 0.256001 -0.985048
v 0.000365 0.288701 -0.965548
v -0.087435 0.279701 -0.975649
v -0.158935 0.318201 -0.895448
v -0.149035 0.363301 -0.851648
v -0.242135 0.307301 -0.888248
v -0.257735 0.279101 -0.936749
v -0.078735 0.318501 -0.910048
v -0.072735 0.363601 -0.865448
v 0.006365 0.421901 -0.829948
v -0.067235 0.421801 -0.823348
v 0.004465 0.363701 -0.872448
v 0.081365 0.382001 -0.856848
v 0.083365 0.332001 -0.902648
v 0.002465 0.318601 -0.917349
v 0.085365 0.297601 -0.947748
v 0.182565 0.249301 -1.039549
v 0.178865 0.264101 -1.012348
v 0.090665 0.233501 -1.066649
v 0.186865 0.215501 -1.071848
v 0.278265 0.233101 -1.041248
v 0.375565 0.202201 -1.034848
v 0.376465 0.192101 -1.037848
v 0.467265 0.187701 -1.004348
v 0.079765 0.439801 -0.820748
v 0.078765 0.491901 -0.799148
v 0.007365 0.474801 -0.805348
v -0.063235 0.491801 -0.792748
v 0.007965 0.539701 -0.791748
v 0.078865 0.608901 -0.799148
v 0.078465 0.555201 -0.790949
v -0.062835 0.589401 -0.788248
v 0.007765 0.589501 -0.794648
v -0.062235 0.555101 -0.784649
v -0.062435 0.524101 -0.786148
v -0.134535 0.474501 -0.786148
v -0.131735 0.539401 -0.772748
v -0.133735 0.608601 -0.780048
v -0.200935 0.588801 -0.756748
v -0.199635 0.554501 -0.753348
v -0.201835 0.491201 -0.761148
v -0.273135 0.456601 -0.747648
v -0.267235 0.507001 -0.733048
v -0.265735 0.554101 -0.728548
v -0.332535 0.490301 -0.705248
v -0.329435 0.538101 -0.698648
v -0.342435 0.438101 -0.724448
v -0.280135 0.420701 -0.764648
v -0.296435 0.362501 -0.803748
v -0.393635 0.489601 -0.668748
v -0.373535 0.343601 -0.783848
v -0.432835 0.361201 -0.730348
v -0.410035 0.419501 -0.694748
v -0.505135 0.342101 -0.697048
v -0.469735 0.418801 -0.651348
v -0.525335 0.417901 -0.602748
v -0.553935 0.359501 -0.633748
v -0.454935 0.471801 -0.631848
v -0.390235 0.522001 -0.663048
v -0.504835 0.488101 -0.580148
v -0.500535 0.520401 -0.575148
v -0.584435 0.314201 -0.666448
v -0.652135 0.302601 -0.617648
v -0.690135 0.274101 -0.651348
v -0.744535 0.272901 -0.583048
v -0.673935 0.244501 -0.761248
v -0.629735 0.275201 -0.714448
v -0.563935 0.276201 -0.771948
v -0.532435 0.304601 -0.732048
v -0.457135 0.316001 -0.768048
v -0.394335 0.306201 -0.823248
v -0.493235 0.277101 -0.823348
v -0.528435 0.246501 -0.877248
v -0.538635 0.230501 -0.892948
v -0.442135 0.254801 -0.912948
v -0.332535 0.287401 -0.889648
v -0.364635 0.248001 -0.965348
v -0.457335 0.231301 -0.941548
v -0.371935 0.232001 -0.982748
v -0.466435 0.200901 -0.959148
v -0.551235 0.174001 -0.912948
v -0.627335 0.199101 -0.852848
v -0.549735 0.165701 -0.910848
v -0.468035 0.187001 -0.962348
v -0.627135 0.163301 -0.853248
v -0.665835 0.171301 -0.824048
v -0.769335 0.182801 -0.722148
v -0.698035 0.204201 -0.787248
v -0.766735 0.196701 -0.719648
v -0.752235 0.227201 -0.706448
v -0.615535 0.141301 -0.839148
v -0.536935 0.137001 -0.891948
v -0.451935 0.118401 -0.933648
v -0.532435 0.117601 -0.885548
v -0.452335 0.106201 -0.934649
v -0.532935 0.105301 -0.886448
v -0.612335 0.096501 -0.835848
v -0.505435 0.086401 -0.932448
v -0.623535 0.085401 -0.850048
v -0.454535 0.099201 -0.938648
v -0.626535 0.061201 -0.854348
v -0.698335 0.080401 -0.789648
v -0.699835 0.071201 -0.791448
v -0.699735 0.064701 -0.791448
v -0.765835 0.075101 -0.721048
v -0.313735 0.317401 -0.845149
v -0.228535 0.344701 -0.845849
v -0.211035 0.421201 -0.790548
v -0.139835 0.421501 -0.810148
v -0.331235 0.587901 -0.701048
v -0.269235 0.607801 -0.736049
v -0.278435 0.679101 -0.756248
v -0.214535 0.722501 -0.796148
v -0.142435 0.722901 -0.816148
v -0.352035 0.721501 -0.737449
v -0.409135 0.771801 -0.687248
v -0.279435 0.773001 -0.756948
v -0.285435 0.738701 -0.771448
v -0.417435 0.737401 -0.700348
v -0.415535 0.752101 -0.697348
v -0.284035 0.753401 -0.768048
v -0.198335 0.813701 -0.744648
v -0.139435 0.773801 -0.802448
v -0.263435 0.816801 -0.718748
v -0.327135 0.812701 -0.689548
v -0.061335 0.821401 -0.773048
v 0.008165 0.814301 -0.782148
v 0.006365 0.774101 -0.822149
v -0.130135 0.832601 -0.760348
v -0.142035 0.754201 -0.814248
v -0.068735 0.747101 -0.829348
v 0.005765 0.723201 -0.836148
v -0.068735 0.723101 -0.829448
v 0.005865 0.754501 -0.834248
v -0.142835 0.739501 -0.817748
v 0.008265 0.836201 -0.779648
v -0.203035 0.864101 -0.758148
v -0.133035 0.859701 -0.772748
v -0.197935 0.840501 -0.743148
v -0.265935 0.852601 -0.723948
v -0.326635 0.839501 -0.688148
v -0.332135 0.858401 -0.698048
v -0.414335 0.832001 -0.630648
v -0.386635 0.815701 -0.652448
v -0.443335 0.814901 -0.611248
v -0.498335 0.843601 -0.567048
v -0.496035 0.814101 -0.565248
v -0.494735 0.827501 -0.563648
v -0.450635 0.857101 -0.619848
v -0.450635 0.869801 -0.638348
v -0.516135 0.870801 -0.588248
v -0.507935 0.862601 -0.576848
v -0.581335 0.862701 -0.498248
v -0.545935 0.840701 -0.515448
v -0.623835 0.835901 -0.409548
v -0.653935 0.863601 -0.401748
v -0.576135 0.871801 -0.531848
v -0.584035 0.880101 -0.538548
v -0.642835 0.892701 -0.477348
v -0.679635 0.877701 -0.401248
v -0.716535 0.876401 -0.326048
v -0.729735 0.905001 -0.331248
v -0.726835 0.894501 -0.330148
v -0.690735 0.943901 -0.406248
v -0.648435 0.919701 -0.480748
v -0.646835 0.941201 -0.479248
v -0.648235 0.931301 -0.480448
v -0.665135 0.960401 -0.431148
v -0.729435 0.938601 -0.330548
v -0.749635 0.957201 -0.247348
v -0.757735 0.941201 -0.250248
v -0.673035 0.983701 -0.325248
v -0.712335 0.981901 -0.220048
v -0.770735 0.955801 -0.165948
v -0.575835 0.982401 -0.246848
v -0.628535 0.981001 -0.169648
v -0.533635 1.042201 -0.208748
v -0.594035 1.039501 -0.082448
v -0.573235 1.040701 -0.140048
v -0.516635 1.100501 -0.136448
v -0.538235 1.099201 -0.079948
v -0.462835 1.160401 -0.150748
v -0.481135 1.043401 -0.267348
v -0.518435 0.983301 -0.299948
v -0.585935 0.962401 -0.541248
v -0.537235 0.933501 -0.609748
v -0.529335 0.963401 -0.600948
v -0.402435 0.935401 -0.714048
v -0.465435 0.964401 -0.655748
v -0.401035 0.965101 -0.700548
v -0.312235 0.966001 -0.749148
v -0.326435 0.950001 -0.752548
v -0.245335 0.966501 -0.777848
v -0.401635 0.911701 -0.713348
v -0.537335 0.922001 -0.610148
v -0.470635 0.905501 -0.663448
v -0.402535 0.923801 -0.714448
v -0.467135 0.891601 -0.659248
v -0.389235 0.875601 -0.693948
v -0.527135 0.882801 -0.600048
v -0.420035 0.872201 -0.665348
v -0.338335 0.870801 -0.709248
v -0.316135 0.875701 -0.732648
v -0.322935 0.889701 -0.746448
v -0.593735 0.903501 -0.546448
v -0.589435 0.889501 -0.542948
v -0.749935 0.881901 -0.248748
v -0.698235 0.864201 -0.318448
v -0.775535 0.887301 -0.168048
v -0.766535 0.873601 -0.166448
v -0.756335 0.865301 -0.164548
v -0.727435 0.860701 -0.227548
v -0.780635 0.902201 -0.168848
v -0.747435 0.860201 -0.148548
v -0.782235 0.914301 -0.168948
v -0.689235 0.836501 -0.275648
v -0.661635 0.837701 -0.340148
v -0.678735 0.861601 -0.348048
v -0.543335 0.816901 -0.513648
v -0.468735 0.771001 -0.643948
v -0.532235 0.750501 -0.604248
v 0.078565 0.853701 -0.786548
v 0.078265 0.817901 -0.780748
v 0.368165 0.099601 -1.013849
v 0.366165 0.119701 -1.007248
v 0.453965 0.114401 -0.974348
v 0.464465 0.086501 -0.999448
v 0.281265 0.089901 -1.056748
v 0.374865 0.084701 -1.034649
v 0.282165 0.082901 -1.061049
v 0.187365 0.082001 -1.078449
v 0.187465 0.065101 -1.078948
v 0.282465 0.076001 -1.062549
v 0.375465 0.069001 -1.036849
v 0.282265 0.064801 -1.061749
v 0.375465 0.077901 -1.036548
v 0.371365 0.036701 -1.024648
v 0.552665 0.067601 -0.961049
v 0.462365 0.042601 -0.995348
v 0.456865 0.026301 -0.982748
v 0.368465 0.026901 -1.015949
v 0.540365 0.024501 -0.938849
v 0.367365 0.025801 -1.012848
v 0.276665 0.026201 -1.037848
v 0.184065 0.026501 -1.054648
v 0.277165 0.026901 -1.039948
v 0.278465 0.030701 -1.045548
v 0.280565 0.043601 -1.054448
v 0.090565 0.029801 -1.069548
v 0.043265 0.026701 -1.064148
v 0.625565 0.028101 -0.897249
v 0.768165 0.021601 -0.773348
v 0.862565 0.019801 -0.668548
v 0.773765 0.026101 -0.779048
v 0.780165 0.038901 -0.785648
v 0.838865 0.024501 -0.710148
v 0.852865 0.063501 -0.721748
v 0.898465 0.023601 -0.636348
v 0.966165 0.060701 -0.565748
v 0.950165 0.021801 -0.556948
v 0.995665 0.020701 -0.473648
v 1.004065 0.033601 -0.477548
v 0.966165 0.017101 -0.511748
v 1.054465 0.013301 -0.294248
v 1.034265 0.020601 -0.386948
v 1.068465 0.025301 -0.297848
v 1.083265 0.032201 -0.252248
v 1.084765 0.017401 -0.204048
v 1.100265 0.051501 -0.206248
v 1.105365 0.029601 -0.110348
v 1.109665 0.025501 -0.014848
v 1.092265 0.008401 -0.015148
v 1.075465 0.011701 -0.202448
v 0.630765 0.041001 -0.904849
v 0.635065 0.062201 -0.910948
v 0.635265 0.076501 -0.911148
v 0.551065 0.085601 -0.957649
v -0.899635 0.095901 -0.467748
v -0.455035 0.066001 0.912052
v -0.286435 0.056001 1.000552
v -0.281335 0.065601 0.985052
v -0.279935 0.072701 0.980952
v 0.636865 0.138401 0.886752
v 0.554065 0.137401 0.936652
v 0.596165 0.152301 0.913152
v 0.734265 0.147401 0.815352
v 0.856165 0.151101 0.697752
v 0.787665 0.138401 0.766052
v 0.788565 0.160601 0.767252
v 0.714765 0.164601 0.829852
v 0.913365 0.173301 0.620152
v 0.915765 0.163201 0.621652
v 0.784865 0.131701 0.762952
v 0.554265 0.157701 0.937452
v 0.768465 0.103101 0.745252
v 1.083765 0.158501 0.274752
v 1.079965 0.179401 0.274052
v 1.043565 0.226501 0.264852
v 0.707465 0.751401 0.480552
v 0.672865 0.715701 0.547452
v 0.670365 0.730401 0.545552
v 0.683265 0.781301 0.463552
v 0.674565 0.796301 0.457452
v 0.629865 0.799001 0.511352
v 0.629465 0.808701 0.511152
v 0.674665 0.819501 0.457952
v 0.634965 0.828801 0.516352
v 0.758065 0.842201 0.343752
v 0.694365 0.847401 0.467652
v 0.748165 0.825801 0.338652
v 0.723865 0.852801 0.439352
v 0.643865 0.843401 0.524352
v 0.721765 0.862401 0.472152
v 0.673165 0.865901 0.540752
v 0.731465 0.883401 0.479252
v 0.617665 0.869501 0.604352
v 0.623865 0.900601 0.611352
v 0.734865 0.902901 0.482052
v 0.623665 0.912201 0.611452
v 0.551865 0.941401 0.658452
v 0.622465 0.922201 0.610352
v 0.680165 0.927301 0.547852
v 0.672465 0.943401 0.544052
v 0.751565 0.945301 0.433852
v 0.638365 0.969001 0.517452
v 0.759465 0.972301 0.328852
v 0.399665 0.975001 0.174052
v 0.558865 0.967601 0.596852
v 0.443065 0.940201 0.727552
v 0.485765 0.931701 0.711052
v 0.333765 0.930401 0.785652
v 0.335265 0.919001 0.789352
v 0.335865 0.909101 0.790852
v 0.394065 1.037101 0.226152
v 0.489065 1.038701 0.148352
v 0.508065 1.160701 0.201952
v 0.420265 1.098701 0.239252
v 0.490465 1.220101 0.232352
v 0.463665 1.278701 0.258152
v 0.822665 0.976101 0.113852
v 0.838065 0.948701 0.242752
v 0.865465 0.933901 0.170052
v 0.869965 0.951401 0.085452
v 0.847065 0.918501 0.253052
v 0.814665 0.931101 0.332152
v 0.777165 0.929701 0.408452
v 0.779365 0.898101 0.409052
v 0.811365 0.878601 0.329752
v 0.847265 0.906901 0.252852
v 0.880565 0.926401 0.086052
v 0.861965 0.881401 0.168452
v 0.881665 0.909801 0.085852
v 0.867065 0.896301 0.169752
v 0.832065 0.866401 0.247452
v 0.802965 0.865001 0.325952
v 0.817565 0.856301 0.242652
v 0.842765 0.859601 0.164052
v 0.885365 0.914101 0.000652
v 0.876865 0.887201 0.085052
v 0.879065 0.884401 0.000152
v 0.845465 0.866901 -0.165048
v 0.874765 0.885801 -0.084348
v 0.868565 0.920001 -0.168848
v 0.845765 0.903601 -0.251348
v 0.840765 0.888701 -0.250048
v 0.859965 0.883001 -0.167748
v 0.880765 0.909601 -0.084548
v 0.878365 0.938301 -0.083848
v 0.869965 0.954301 -0.082748
v 0.836065 0.957201 -0.247348
v 0.874265 0.952901 0.001352
v 0.814665 0.942601 -0.329948
v 0.816865 0.914001 -0.331348
v 0.802665 0.958801 -0.334948
v 0.777165 0.943901 -0.406248
v 0.751565 0.960401 -0.431148
v 0.733965 0.936201 -0.479848
v 0.680165 0.946401 -0.545648
v 0.734265 0.913701 -0.480348
v 0.780065 0.918401 -0.408348
v 0.623865 0.922001 -0.610148
v 0.623065 0.938501 -0.609048
v 0.558965 0.928701 -0.665548
v 0.552065 0.889001 -0.657248
v 0.619165 0.894901 -0.605648
v 0.681365 0.908801 -0.547448
v 0.605565 0.872801 -0.591848
v 0.729265 0.892701 -0.477348
v 0.612765 0.881101 -0.599248
v 0.721765 0.878901 -0.472348
v 0.656365 0.869701 -0.531148
v 0.713165 0.870601 -0.466448
v 0.597965 0.866901 -0.581748
v 0.637565 0.853001 -0.519848
v 0.586965 0.849901 -0.569248
v 0.536165 0.853901 -0.618648
v 0.473265 0.838901 -0.652248
v 0.482665 0.864201 -0.666048
v 0.474965 0.874601 -0.692848
v 0.472065 0.829001 -0.650648
v 0.528665 0.828301 -0.609648
v 0.412365 0.831401 -0.686848
v 0.412965 0.816301 -0.688348
v 0.349565 0.835101 -0.717648
v 0.418865 0.858901 -0.698548
v 0.400665 0.873301 -0.728848
v 0.482365 0.887701 -0.704548
v 0.412665 0.909401 -0.752748
v 0.487265 0.906401 -0.712048
v 0.488965 0.929601 -0.714248
v 0.335365 0.913001 -0.788248
v 0.778665 0.906401 -0.407748
v 0.811365 0.890101 -0.329448
v 0.579665 0.277101 -0.823348
v 0.750965 0.251901 -0.751348
v 0.834765 0.232801 -0.702948
v 0.824665 0.243301 -0.693948
v 0.871765 0.249501 -0.613048
v 0.934065 0.240701 -0.543448
v 1.007065 0.205101 -0.475948
v 0.842565 0.221701 -0.709948
v 0.913365 0.195401 -0.644248
v 0.915765 0.185301 -0.646148
v 1.012265 0.192501 -0.478648
v 0.969065 0.183901 -0.565348
v 1.015365 0.178501 -0.480448
v 0.968565 0.163601 -0.565448
v 1.047965 0.151801 -0.389848
v 1.053865 0.170101 -0.391648
v 1.050165 0.189101 -0.389948
v 0.969865 0.173201 -0.566048
v 0.913965 0.161001 -0.645248
v 0.856165 0.175901 -0.722548
v 0.854965 0.166301 -0.721748
v 0.898065 0.137801 -0.634048
v 0.995265 0.134901 -0.471448
v 1.032465 0.133401 -0.384348
v 1.021565 0.108701 -0.380648
v 1.061765 0.131801 -0.294148
v 1.083765 0.168501 -0.299548
v 1.070465 0.208201 -0.295148
v 1.036965 0.216001 -0.384548
v 1.114165 0.146301 0.083652
v 1.091665 0.071401 0.176252
v 0.370565 0.753401 -0.768048
v 0.170865 0.931601 -0.832048
v 0.170365 0.951301 -0.828648
v 0.253665 0.951001 -0.811548
v -0.391835 1.278901 -0.159148
v -0.395135 1.336701 -0.122648
v -0.344835 1.338701 -0.191948
v -0.287235 1.398701 -0.233048
v -0.329635 1.397501 -0.194948
v -0.365535 1.396301 -0.151048
v -0.384235 1.454001 -0.115848
v -0.339235 1.455601 -0.176248
v -0.271935 1.515701 -0.233548
v -0.253035 1.457701 -0.249748
v -0.329735 1.514401 -0.185448
v -0.279935 1.573901 -0.227848
v -0.363335 1.572201 -0.153848
v -0.011426 1.902236 -0.271702
v -0.030105 1.925164 -0.269428
v -0.009017 1.907032 -0.270712
v 0.023445 1.970431 -0.256953
v -0.570765 1.963279 -0.045587
v -0.536882 1.963401 -0.045234
v -0.753161 1.962120 -0.046922
v -0.779881 1.960449 -0.045423
v -0.694335 1.594301 0.043852
v -0.427735 1.802301 0.169752
v -0.435435 1.685201 0.115952
v -0.365435 1.683401 0.199652
v -0.307835 1.682501 0.244952
v -0.141435 0.971001 0.405152
v -0.178635 0.964801 0.757252
v -0.283835 0.965501 0.718052
v 0.392265 1.538601 0.275552
v -0.199935 0.826901 0.747552
v -1.031835 0.161801 0.084352
v -0.005135 0.139401 1.065352
v -0.005135 0.151601 1.065552
v -0.499935 0.531601 0.562252
v -0.549035 0.517001 0.511352
v -0.592635 0.533401 0.456152
v -0.603135 0.452701 0.462352
v -0.554035 0.469001 0.514852
v -0.622335 0.399101 0.475352
v -0.737135 0.475601 0.134652
vn 0.4702 -0.0912 0.8778
vn 0.4756 -0.0912 0.8749
vn 0.3948 -0.3275 0.8584
vn 0.5053 -0.3391 0.7935
vn 0.3940 -0.3280 0.8586
vn 0.4867 -0.3275 0.8099
vn 0.5937 -0.3206 0.7381
vn 0.5956 -0.3113 0.7405
vn 0.5690 -0.3378 0.7497
vn 0.5130 0.2024 0.8342
vn 0.3411 0.4833 0.8063
vn 0.5994 0.4859 0.6361
vn 0.5244 0.2923 0.7997
vn 0.5090 -0.1339 0.8503
vn 0.5627 0.2069 0.8003
vn 0.6580 0.2930 0.6936
vn 0.4940 0.6901 0.5290
vn 0.4101 0.6569 0.6327
vn 0.4132 0.6897 0.5946
vn 0.7020 0.4873 0.5193
vn 0.5492 0.4233 0.7205
vn 0.4939 0.6903 0.5287
vn 0.6581 0.2927 0.6937
vn 0.6081 0.4233 0.6716
vn 0.6417 0.0303 0.7664
vn 0.5437 -0.2881 0.7883
vn 0.5828 0.3639 0.7266
vn 0.6556 -0.2865 0.6986
vn 0.4460 -0.7714 0.4539
vn 0.5004 -0.5758 0.6466
vn 0.3368 -0.7884 0.5147
vn 0.5429 -0.2807 0.7915
vn 0.3841 -0.7411 0.5508
vn 0.2292 -0.7995 0.5553
vn 0.2518 -0.8221 0.5106
vn 0.4079 -0.3277 0.8522
vn 0.4379 -0.5553 0.7071
vn 0.5118 -0.4310 0.7432
vn 0.5596 -0.0329 0.8281
vn 0.5746 -0.1483 0.8049
vn 0.4356 -0.1659 0.8847
vn 0.4791 -0.0340 0.8771
vn 0.4059 -0.4038 0.8199
vn 0.2470 -0.4057 0.8800
vn 0.2913 -0.1461 0.9454
vn 0.4305 -0.1442 0.8910
vn 0.2550 -0.4367 0.8627
vn 0.2509 0.2136 0.9441
vn 0.1808 -0.2173 0.9592
vn 0.2171 -0.4370 0.8729
vn 0.0043 -0.6768 0.7362
vn 0.1299 -0.6802 0.7214
vn 0.1235 -0.2173 0.9683
vn 0.1109 -0.5187 0.8477
vn 0.0406 -0.5199 0.8532
vn -0.0118 -0.3239 0.9460
vn -0.0031 -0.1061 0.9943
vn 0.1015 -0.1056 0.9892
vn -0.1019 -0.4045 0.9089
vn -0.0841 -0.3236 0.9424
vn -0.0496 -0.7858 0.6165
vn -0.0419 -0.7965 0.6032
vn -0.0246 -0.7669 0.6413
vn -0.0237 -0.8934 0.4487
vn -0.0990 -0.8587 0.5028
vn -0.1535 -0.7838 0.6018
vn -0.1054 -0.8405 0.5315
vn -0.1040 -0.7965 0.5956
vn -0.0300 -0.7517 0.6588
vn -0.0434 -0.2544 0.9661
vn -0.0922 -0.5310 0.8424
vn -0.1105 -0.5040 0.8566
vn -0.1207 -0.1708 0.9779
vn -0.2360 -0.1697 0.9568
vn -0.1733 -0.5679 0.8047
vn -0.1310 -0.0963 0.9867
vn -0.2259 0.1658 0.9600
vn -0.1098 0.1924 0.9752
vn -0.2282 0.1920 0.9545
vn -0.1416 0.6384 0.7566
vn -0.1119 0.6680 0.7357
vn -0.1683 0.7089 0.6850
vn -0.1822 0.6818 0.7085
vn -0.1542 0.6289 0.7620
vn -0.1445 0.6287 0.7641
vn -0.2009 0.6921 0.6933
vn -0.1329 0.4132 0.9009
vn -0.2895 0.3617 0.8862
vn -0.2195 -0.0209 0.9754
vn -0.2665 -0.0207 0.9636
vn -0.3207 0.3988 0.8592
vn 0.1686 0.9668 0.1919
vn -0.3654 -0.0897 0.9265
vn -0.4094 0.0071 0.9123
vn -0.4030 0.3242 0.8559
vn -0.3492 0.6648 0.6603
vn 0.0072 1.0000 0.0038
vn -0.4068 0.3339 0.8503
vn -0.2419 0.6647 0.7068
vn -0.2537 0.6824 0.6855
vn -0.3431 0.1670 0.9243
vn -0.3295 0.0794 0.9408
vn -0.4447 0.0806 0.8920
vn -0.3443 0.5950 0.7262
vn -0.5311 -0.0242 0.8470
vn -0.4218 -0.0253 0.9063
vn -0.4042 0.7159 0.5693
vn -0.5623 -0.3044 0.7688
vn -0.5584 -0.3536 0.7504
vn -0.4042 0.7157 0.5696
vn -0.5665 0.4979 0.6567
vn -0.4863 0.6643 0.5677
vn -0.5590 0.2953 0.7748
vn -0.5737 0.2957 0.7638
vn -0.6274 0.1746 0.7589
vn -0.7074 0.1762 0.6845
vn -0.6434 0.4984 0.5811
vn -0.7369 -0.2218 0.6385
vn -0.7621 0.2108 0.6122
vn -0.5901 0.6034 0.5364
vn -0.6254 0.6034 0.4948
vn -0.7369 -0.2218 0.6386
vn -0.7270 -0.1310 0.6741
vn -0.6939 -0.4709 0.5448
vn -0.7825 -0.1608 0.6015
vn -0.6030 -0.4879 0.6312
vn -0.6456 -0.3342 0.6866
vn -0.6249 -0.2915 0.7243
vn -0.6998 -0.3249 0.6362
vn -0.7664 -0.2900 0.5732
vn -0.8268 -0.3516 0.4390
vn -0.8268 -0.3519 0.4387
vn -0.7837 -0.3529 0.5112
vn -0.8365 -0.3204 0.4445
vn -0.8031 -0.3215 0.5017
vn -0.7616 -0.2465 0.5993
vn -0.8413 -0.3433 0.4175
vn -0.8771 -0.3412 0.3382
vn -0.8841 -0.3274 0.3334
vn -0.8795 -0.3489 0.3238
vn -0.9054 -0.3670 0.2135
vn -0.9398 -0.2972 0.1684
vn -0.9682 -0.1214 0.2189
vn -0.9338 -0.1231 0.3359
vn -0.9442 -0.2829 0.1688
vn -0.9254 -0.1581 0.3443
vn -0.8777 0.3946 0.2718
vn -0.9110 0.0391 0.4105
vn -0.8046 0.5001 0.3202
vn -0.7977 0.5183 0.3083
vn -0.6470 0.7054 0.2894
vn -0.6971 0.6629 0.2731
vn -0.7590 0.4992 0.4180
vn -0.6193 0.7045 0.3466
vn -0.7437 0.5822 0.3285
vn -0.7058 0.5803 0.4063
vn -0.6423 0.6861 0.3416
vn -0.8206 0.3545 0.4482
vn -0.6134 0.6859 0.3915
vn -0.7779 0.3532 0.5198
vn -0.7235 0.4808 0.4953
vn -0.7742 0.1737 0.6086
vn -0.5642 0.6658 0.4882
vn -0.6162 0.6677 0.4176
vn -0.8086 0.2388 0.5377
vn -0.5500 0.4855 0.6795
vn -0.8129 0.4900 0.3149
vn -0.8005 -0.0971 0.5915
vn -0.7042 0.1723 0.6888
vn -0.7147 -0.4939 0.4953
vn -0.7503 -0.1232 0.6495
vn -0.7315 -0.1938 0.6537
vn -0.6425 -0.5973 0.4801
vn -0.6826 -0.4307 0.5904
vn -0.5553 -0.5857 0.5904
vn -0.3563 -0.9018 0.2443
vn -0.5097 -0.7823 0.3581
vn -0.3766 -0.8941 0.2422
vn -0.3867 -0.8882 0.2482
vn -0.7672 -0.4089 0.4942
vn -0.7749 -0.3368 0.5348
vn -0.7053 -0.2409 0.6667
vn -0.4712 -0.7906 0.3910
vn -0.6317 -0.5630 0.5329
vn -0.7166 -0.4097 0.5645
vn -0.6911 -0.4463 0.5685
vn -0.6458 -0.6748 0.3572
vn -0.8684 -0.3335 0.3670
vn -0.8743 0.2196 0.4329
vn -0.6679 -0.6737 0.3163
vn -0.6303 -0.7294 0.2659
vn -0.8456 -0.4551 0.2791
vn -0.6272 -0.7724 0.0996
vn -0.4979 -0.8603 0.1095
vn -0.5503 -0.8055 0.2199
vn -0.5155 -0.8366 0.1853
vn -0.5287 -0.8222 0.2109
vn -0.8787 -0.4505 0.1577
vn -0.6407 -0.7584 0.1197
vn -0.7711 -0.5994 0.2148
vn -0.8267 -0.5279 0.1945
vn -0.8472 -0.4824 0.2223
vn -0.9447 0.0851 0.3168
vn -0.9321 -0.0780 0.3537
vn -0.7342 -0.5648 0.3768
vn -0.7982 -0.4854 0.3567
vn -0.9426 0.1288 0.3080
vn -0.9114 0.1273 0.3913
vn -0.7423 0.5849 0.3270
vn -0.7356 0.5841 0.3431
vn -0.7016 0.6710 0.2396
vn -0.6816 0.7217 0.1207
vn -0.9812 -0.0060 0.1928
vn -0.9786 -0.1195 0.1676
vn -0.7258 0.6717 0.1485
vn -0.7081 0.6964 0.1170
vn -0.7329 0.6648 0.1445
vn -0.7154 0.6979 0.0347
vn -0.8605 0.5066 -0.0529
vn -0.9204 0.3903 0.0220
vn -0.6831 0.7279 0.0592
vn -0.8470 0.5062 0.1625
vn -0.9963 -0.0040 0.0860
vn -0.7295 0.6749 0.1113
vn -0.9908 -0.0048 0.1350
vn -0.9756 0.2180 0.0252
vn -0.9259 0.2128 0.3121
vn -0.7345 0.6783 -0.0216
vn -0.7949 0.6055 -0.0393
vn -0.7030 0.7105 0.0311
vn -0.6811 0.7286 -0.0720
vn -0.6864 0.7267 -0.0265
vn -0.7287 0.6794 -0.0859
vn -0.8653 0.4805 -0.1429
vn -0.9194 0.3733 -0.1242
vn -0.9290 0.3697 0.0158
vn -0.9204 0.3902 0.0256
vn -0.9882 -0.1321 -0.0782
vn -0.9894 -0.0216 -0.1434
vn -0.9785 -0.0896 -0.1859
vn -0.9442 -0.3218 -0.0698
vn -0.9508 -0.3036 -0.0619
vn -0.9326 -0.3454 -0.1047
vn -0.9298 -0.3144 -0.1914
vn -0.8859 -0.2611 -0.3835
vn -0.8913 -0.3464 -0.2927
vn -0.9660 0.1178 -0.2300
vn -0.9523 0.1187 -0.2813
vn -0.9041 -0.3051 -0.2992
vn -0.9249 -0.1792 -0.3352
vn -0.9347 -0.3065 -0.1798
vn -0.9484 -0.0691 -0.3094
vn -0.9721 -0.0707 -0.2235
vn -0.9484 -0.0692 -0.3094
vn -0.9454 -0.2402 -0.2203
vn -0.8884 0.1951 -0.4155
vn -0.9252 -0.0680 -0.3733
vn -0.9447 0.1925 -0.2653
vn -0.9423 0.1407 -0.3036
vn -0.9658 0.1392 -0.2187
vn -0.9222 0.3277 -0.2053
vn -0.9000 0.3290 -0.2861
vn -0.9221 0.3280 -0.2051
vn -0.9049 0.3755 -0.2005
vn -0.9409 0.3255 -0.0930
vn -0.8813 0.4650 -0.0843
vn -0.8758 0.4823 0.0214
vn -0.9056 0.4200 -0.0597
vn -0.9694 0.2405 0.0480
vn -0.9449 0.3253 -0.0370
vn -0.9456 0.3247 0.0197
vn -0.9615 0.2445 -0.1254
vn -0.9896 0.1377 -0.0422
vn -0.9817 0.1393 -0.1294
vn -0.9818 0.1387 -0.1299
vn -0.9658 0.1402 -0.2180
vn -0.9722 -0.0713 -0.2231
vn -0.9882 -0.0729 -0.1348
vn -0.9882 -0.0741 -0.1340
vn -0.9767 -0.1667 -0.1348
vn -0.9683 -0.2453 -0.0483
vn -0.9961 -0.0755 -0.0464
vn -0.9849 -0.1682 0.0416
vn -0.9961 -0.0754 -0.0465
vn -0.9961 -0.0769 0.0437
vn -0.9875 -0.1241 0.0976
vn -0.9894 -0.1237 0.0754
vn -0.9882 -0.0774 0.1324
vn -0.9603 -0.2491 0.1257
vn -0.9847 -0.1696 0.0410
vn -0.9474 -0.3097 0.0802
vn -0.9211 -0.3878 0.0344
vn -0.8993 -0.3896 0.1987
vn -0.9608 -0.1731 0.2164
vn -0.9609 -0.1724 0.2167
vn -0.9218 -0.2519 0.2946
vn -0.9736 -0.0546 0.2217
vn -0.9485 -0.0804 0.3063
vn -0.9445 -0.0563 0.3235
vn -0.9119 0.0718 0.4041
vn -0.9375 0.2314 0.2601
vn -0.9253 -0.0816 0.3703
vn -0.9098 0.2301 0.3454
vn -0.9182 -0.0579 0.3918
vn -0.8712 -0.0595 0.4873
vn -0.8766 0.2297 0.4228
vn -0.7804 0.4271 0.4567
vn -0.8283 0.4866 0.2777
vn -0.8562 0.3990 0.3283
vn -0.8485 0.1286 0.5134
vn -0.8206 0.3785 0.4283
vn -0.8910 0.4022 0.2105
vn -0.8180 0.5407 0.1964
vn -0.8284 0.4865 0.2777
vn -0.7528 0.6323 0.1828
vn -0.7311 0.6733 0.1106
vn -0.8634 0.4887 0.1253
vn -0.7017 0.6709 0.2397
vn -0.7404 0.6070 0.2886
vn -0.5865 0.7755 0.2338
vn -0.6271 0.7662 0.1403
vn -0.6401 0.7516 0.1594
vn -0.6035 0.7647 0.2258
vn -0.4417 0.8886 0.1236
vn -0.4839 0.8393 0.2477
vn -0.6200 0.7202 0.3111
vn -0.4289 0.8620 0.2701
vn -0.5564 0.7198 0.4150
vn -0.5583 0.7131 0.4241
vn -0.6270 0.7151 0.3089
vn -0.4148 0.8614 0.2933
vn -0.4020 0.8993 0.1720
vn -0.4348 0.8482 0.3026
vn -0.3850 0.8928 0.2337
vn -0.3692 0.8922 0.2600
vn -0.5367 0.7964 0.2788
vn -0.7113 0.5727 0.4074
vn -0.4689 0.8086 0.3554
vn -0.3772 0.8795 0.2900
vn -0.6853 0.5720 0.4508
vn -0.6810 0.5856 0.4396
vn -0.5532 0.7966 0.2437
vn -0.7566 0.5889 0.2842
vn -0.4458 0.8778 0.1753
vn -0.4714 0.8710 0.1382
vn -0.5791 0.7984 0.1650
vn -0.7131 0.6397 0.2868
vn -0.7955 0.5918 0.1300
vn -0.8377 0.5239 0.1544
vn -0.7522 0.5904 0.2926
vn -0.9031 0.3759 0.2074
vn -0.8164 0.5610 0.1370
vn -0.8666 0.3727 0.3318
vn -0.9421 0.0307 0.3339
vn -0.9711 0.0325 0.2364
vn -0.9284 0.1236 0.3503
vn -0.8652 0.3768 0.3309
vn -0.9345 0.0772 0.3474
vn -0.8834 -0.2844 0.3725
vn -0.8454 -0.2859 0.4511
vn -0.8765 0.1223 0.4656
vn -0.8779 0.0906 0.4702
vn -0.8279 -0.3347 0.4501
vn -0.8255 0.0894 0.5572
vn -0.8249 0.1399 0.5476
vn -0.7916 -0.3249 0.5175
vn -0.7896 -0.3359 0.5135
vn -0.6730 -0.6548 0.3440
vn -0.6355 -0.6560 0.4072
vn -0.6412 -0.6439 0.4174
vn -0.7057 -0.4398 0.5555
vn -0.6200 -0.6175 0.4840
vn -0.5940 -0.6444 0.4816
vn -0.7149 -0.3984 0.5746
vn -0.7695 -0.3973 0.5001
vn -0.5684 -0.6429 0.5134
vn -0.7041 -0.0662 0.7070
vn -0.7747 -0.0723 0.6282
vn -0.7037 -0.0731 0.7067
vn -0.5733 -0.6186 0.5373
vn -0.7520 -0.3261 0.5728
vn -0.6101 -0.0994 0.7860
vn -0.6062 -0.4004 0.6871
vn -0.4101 -0.7456 0.5253
vn -0.6542 0.2686 0.7070
vn -0.5842 0.0202 0.8114
vn -0.6908 0.0215 0.7227
vn -0.4856 0.5483 0.6809
vn -0.5385 0.5492 0.6390
vn -0.5381 0.5447 0.6433
vn -0.5614 0.2818 0.7780
vn -0.5874 -0.0085 0.8092
vn -0.6798 0.1681 0.7139
vn -0.4859 0.5819 0.6521
vn -0.6831 0.2261 0.6945
vn -0.6015 0.5851 0.5440
vn -0.4007 0.8075 0.4329
vn -0.5934 0.6186 0.5149
vn -0.5858 0.6185 0.5238
vn -0.7267 0.3698 0.5790
vn -0.7577 0.2281 0.6115
vn -0.7073 0.5857 0.3958
vn -0.5924 0.5835 0.5555
vn -0.7758 0.3711 0.5104
vn -0.3678 0.5423 0.7554
vn -0.3251 0.7918 0.5171
vn -0.3352 0.7919 0.5104
vn -0.2361 0.8762 0.4201
vn -0.2619 0.8975 0.3548
vn -0.2672 0.8973 0.3512
vn -0.2713 0.7151 0.6442
vn -0.2689 0.7099 0.6510
vn -0.2530 0.8454 0.4704
vn -0.3823 0.7112 0.5900
vn -0.2458 0.8315 0.4982
vn -0.1796 0.8748 0.4499
vn -0.1994 0.8927 0.4042
vn -0.1804 0.8310 0.5262
vn -0.1864 0.8572 0.4801
vn -0.1479 0.8924 0.4262
vn -0.2300 0.7904 0.5678
vn -0.1460 0.8891 0.4337
vn -0.2412 0.7905 0.5630
vn -0.2287 0.5425 0.8083
vn -0.4170 0.5477 0.7254
vn -0.4160 0.5438 0.7289
vn -0.3919 0.0609 0.9180
vn -0.4193 -0.0790 0.9044
vn -0.5123 -0.0782 0.8552
vn -0.3690 0.5473 0.7512
vn -0.3776 0.0036 0.9260
vn -0.4903 0.2812 0.8249
vn -0.3812 0.2283 0.8958
vn -0.2208 0.0796 0.9721
vn -0.2208 0.0644 0.9732
vn -0.2917 -0.3444 0.8923
vn -0.2456 0.2279 0.9422
vn -0.0964 0.5669 0.8182
vn -0.2325 0.5411 0.8082
vn -0.0811 0.5382 0.8389
vn -0.1403 0.8604 0.4899
vn -0.0799 0.8602 0.5037
vn -0.2507 0.6137 0.7487
vn -0.0968 0.8315 0.5471
vn -0.0769 0.8093 0.5824
vn -0.0577 0.8952 0.4419
vn -0.1547 0.8314 0.5337
vn -0.1222 0.8890 0.4414
vn -0.1230 0.8568 0.5007
vn -0.0019 0.8860 0.4638
vn -0.2589 0.7090 0.6559
vn -0.0000 0.8604 0.5096
vn 0.0345 0.8028 0.5952
vn -0.0846 0.8030 0.5899
vn 0.0087 0.8602 0.5099
vn 0.0530 0.8957 0.4416
vn 0.0319 0.8861 0.4623
vn 0.0126 0.8435 0.5370
vn 0.0516 0.8014 0.5959
vn 0.0330 0.8016 0.5969
vn 0.0931 0.8449 0.5268
vn 0.1287 0.6804 0.7214
vn 0.0643 0.6803 0.7301
vn 0.0640 0.6800 0.7304
vn -0.0000 0.5611 0.8278
vn -0.0345 0.5304 0.8470
vn 0.0729 0.5611 0.8245
vn -0.0120 0.6796 0.7335
vn 0.0111 0.6486 0.7611
vn -0.0779 0.6486 0.7571
vn -0.0404 0.5304 0.8468
vn -0.1609 0.7153 0.6801
vn -0.1239 0.5618 0.8180
vn -0.0732 0.5614 0.8243
vn -0.0521 0.6800 0.7314
vn -0.1287 0.6806 0.7213
vn -0.1652 0.3705 0.9140
vn -0.0658 0.3700 0.9267
vn -0.0817 0.3893 0.9175
vn -0.1446 0.5769 0.8039
vn -0.2423 0.3904 0.8882
vn -0.1859 0.3904 0.9017
vn -0.2167 0.5612 0.7988
vn -0.2312 0.5768 0.7835
vn -0.2767 0.7151 0.6419
vn -0.2654 0.5618 0.7835
vn -0.1491 0.7091 0.6892
vn -0.2731 0.7100 0.6491
vn -0.2289 0.3718 0.8996
vn -0.3249 0.3727 0.8692
vn -0.2844 0.5781 0.7648
vn -0.3410 0.3903 0.8552
vn -0.3963 0.3905 0.8309
vn -0.3666 0.5782 0.7289
vn -0.3546 0.5618 0.7474
vn -0.4721 0.3728 0.7988
vn -0.3851 0.3716 0.8448
vn -0.4132 0.5780 0.7037
vn -0.3987 0.5625 0.7243
vn -0.3785 0.7105 0.5932
vn -0.4894 0.5784 0.6526
vn -0.3842 0.7153 0.5838
vn -0.3796 0.7153 0.5868
vn -0.3112 0.8595 0.4054
vn -0.4793 0.7121 0.5130
vn -0.3401 0.8593 0.3819
vn -0.3538 0.8285 0.4341
vn -0.3828 0.8532 0.3543
vn -0.4758 0.7170 0.5094
vn -0.4801 0.7171 0.5053
vn -0.4759 0.7120 0.5163
vn -0.5960 0.5804 0.5548
vn -0.5174 0.5792 0.6300
vn -0.6066 0.3752 0.7009
vn -0.6175 0.3946 0.6804
vn -0.6610 0.3951 0.6380
vn -0.5918 0.5653 0.5747
vn -0.5383 0.5639 0.6263
vn -0.5282 0.3739 0.7624
vn -0.4816 0.5632 0.6715
vn -0.5374 0.3942 0.7455
vn -0.6217 0.1224 0.7736
vn -0.4820 0.1435 0.8643
vn -0.6029 0.1450 0.7845
vn -0.4657 0.1214 0.8766
vn -0.4880 0.3939 0.7789
vn -0.5375 -0.1375 0.8320
vn -0.5379 -0.1382 0.8316
vn -0.4007 -0.1395 0.9055
vn -0.4546 0.1428 0.8792
vn -0.4737 0.1215 0.8723
vn -0.5046 -0.2389 0.8296
vn -0.3697 -0.0929 0.9245
vn -0.3822 -0.3536 0.8537
vn -0.4341 -0.3579 0.8267
vn -0.3304 -0.3591 0.8728
vn -0.3357 -0.3147 0.8878
vn -0.4436 -0.3237 0.8357
vn -0.4542 -0.3934 0.7993
vn -0.5142 -0.0385 0.8568
vn -0.5581 -0.3235 0.7641
vn -0.5868 -0.0378 0.8088
vn -0.4202 0.4144 0.8073
vn -0.5953 0.4149 0.6881
vn -0.3175 -0.3329 0.8879
vn -0.2752 -0.3332 0.9018
vn -0.2395 -0.3887 0.8897
vn -0.2055 -0.3143 0.9268
vn -0.1590 -0.3388 0.9273
vn -0.1067 -0.3390 0.9347
vn -0.0405 -0.0924 0.9949
vn -0.1314 -0.1856 0.9738
vn -0.1880 -0.1852 0.9646
vn -0.2492 -0.0695 0.9659
vn -0.2765 -0.0417 0.9601
vn -0.2539 -0.0909 0.9629
vn -0.1424 0.0137 0.9897
vn -0.1800 -0.0420 0.9828
vn -0.2812 0.2197 0.9342
vn -0.2403 0.1184 0.9635
vn -0.1750 0.2196 0.9598
vn -0.0892 0.0134 0.9959
vn -0.1216 0.1685 0.9782
vn -0.1403 0.1686 0.9757
vn -0.3196 0.1417 0.9369
vn -0.3711 -0.0900 0.9242
vn -0.3007 0.1190 0.9463
vn -0.1236 0.1715 0.9774
vn 0.0357 0.1713 0.9846
vn -0.0178 0.0938 0.9954
vn 0.0231 -0.0922 0.9955
vn 0.1106 -0.1855 0.9764
vn 0.0659 -0.0926 0.9935
vn 0.1117 0.1192 0.9866
vn -0.0228 -0.1856 0.9824
vn 0.0892 0.0940 0.9916
vn 0.1292 0.1193 0.9844
vn 0.1779 0.3501 0.9196
vn 0.0832 0.3501 0.9330
vn 0.1529 0.3895 0.9082
vn 0.1823 0.5313 0.8274
vn 0.1832 0.5323 0.8265
vn 0.0420 0.5320 0.8457
vn 0.0992 0.3701 0.9237
vn 0.2167 0.5612 0.7988
vn 0.2424 0.3900 0.8884
vn 0.1897 0.5313 0.8257
vn 0.2654 0.5618 0.7835
vn 0.2055 0.6220 0.7556
vn 0.1493 0.7091 0.6892
vn 0.2768 0.7156 0.6413
vn 0.2728 0.7100 0.6492
vn 0.2844 0.5781 0.7648
vn 0.2715 0.7156 0.6436
vn 0.2688 0.7097 0.6513
vn 0.3662 0.5782 0.7291
vn 0.3822 0.7108 0.5904
vn 0.3845 0.7160 0.5827
vn 0.3991 0.5630 0.7237
vn 0.3545 0.5622 0.7472
vn 0.3114 0.8593 0.4058
vn 0.3794 0.7159 0.5861
vn 0.3058 0.8462 0.4363
vn 0.2530 0.8452 0.4708
vn 0.2652 0.8900 0.3710
vn 0.2603 0.8900 0.3743
vn 0.3400 0.8489 0.4047
vn 0.4111 0.7423 0.5291
vn 0.4295 0.6371 0.6401
vn 0.4265 0.5818 0.6925
vn 0.2909 0.8777 0.3808
vn 0.3477 0.6877 0.6373
vn 0.2440 0.8780 0.4117
vn 0.3063 0.7499 0.5864
vn 0.1852 0.8878 0.4213
vn 0.3186 0.7382 0.5946
vn 0.1765 0.8767 0.4476
vn 0.2461 0.8313 0.4984
vn 0.1803 0.8308 0.5265
vn 0.1864 0.8572 0.4801
vn 0.1538 0.8874 0.4346
vn 0.1621 0.8963 0.4128
vn 0.2071 0.8942 0.3969
vn 0.1541 0.8575 0.4909
vn 0.2003 0.7372 0.6453
vn 0.2029 0.7503 0.6292
vn 0.1269 0.8671 0.4817
vn 0.2048 0.7389 0.6419
vn 0.0836 0.7383 0.6693
vn 0.0882 0.8953 0.4366
vn 0.0500 0.8655 0.4985
vn 0.0892 0.7515 0.6537
vn 0.0887 0.7399 0.6668
vn 0.1569 0.2656 0.9512
vn 0.2459 0.5942 0.7658
vn 0.2241 0.4368 0.8712
vn 0.1839 0.4367 0.8806
vn 0.1090 0.5703 0.8142
vn -0.0647 0.1111 0.9917
vn 0.1586 0.1146 0.9807
vn 0.1032 -0.5521 0.8274
vn 0.1494 -0.5159 0.8435
vn 0.1756 -0.0163 0.9843
vn 0.0352 0.2762 0.9605
vn 0.2706 -0.0159 0.9626
vn 0.2842 -0.1094 0.9525
vn 0.1799 -0.6291 0.7562
vn 0.3097 0.4567 0.8339
vn 0.3813 -0.1081 0.9181
vn 0.2677 -0.6597 0.7022
vn 0.1777 -0.6593 0.7306
vn 0.2654 -0.6352 0.7253
vn 0.3364 -0.4444 0.8303
vn 0.2405 -0.4455 0.8624
vn 0.2362 -0.4227 0.8750
vn 0.0970 -0.6027 0.7921
vn 0.2038 -0.1550 0.9667
vn 0.1610 0.1669 0.9728
vn 0.2621 0.1673 0.9504
vn 0.1545 0.5620 0.8126
vn 0.0733 0.5624 0.8236
vn 0.0834 0.5063 0.8583
vn 0.0721 -0.2102 0.9750
vn 0.0884 -0.1559 0.9838
vn 0.0211 0.1896 0.9816
vn -0.0189 -0.2095 0.9776
vn -0.0129 0.5060 0.8624
vn -0.0416 0.8401 0.5408
vn 0.0041 0.8399 0.5427
vn -0.0914 0.1900 0.9775
vn -0.0901 0.9690 0.2300
vn -0.0650 0.6369 0.7682
vn -0.1113 0.8072 0.5797
vn -0.0879 0.1695 0.9816
vn -0.1382 0.1697 0.9758
vn -0.1473 0.1376 0.9795
vn -0.0852 -0.3306 0.9399
vn -0.1697 -0.3303 0.9285
vn -0.1255 -0.6502 0.7493
vn -0.1673 -0.6489 0.7423
vn -0.1615 -0.3861 0.9082
vn -0.2601 -0.5844 0.7686
vn -0.1447 -0.7153 0.6837
vn -0.2421 -0.5656 0.7883
vn -0.2715 -0.5162 0.8123
vn -0.2410 -0.6383 0.7311
vn -0.2749 -0.5834 0.7643
vn -0.3517 -0.5833 0.7322
vn -0.3491 -0.6381 0.6862
vn -0.3739 -0.6580 0.6537
vn -0.4338 -0.1916 0.8804
vn -0.3566 -0.1920 0.9143
vn -0.4499 -0.0842 0.8891
vn -0.3857 -0.6451 0.6596
vn -0.4695 -0.2385 0.8501
vn -0.5415 -0.4010 0.7389
vn -0.4542 -0.6447 0.6148
vn -0.4543 -0.6447 0.6149
vn -0.6031 -0.2369 0.7617
vn -0.3129 0.8741 0.3715
vn -0.4837 0.5648 0.6686
vn -0.5596 -0.5369 0.6314
vn -0.4698 0.5650 0.6783
vn -0.3197 0.8689 0.3779
vn -0.5190 -0.6139 0.5948
vn -0.3653 0.8347 0.4122
vn -0.4353 0.7859 0.4392
vn -0.7191 0.0047 0.6949
vn -0.8054 0.0065 0.5927
vn -0.4887 0.7939 0.3618
vn -0.4955 0.7862 0.3693
vn -0.7595 0.3302 0.5604
vn -0.3742 0.8631 0.3392
vn -0.7792 0.3485 0.5210
vn -0.5291 0.7956 0.2952
vn -0.3805 0.9018 0.2051
vn -0.5898 0.7496 0.3004
vn -0.8484 0.3496 0.3975
vn -0.8721 0.0475 0.4870
vn -0.9021 0.2213 0.3706
vn -0.9136 0.0487 0.4038
vn -0.8543 -0.3979 0.3344
vn -0.8681 -0.3973 0.2975
vn -0.8657 -0.3528 0.3550
vn -0.9298 -0.2467 0.2732
vn -0.9239 0.2222 0.3115
vn -0.8808 0.3444 0.3250
vn -0.9460 -0.2454 0.2119
vn -0.9127 0.3475 0.2150
vn -0.9500 0.0037 0.3122
vn -0.9910 0.0081 0.1339
vn -0.9303 0.3531 0.0993
vn -0.9111 0.3522 0.2142
vn -0.5490 0.8320 0.0795
vn -0.6068 0.7916 0.0718
vn -0.9079 0.4104 0.0856
vn -0.5386 0.8312 0.1379
vn -0.5875 0.7983 0.1326
vn -0.8531 0.4777 0.2097
vn -0.8739 0.4788 0.0833
vn -0.8438 -0.5352 0.0398
vn -0.9898 0.0180 0.1414
vn -0.9939 0.0594 0.0924
vn -0.9748 0.0169 0.2223
vn -0.9669 0.1452 0.2100
vn -0.9437 0.1444 0.2975
vn -0.8799 -0.3742 0.2928
vn -0.9072 -0.3726 0.1954
vn -0.9155 0.0756 0.3951
vn -0.9096 0.1104 0.4005
vn -0.8341 -0.4360 0.3379
vn -0.9472 0.0771 0.3113
vn -0.8587 -0.4346 0.2716
vn -0.7447 -0.6295 0.2216
vn -0.7546 -0.6126 0.2349
vn -0.7173 -0.6311 0.2954
vn -0.8474 -0.3944 0.3555
vn -0.6800 -0.6414 0.3554
vn -0.7122 -0.6401 0.2883
vn -0.8138 -0.3958 0.4255
vn -0.8189 -0.3747 0.4347
vn -0.8735 0.1261 0.4702
vn -0.8742 0.1090 0.4732
vn -0.8278 0.1246 0.5470
vn -0.7739 -0.3760 0.5096
vn -0.5316 0.8109 0.2445
vn -0.5510 0.8119 0.1931
vn -0.8097 -0.5462 0.2145
vn -0.7718 -0.6117 0.1737
vn -0.9805 -0.1214 0.1545
vn -0.8691 -0.4834 0.1049
vn -0.9721 -0.1222 0.2004
vn -0.8315 -0.5455 0.1051
vn -0.8329 -0.5530 -0.0203
vn -0.7221 -0.6916 0.0157
vn -0.8754 -0.4822 0.0353
vn -0.8249 -0.5568 0.0969
vn -0.8758 -0.4759 -0.0809
vn -0.8770 -0.4792 0.0350
vn -0.8259 -0.5599 -0.0660
vn -0.8385 -0.5414 -0.0616
vn -0.7359 -0.6678 -0.1123
vn -0.8561 -0.4947 -0.1494
vn -0.8728 -0.4790 -0.0935
vn -0.8344 -0.5407 -0.1073
vn -0.8203 -0.5586 -0.1228
vn -0.9893 0.1339 -0.0585
vn -0.9991 -0.0242 -0.0356
vn -0.9798 0.1354 -0.1469
vn -0.8255 0.5570 -0.0910
vn -0.8390 0.5342 -0.1037
vn -0.7597 0.6499 0.0227
vn -0.9941 -0.0601 -0.0902
vn -0.9262 0.3769 0.0094
vn -0.9439 0.3027 -0.1318
vn -0.8447 0.5334 -0.0443
vn -0.9950 -0.0000 0.0997
vn -0.8017 0.5977 -0.0048
vn -0.7559 0.6297 -0.1791
vn -0.7947 0.5570 -0.2411
vn -0.9320 0.3038 -0.1978
vn -0.8751 0.3798 -0.3000
vn -0.7508 0.6301 -0.1982
vn -0.9562 0.1888 -0.2237
vn -0.9372 0.1900 -0.2925
vn -0.9465 -0.0539 -0.3181
vn -0.9145 -0.0526 -0.4011
vn -0.8378 0.3805 -0.3915
vn -0.8914 0.1533 -0.4265
vn -0.7796 0.3655 -0.5085
vn -0.7748 0.3917 -0.4963
vn -0.8257 -0.0135 -0.5640
vn -0.4999 -0.0240 0.8657
vn -0.7748 0.4830 -0.4079
vn -0.8842 -0.0151 -0.4668
vn -0.8268 0.4052 -0.3901
vn -0.4540 0.8611 -0.2287
vn -0.5673 0.7564 -0.3257
vn -0.6243 0.7536 -0.2057
vn -0.4009 0.8884 -0.2239
vn -0.3903 0.8999 -0.1946
vn -0.4035 0.8996 -0.1672
vn -0.6325 0.7435 -0.2172
vn -0.3945 0.9061 -0.1527
vn -0.4146 0.9047 -0.0984
vn -0.6276 0.7437 -0.2303
vn -0.3999 0.9112 -0.0992
vn -0.4916 0.8675 -0.0763
vn -0.4837 0.8674 -0.1172
vn -0.4822 0.8681 -0.1178
vn -0.4642 0.8834 -0.0647
vn -0.4971 0.8581 -0.1292
vn -0.6174 0.7581 -0.2099
vn -0.6041 0.7584 -0.2447
vn -0.5920 0.7589 -0.2712
vn -0.6376 0.6955 -0.3311
vn -0.4263 0.8846 -0.1891
vn -0.4588 0.8699 -0.1808
vn -0.4292 0.8702 -0.2420
vn -0.5777 0.7011 -0.4180
vn -0.5736 0.7607 -0.3040
vn -0.4408 0.8696 -0.2223
vn -0.6422 0.5980 -0.4795
vn -0.5488 0.7007 -0.4559
vn -0.6399 0.5843 -0.4992
vn -0.6825 0.5832 -0.4405
vn -0.6637 0.5983 -0.4489
vn -0.8046 0.4135 -0.4262
vn -0.7744 0.4145 -0.4779
vn -0.7694 0.3959 -0.5013
vn -0.7675 0.4970 -0.4049
vn -0.7117 0.6397 -0.2902
vn -0.7104 0.5974 -0.3720
vn -0.7721 0.5487 -0.3206
vn -0.7096 0.6413 -0.2919
vn -0.7013 0.6793 -0.2162
vn -0.8290 0.4947 -0.2609
vn -0.8403 0.4122 -0.3521
vn -0.8692 0.4108 -0.2753
vn -0.8289 0.4949 -0.2608
vn -0.8800 0.4453 -0.1656
vn -0.8622 0.4475 -0.2373
vn -0.8135 0.5618 -0.1505
vn -0.6256 0.7445 -0.2329
vn -0.8100 0.5731 -0.1243
vn -0.8391 0.5282 -0.1300
vn -0.6912 0.7142 -0.1100
vn -0.6660 0.7422 0.0755
vn -0.7243 0.6865 -0.0647
vn -0.7604 0.6495 0.0001
vn -0.6790 0.7309 -0.0689
vn -0.6201 0.7828 -0.0521
vn -0.6464 0.7630 0.0017
vn -0.4406 0.8977 -0.0068
vn -0.6460 0.7575 -0.0945
vn -0.4376 0.8983 -0.0410
vn -0.4709 0.8803 0.0581
vn -0.7170 0.6928 0.0770
vn -0.5118 0.8587 0.0286
vn -0.4654 0.8829 0.0623
vn -0.4461 0.8947 0.0207
vn -0.4740 0.8784 0.0612
vn -0.4579 0.8765 0.1485
vn -0.4797 0.8746 0.0706
vn -0.4398 0.8892 0.1264
vn -0.4680 0.8734 0.1347
vn -0.6013 0.7953 0.0776
vn -0.6787 0.7335 0.0378
vn -0.6632 0.7484 0.0017
vn -0.6282 0.7780 -0.0039
vn -0.4585 0.8886 0.0147
vn -0.4512 0.8900 -0.0663
vn -0.6533 0.7497 -0.1054
vn -0.7982 0.6024 -0.0013
vn -0.8040 0.4577 -0.3796
vn -0.7900 0.1973 -0.5805
vn -0.7893 0.1948 -0.5823
vn -0.7103 0.3969 -0.5814
vn -0.7991 0.1946 -0.5689
vn -0.7878 0.2376 -0.5682
vn -0.8000 0.1979 -0.5665
vn -0.8714 -0.0423 -0.4887
vn -0.8783 -0.0669 -0.4734
vn -0.8068 -0.0648 -0.5873
vn -0.8811 0.1961 -0.4303
vn -0.8810 0.1954 -0.4308
vn -0.8185 -0.2097 -0.5349
vn -0.8579 -0.3014 -0.4162
vn -0.7833 -0.2997 -0.5447
vn -0.8503 -0.2528 -0.4616
vn -0.7486 -0.0633 -0.6600
vn -0.7850 -0.3032 -0.5402
vn -0.7546 -0.3025 -0.5823
vn -0.6891 -0.0619 -0.7220
vn -0.7105 -0.2067 -0.6727
vn -0.7043 -0.2236 -0.6738
vn -0.6195 -0.0616 -0.7826
vn -0.7155 -0.3017 -0.6301
vn -0.6400 -0.3015 -0.7068
vn -0.5925 -0.2992 -0.7480
vn -0.5704 -0.3917 -0.7219
vn -0.6182 -0.3302 -0.7133
vn -0.5737 -0.2223 -0.7883
vn -0.6794 -0.3313 -0.6548
vn -0.6890 -0.3937 -0.6085
vn -0.7664 -0.0010 -0.6424
vn -0.7230 -0.0003 -0.6909
vn -0.7336 -0.3339 -0.5919
vn -0.7759 -0.1085 -0.6214
vn -0.7277 0.4099 -0.5498
vn -0.8258 -0.1096 -0.5532
vn -0.7816 0.4076 -0.4722
vn -0.6422 0.5324 -0.5515
vn -0.5316 0.7165 -0.4516
vn -0.5878 0.7164 -0.3758
vn -0.7568 0.1662 -0.6322
vn -0.7195 0.5144 -0.4665
vn -0.6241 0.6996 -0.3481
vn -0.6128 0.6999 -0.3669
vn -0.6203 0.5984 -0.5071
vn -0.7593 0.5133 -0.3999
vn -0.6498 0.6809 -0.3379
vn -0.7591 0.5141 -0.3995
vn -0.9007 0.1648 -0.4019
vn -0.8696 0.1656 -0.4651
vn -0.8084 0.5110 -0.2923
vn -0.8461 -0.2684 -0.4605
vn -0.8696 0.1648 -0.4654
vn -0.8394 -0.3693 -0.3989
vn -0.9116 -0.1786 -0.3703
vn -0.6789 0.6798 -0.2774
vn -0.8302 0.4369 -0.3462
vn -0.6910 0.6953 -0.1978
vn -0.6715 0.6969 -0.2518
vn -0.8183 0.5138 -0.2577
vn -0.8491 0.4363 -0.2978
vn -0.6699 0.7133 -0.2060
vn -0.8494 0.4129 -0.3288
vn -0.6681 0.7308 -0.1399
vn -0.6837 0.7127 -0.1568
vn -0.8898 0.4121 -0.1960
vn -0.8729 0.3647 -0.3240
vn -0.8988 -0.3682 -0.2379
vn -0.7519 0.6588 -0.0258
vn -0.8974 0.4195 -0.1368
vn -0.9728 0.0459 -0.2269
vn -0.9077 -0.3682 -0.2014
vn -0.9177 -0.3588 -0.1703
vn -0.9908 0.0439 -0.1276
vn -0.8854 -0.4472 -0.1269
vn -0.8679 -0.4456 -0.2194
vn -0.9321 -0.3618 -0.0200
vn -0.6521 -0.7564 -0.0511
vn -0.6417 -0.7605 -0.0994
vn -0.7469 -0.6594 -0.0862
vn -0.9634 -0.2668 0.0259
vn -0.7468 -0.6621 0.0629
vn -0.8457 -0.5329 0.0283
vn -0.9630 -0.2669 0.0380
vn -0.4170 -0.9072 -0.0560
vn -0.4698 -0.8781 0.0909
vn -0.5869 -0.8086 0.0417
vn -0.8357 -0.5343 0.1268
vn -0.7246 -0.6858 0.0682
vn -0.7923 -0.6088 -0.0391
vn -0.7432 -0.6662 -0.0613
vn -0.4169 -0.9083 -0.0337
vn -0.4173 -0.9081 -0.0339
vn -0.7923 -0.6098 0.0197
vn -0.4102 -0.9119 0.0145
vn -0.9717 -0.2271 -0.0657
vn -0.9583 -0.2282 0.1722
vn -0.9319 -0.3470 0.1057
vn -0.9986 0.0393 0.0358
vn -0.9906 0.0420 -0.1298
vn -0.8952 0.4377 -0.0835
vn 0.0098 0.9998 0.0181
vn -0.9936 -0.1001 -0.0520
vn -0.8951 0.4349 0.0985
vn -0.8740 0.4774 0.0908
vn -0.4268 0.9024 0.0590
vn -0.4277 0.9020 0.0588
vn -0.4887 0.8608 0.1417
vn -0.9209 0.3040 0.2439
vn -0.9371 0.3056 0.1687
vn -0.9208 0.3044 0.2437
vn -0.9312 -0.3471 0.1113
vn -0.9956 -0.0824 -0.0445
vn -0.9644 -0.0905 0.2483
vn -0.9645 -0.0897 0.2485
vn -0.9012 0.3147 0.2979
vn -0.9131 -0.0921 0.3972
vn -0.5871 0.7512 0.3016
vn -0.8832 -0.1886 0.4294
vn -0.7281 0.5976 0.3357
vn -0.7594 0.2950 0.5799
vn -0.8222 0.1462 0.5500
vn -0.8180 0.0732 0.5705
vn -0.7625 0.3612 0.5368
vn -0.9174 0.1482 0.3692
vn -0.7509 0.4051 0.5217
vn -0.3615 0.8650 0.3479
vn -0.3435 0.8853 0.3134
vn -0.4293 0.8488 0.3087
vn -0.5881 0.5911 0.5521
vn -0.3125 0.8464 0.4313
vn -0.3094 0.8536 0.4191
vn -0.6572 0.2779 0.7006
vn -0.6497 0.2728 0.7096
vn -0.3607 0.7967 0.4849
vn -0.2020 0.8578 0.4726
vn -0.3660 0.4080 0.8364
vn -0.5098 0.3822 0.7707
vn -0.5098 0.3819 0.7709
vn -0.3114 0.7308 0.6074
vn -0.4363 0.0290 0.8993
vn -0.5831 0.0679 0.8096
vn -0.5805 0.0504 0.8127
vn -0.4338 0.0482 0.8997
vn -0.4670 -0.4992 0.7299
vn -0.5214 -0.5001 0.6914
vn -0.4677 -0.5625 0.6818
vn -0.6423 -0.1405 0.7535
vn -0.6395 0.0686 0.7657
vn -0.5936 -0.3457 0.7267
vn -0.5283 -0.3799 0.7593
vn -0.5224 -0.8021 0.2894
vn -0.7014 -0.3436 0.6245
vn -0.7219 -0.1396 0.6778
vn -0.2706 -0.8389 0.4723
vn -0.2971 -0.8134 0.5001
vn -0.2971 -0.8237 0.4830
vn -0.3285 -0.8107 0.4846
vn -0.4362 -0.5394 0.7202
vn -0.3141 -0.8841 0.3459
vn -0.4884 -0.5250 0.6970
vn -0.4341 -0.4526 0.7790
vn -0.5377 -0.4516 0.7120
vn -0.5647 -0.5245 0.6373
vn -0.3152 -0.8838 0.3457
vn -0.5647 -0.6032 0.5633
vn -0.5817 -0.6025 0.5464
vn -0.3029 -0.8913 0.3375
vn -0.3443 -0.8847 0.3143
vn -0.3407 -0.8883 0.3079
vn -0.4791 -0.1822 0.8586
vn -0.2025 -0.8459 0.4934
vn -0.1882 -0.9315 0.3112
vn -0.2675 -0.6791 0.6835
vn -0.4417 -0.2568 0.8596
vn -0.2381 -0.8358 0.4946
vn -0.2359 -0.3375 0.9113
vn -0.2741 -0.2588 0.9262
vn -0.1982 -0.6783 0.7076
vn -0.1989 0.3209 0.9260
vn -0.2108 0.3534 0.9114
vn -0.1961 -0.0759 0.9776
vn -0.2465 0.3052 0.9198
vn -0.2492 -0.4021 0.8810
vn -0.2207 -0.3375 0.9151
vn -0.3117 0.0282 0.9497
vn -0.0881 -0.0762 0.9932
vn -0.0943 0.3405 0.9355
vn -0.1069 0.3752 0.9208
vn -0.0000 0.3752 0.9269
vn -0.0267 0.4509 0.8922
vn 0.0084 0.1401 0.9901
vn -0.0144 -0.0397 0.9991
vn -0.1004 -0.0399 0.9941
vn 0.0894 0.4516 0.8877
vn 0.1005 0.1398 0.9851
vn 0.0910 0.4463 0.8902
vn 0.1011 0.1425 0.9846
vn 0.2521 0.1424 0.9572
vn 0.2729 0.4777 0.8351
vn 0.0462 0.8834 0.4662
vn 0.1972 0.0493 0.9791
vn 0.0975 0.8615 0.4984
vn 0.0302 0.8975 0.4400
vn -0.0001 0.9998 0.0176
vn 0.0003 0.9998 0.0174
vn -0.0000 0.9998 0.0175
vn 0.1418 0.8770 0.4591
vn 0.2365 -0.1922 0.9524
vn 0.3035 -0.2025 0.9311
vn 0.3675 -0.3628 0.8563
vn 0.2436 -0.1616 0.9563
vn 0.3060 -0.1496 0.9402
vn 0.3937 -0.2589 0.8820
vn 0.4156 -0.3325 0.8466
vn 0.4175 -0.3187 0.8509
vn 0.3251 -0.0783 0.9424
vn 0.4035 -0.1093 0.9084
vn 0.1950 0.0676 0.9785
vn 0.3805 0.0425 0.9238
vn 0.3388 -0.1059 0.9349
vn 0.2229 0.0791 0.9716
vn 0.2771 -0.0308 0.9603
vn 0.0925 -0.1532 0.9839
vn 0.3653 -0.0742 0.9279
vn 0.1619 -0.0042 0.9868
vn 0.1294 0.0475 0.9905
vn 0.1653 0.0843 0.9826
vn 0.0173 0.0946 0.9954
vn 0.0153 0.0970 0.9952
vn 0.0214 0.1017 0.9946
vn 0.1071 0.1102 0.9881
vn 0.0193 0.1021 0.9946
vn 0.0236 0.1069 0.9940
vn 0.2000 0.1794 0.9632
vn 0.1333 0.1984 0.9710
vn 0.1348 0.1357 0.9815
vn 0.2914 0.2206 0.9308
vn 0.2918 0.2149 0.9320
vn 0.2438 0.1671 0.9553
vn 0.2991 0.2121 0.9303
vn 0.3415 0.2742 0.8990
vn 0.4032 0.3354 0.8514
vn 0.4450 0.2932 0.8462
vn 0.3901 0.3096 0.8672
vn 0.5149 0.3863 0.7653
vn 0.5157 0.3865 0.7646
vn 0.5128 0.3907 0.7644
vn 0.4751 0.2895 0.8310
vn 0.5981 0.4033 0.6925
vn 0.6185 0.3599 0.6985
vn 0.4757 0.2886 0.8309
vn 0.6127 0.4757 -0.6311
vn 0.6446 0.4061 -0.6478
vn 0.6331 0.3758 0.6767
vn 0.6024 0.4457 0.6621
vn 0.5902 0.3844 0.7099
vn 0.5924 0.2435 0.7679
vn 0.5903 0.2452 0.7690
vn 0.6904 0.2834 0.6656
vn 0.5605 0.0975 0.8224
vn 0.6395 0.1623 0.7514
vn 0.5394 0.2262 0.8111
vn 0.5301 0.1364 0.8369
vn 0.4614 0.0380 0.8864
vn 0.4569 0.1274 0.8803
vn 0.5564 0.1143 0.8230
vn 0.5371 0.0325 0.8429
vn 0.6423 0.0172 0.7663
vn 0.5968 -0.0792 0.7985
vn 0.6735 -0.2300 0.7025
vn 0.6832 0.1119 0.7216
vn 0.5977 -0.0105 0.8016
vn 0.6600 0.0258 0.7508
vn 0.6343 -0.1058 0.7658
vn 0.7239 -0.0947 0.6834
vn 0.7090 -0.0175 0.7050
vn 0.7111 -0.1546 -0.6859
vn 0.7415 -0.0874 -0.6652
vn 0.7731 -0.1143 0.6239
vn 0.7228 -0.2401 -0.6481
vn 0.7431 -0.2703 0.6121
vn 0.7144 -0.1905 0.6733
vn 0.6935 -0.3457 -0.6321
vn 0.7088 -0.3737 0.5983
vn 0.6956 -0.3433 -0.6311
vn 0.6537 -0.4484 -0.6096
vn 0.6680 -0.3973 0.6292
vn 0.6956 -0.3651 0.6187
vn 0.6774 -0.4722 -0.5640
vn 0.6750 -0.4904 0.5513
vn 0.6856 -0.3926 0.6130
vn 0.6624 -0.4313 -0.6125
vn 0.6499 -0.3561 -0.6715
vn 0.5832 -0.3762 -0.7200
vn 0.5851 -0.3738 -0.7197
vn 0.5978 -0.3741 -0.7090
vn 0.5515 -0.4829 -0.6802
vn 0.5349 -0.6344 -0.5580
vn 0.5859 -0.5848 -0.5610
vn -0.0001 0.9998 0.0175
vn -0.0001 0.9999 0.0172
vn 0.0001 0.9998 0.0176
vn 0.5272 -0.4938 -0.6915
vn 0.4796 -0.3910 -0.7855
vn 0.4426 -0.4176 -0.7936
vn -0.0003 0.9998 0.0174
vn -0.0004 0.9998 0.0173
vn 0.2538 0.8561 -0.4501
vn 0.3316 0.8689 -0.3675
vn 0.2617 0.9366 -0.2329
vn 0.3120 0.8676 -0.3871
vn 0.2291 0.8737 -0.4292
vn 0.1518 0.9003 -0.4079
vn 0.3191 0.3330 -0.8873
vn 0.3260 0.3278 -0.8867
vn 0.3423 0.6765 -0.6521
vn 0.1491 0.8800 -0.4510
vn 0.1386 0.8918 -0.4307
vn 0.0003 0.9998 0.0176
vn 0.0553 0.8933 -0.4460
vn 0.0840 0.8736 -0.4793
vn 0.0006 0.9998 0.0176
vn 0.2376 -0.1310 -0.9625
vn 0.2508 -0.1225 -0.9603
vn 0.3464 -0.2178 -0.9124
vn 0.2749 -0.0390 -0.9607
vn 0.3293 -0.1020 -0.9387
vn 0.3229 -0.2166 -0.9213
vn 0.2539 -0.0400 -0.9664
vn 0.2521 -0.1262 -0.9594
vn 0.1533 0.0433 -0.9872
vn 0.1535 0.0063 -0.9881
vn 0.0128 0.1255 -0.9920
vn 0.0765 0.1262 -0.9890
vn 0.0456 0.1164 -0.9922
vn 0.0473 0.1213 -0.9915
vn 0.1137 0.0098 -0.9935
vn 0.1313 0.0941 -0.9869
vn 0.0639 0.1296 -0.9895
vn 0.1345 0.0737 -0.9882
vn 0.1463 0.2063 -0.9675
vn 0.0183 0.1372 -0.9904
vn 0.2031 0.1690 -0.9645
vn 0.2177 0.1918 -0.9570
vn 0.2736 0.2741 -0.9220
vn 0.3380 0.2749 -0.9001
vn 0.3420 0.2277 -0.9117
vn 0.1909 0.1687 -0.9670
vn 0.1902 0.1909 -0.9630
vn 0.2767 0.1216 -0.9532
vn 0.2932 0.0939 -0.9514
vn 0.3512 0.1548 -0.9234
vn 0.3401 0.1196 -0.9327
vn 0.3465 0.2259 -0.9104
vn 0.4658 0.2379 -0.8523
vn 0.4346 0.2520 -0.8646
vn 0.4459 0.1636 -0.8800
vn 0.5460 0.1412 -0.8258
vn 0.4651 0.1368 -0.8746
vn 0.5065 0.2533 -0.8242
vn 0.5123 0.2505 -0.8214
vn 0.5518 0.1477 -0.8208
vn 0.5529 0.1542 -0.8189
vn 0.6599 0.0534 -0.7495
vn 0.6495 0.1898 -0.7363
vn 0.6457 0.0394 -0.7626
vn 0.6358 0.2033 -0.7446
vn 0.6133 0.2743 -0.7407
vn 0.6716 0.3285 -0.6641
vn 0.6783 0.3243 -0.6593
vn 0.6998 0.2000 -0.6858
vn 0.7202 0.1597 0.6751
vn 0.7207 0.1827 -0.6688
vn 0.6935 0.1808 0.6974
vn 0.6730 0.2986 0.6767
vn 0.7314 0.0453 -0.6804
vn 0.7310 0.0212 0.6821
vn 0.6429 0.4011 -0.6525
vn 0.5833 0.3703 -0.7230
vn 0.6012 0.2835 -0.7471
vn 0.7220 0.0286 -0.6913
vn 0.5508 0.0382 -0.8337
vn 0.5780 -0.0128 -0.8159
vn 0.6564 0.0778 -0.7504
vn 0.6514 -0.1359 -0.7465
vn 0.6527 -0.1350 -0.7455
vn 0.4876 -0.1357 -0.8624
vn 0.6124 -0.2195 -0.7595
vn 0.6318 -0.2058 -0.7473
vn 0.5445 -0.1270 -0.8291
vn 0.4679 -0.0342 -0.8831
vn 0.4669 0.0773 -0.8809
vn 0.4480 0.0521 -0.8925
vn 0.3783 -0.0257 -0.9253
vn 0.3789 -0.0250 -0.9251
vn 0.3859 -0.0625 -0.9204
vn 0.5091 -0.2036 -0.8363
vn 0.5101 -0.1940 -0.8379
vn 0.4970 -0.2145 -0.8408
vn 0.3374 -0.1798 -0.9240
vn 0.4192 -0.1211 -0.8998
vn 0.4935 -0.3235 -0.8073
vn 0.4772 -0.3438 -0.8087
vn 0.4091 -0.2450 -0.8790
vn 0.5776 0.3724 -0.7264
vn 0.5185 0.3441 -0.7827
vn 0.5469 0.4828 -0.6840
vn 0.5989 0.4511 -0.6617
vn 0.4980 0.3916 -0.7737
vn 0.4476 0.2956 -0.8439
vn 0.4371 0.3664 -0.8214
vn 0.4149 0.3901 -0.8220
vn 0.4931 0.4147 -0.7648
vn 0.4229 0.3576 -0.8327
vn 0.4296 0.3083 -0.8488
vn -0.0000 1.0000 -0.0000
vn 0.4903 0.4106 -0.7688
vn 0.5615 0.4562 -0.6903
vn 0.6049 0.4412 -0.6629
vn 0.6072 0.5099 -0.6093
vn 0.5920 0.4755 0.6507
vn 0.5894 0.4627 0.6622
vn 0.7151 -0.2223 -0.6628
vn 0.7151 -0.2223 0.6628
vn 0.2223 -0.7150 -0.6628
vn 0.2223 -0.7150 0.6628
vn -0.7091 -0.2405 0.6628
vn -0.6001 0.4478 0.6628
vn 0.0096 -0.7488 0.6628
vn 0.4324 0.6114 0.6628
vn 0.7488 -0.0096 0.6628
vn -0.4478 0.6001 0.6628
vn 0.2404 0.7091 0.6628
vn -0.6113 -0.4323 0.6628
vn 0.2404 0.7091 -0.6628
vn -0.7091 -0.2405 -0.6628
vn -0.1835 -0.0345 0.9824
vn -0.3532 0.0296 0.9351
vn -0.5705 -0.1439 0.8086
vn -0.5711 -0.1339 0.8099
vn -0.3491 -0.0562 0.9354
vn -0.3477 0.0247 0.9373
vn -0.3254 -0.0420 0.9446
vn -0.2215 -0.0031 0.9752
vn -0.3433 -0.0565 0.9375
vn -0.2215 -0.0058 0.9751
vn -0.0955 0.0199 0.9952
vn -0.0937 0.0888 0.9916
vn -0.0290 0.0768 0.9966
vn -0.2519 0.0014 0.9677
vn -0.3797 0.0459 0.9240
vn -0.3525 -0.0273 0.9354
vn -0.3627 -0.0371 0.9312
vn -0.1920 0.0496 0.9801
vn -0.1716 0.0702 0.9827
vn -0.1477 0.0270 0.9887
vn -0.4296 0.0181 0.9028
vn -0.3550 0.1234 0.9267
vn -0.1964 0.2355 0.9518
vn -0.2782 0.0271 0.9601
vn -0.5010 0.1070 0.8588
vn -0.3012 0.1657 0.9391
vn -0.3607 0.2015 0.9106
vn -0.4485 0.2284 0.8641
vn -0.2569 0.2520 0.9330
vn -0.1018 0.1573 0.9823
vn -0.1299 0.1278 0.9833
vn -0.2413 0.1990 0.9498
vn -0.0347 0.1575 0.9869
vn -0.0345 0.0432 0.9985
vn -0.0208 0.1783 0.9838
vn -0.2161 0.2129 0.9529
vn -0.0813 0.1662 0.9827
vn -0.1944 0.2573 0.9466
vn -0.2124 0.2821 0.9356
vn -0.3551 0.2659 0.8962
vn -0.3893 0.2510 0.8863
vn -0.3723 0.3779 0.8477
vn -0.4966 0.3660 0.7870
vn -0.5995 0.3430 0.7231
vn -0.5684 0.4536 0.6864
vn -0.3173 0.3988 0.8604
vn -0.2984 0.3999 0.8666
vn -0.4616 0.5290 0.7121
vn -0.3877 0.6002 0.6996
vn -0.2868 0.4069 0.8673
vn -0.4142 0.5217 0.7459
vn -0.4057 0.4902 0.7715
vn 0.0007 0.9998 0.0176
vn -0.0000 0.9998 0.0174
vn -0.5169 0.6080 0.6026
vn -0.0003 0.9999 0.0173
vn -0.0000 0.9998 0.0177
vn -0.5219 0.6051 0.6012
vn -0.5731 0.6808 0.4562
vn -0.6095 0.6279 0.4839
vn -0.5547 0.5347 0.6375
vn -0.6043 0.6707 0.4302
vn -0.7110 0.6248 0.3228
vn -0.6258 0.6706 0.3982
vn -0.6090 0.7423 0.2793
vn -0.6534 0.7506 0.0984
vn -0.6692 0.7324 0.1254
vn -0.7197 0.6741 0.1663
vn -0.7471 0.6526 0.1263
vn -0.7013 0.6578 0.2746
vn -0.6644 0.7168 0.2115
vn -0.0001 0.9998 0.0179
vn 0.0004 0.9998 0.0176
vn -0.8093 0.5642 0.1632
vn -0.8317 0.5405 0.1275
vn -0.7850 0.5242 0.3302
vn -0.7171 0.3894 -0.5781
vn -0.7704 0.4620 0.4394
vn -0.7574 0.5823 0.2952
vn -0.7287 0.4918 0.4766
vn -0.7477 0.4498 0.4886
vn -0.6893 0.5352 0.4883
vn -0.8661 0.3466 0.3602
vn -0.8939 0.3117 0.3220
vn -0.7719 0.3701 0.5168
vn -0.7728 0.4220 0.4740
vn -0.8596 0.3692 0.3532
vn -0.8770 0.2519 0.4091
vn 0.0011 -0.0110 0.9999
vn 0.0004 -0.0132 0.9999
vn -0.2130 0.0622 0.9751
vn -0.3425 0.0069 0.9395
vn 0.0015 -0.0114 0.9999
vn -0.0000 -0.0129 0.9999
vn 0.0012 -0.0120 0.9999
vn -0.3403 -0.0390 0.9395
vn 0.0031 -0.0149 0.9999
vn 0.0018 -0.0103 0.9999
vn -0.3415 -0.0515 0.9385
vn -0.5892 0.0839 0.8036
vn 0.0017 -0.0111 0.9999
vn -0.9127 0.0941 0.3977
vn -0.8893 -0.0029 0.4574
vn -0.9001 0.1229 0.4181
vn -0.8717 0.1635 0.4619
vn -0.8302 0.1450 0.5383
vn -0.8232 0.1926 0.5341
vn -0.8795 0.2515 0.4039
vn -0.8131 0.2093 0.5432
vn -0.8845 0.2875 0.3675
vn -0.7616 0.2160 0.6110
vn -0.7239 0.1418 0.6752
vn -0.7082 0.2474 0.6612
vn -0.6086 0.1767 0.7735
vn -0.6624 0.1714 0.7293
vn -0.6179 0.2112 0.7574
vn -0.4840 0.2747 0.8308
vn -0.5262 0.1924 0.8283
vn -0.6337 0.3326 0.6984
vn -0.7786 0.0707 0.6236
vn -0.6503 0.0707 0.7564
vn -0.6584 0.0430 0.7515
vn -0.7719 -0.0739 0.6314
vn -0.6378 0.0182 0.7700
vn -0.7725 0.0510 0.6329
vn -0.6353 0.0861 0.7674
vn -0.5523 0.0263 0.8332
vn -0.5122 0.0050 0.8589
vn -0.5086 0.1135 0.8535
vn -0.7925 -0.0365 0.6088
vn -0.8839 0.0190 0.4674
vn -0.8526 -0.0423 0.5209
vn -0.8686 -0.1364 0.4763
vn -0.7460 -0.1112 0.6566
vn -0.7928 0.0083 0.6094
vn -0.8761 -0.0210 0.4818
vn -0.9732 -0.0251 0.2287
vn -0.8341 -0.1100 0.5405
vn -0.8765 -0.1285 0.4638
vn 0.0027 -0.0092 1.0000
vn -0.8539 -0.1759 0.4897
vn 0.0027 -0.0105 0.9999
vn 0.0031 -0.0115 0.9999
vn 0.0028 -0.0093 1.0000
vn 0.0033 -0.0096 0.9999
vn -0.3058 -0.0666 0.9498
vn -0.3777 -0.1407 0.9152
vn -0.4019 -0.0508 0.9143
vn -0.3649 -0.1329 0.9215
vn -0.3918 -0.1464 0.9083
vn 0.0067 -0.0102 0.9999
vn -0.2750 -0.1346 0.9520
vn -0.2344 0.0043 0.9721
vn -0.3153 -0.1264 0.9405
vn 0.0067 -0.0089 0.9999
vn -0.3839 -0.0850 0.9195
vn 0.0067 -0.0090 0.9999
vn 0.0081 -0.0116 0.9999
vn -0.0001 1.0000 -0.0000
vn -0.7010 -0.1771 0.6908
vn -0.8138 -0.2533 0.5231
vn -0.7001 -0.1759 0.6921
vn -0.2344 0.0044 0.9721
vn -0.7943 -0.2952 0.5310
vn -0.7969 -0.2211 0.5622
vn -0.6078 -0.2462 0.7550
vn -0.7852 -0.3066 0.5379
vn -0.7790 -0.3066 0.5469
vn 0.0094 0.0198 -0.9998
vn 0.0093 -0.7487 0.6628
vn -0.8255 -0.1983 -0.5284
vn -0.6382 -0.2303 -0.7346
vn 0.0096 -0.7488 0.6627
vn -0.8743 -0.1164 -0.4711
vn 0.0096 -0.7487 0.6628
vn -0.7546 -0.2605 -0.6023
vn 0.0096 -0.7488 -0.6628
vn -0.8491 -0.2325 -0.4742
vn -0.4682 -0.1156 -0.8760
vn -0.3817 -0.1176 -0.9168
vn 0.0096 -0.7487 -0.6628
vn -0.6023 -0.1582 -0.7824
vn -0.4156 -0.1484 -0.8974
vn -0.7881 -0.2808 -0.5478
vn -0.7831 -0.2976 -0.5460
vn -0.4462 -0.1186 -0.8870
vn -0.6652 -0.2366 -0.7082
vn -0.8055 -0.2758 -0.5245
vn -0.8697 -0.2286 -0.4375
vn -0.4495 -0.1582 -0.8792
vn -0.4494 -0.1582 -0.8792
vn -0.7955 -0.3164 -0.5168
vn -0.8726 -0.3158 0.3727
vn -0.8562 -0.3565 0.3739
vn 0.3393 0.1036 0.9350
vn -0.6698 -0.1491 -0.7275
vn -0.8439 -0.2819 -0.4565
vn 0.3427 0.1044 0.9336
vn -0.4805 -0.1310 -0.8672
vn -0.3551 -0.0170 -0.9347
vn -0.8217 -0.1856 -0.5388
vn -0.8431 -0.1307 -0.5217
vn -0.3558 -0.0148 -0.9345
vn -0.8156 0.0098 -0.5785
vn -0.7700 -0.0205 -0.6377
vn -0.4318 0.0180 -0.9018
vn -0.7686 0.0250 -0.6392
vn -0.3865 0.0518 -0.9208
vn -0.5552 0.1032 -0.8253
vn -0.3796 0.1276 -0.9163
vn -0.7314 0.1575 -0.6636
vn -0.7425 0.0498 -0.6680
vn -0.5475 0.1702 -0.8193
vn -0.7401 0.1739 -0.6496
vn -0.7289 0.1592 -0.6659
vn -0.7246 0.2616 -0.6376
vn -0.5069 0.3164 -0.8019
vn -0.7231 0.3214 -0.6114
vn -0.8425 0.3488 -0.4106
vn -0.8842 0.1860 -0.4284
vn -0.8283 0.3230 0.4577
vn -0.8508 0.3096 0.4246
vn -0.8776 0.2069 0.4325
vn -0.8909 0.1961 -0.4098
vn -0.8642 0.1747 0.4719
vn -0.8481 0.3455 -0.4016
vn -0.0000 -0.9999 -0.0171
vn -0.0000 -0.9999 -0.0158
vn -0.8283 0.3229 0.4578
vn -0.0011 -0.9998 -0.0202
vn -0.5889 0.2857 0.7560
vn -0.8490 0.3070 0.4300
vn -0.0003 -0.9998 -0.0180
vn -0.2577 0.1188 0.9589
vn -0.7967 0.2385 0.5554
vn -0.7885 0.2244 0.5726
vn -0.8085 0.1031 0.5794
vn -0.5889 0.0870 0.8035
vn -0.6821 0.1438 0.7170
vn -0.8483 0.1895 0.4944
vn -0.9059 0.0762 -0.4167
vn -0.8871 0.0278 -0.4607
vn -0.8849 0.0109 0.4657
vn -0.8685 -0.0222 0.4952
vn -0.6930 -0.1070 0.7130
vn -0.8439 -0.0406 0.5350
vn -0.8034 0.0386 0.5942
vn -0.8993 -0.0934 0.4272
vn -0.7556 -0.1343 0.6411
vn -0.8469 -0.1381 0.5135
vn -0.9001 -0.0791 -0.4284
vn 0.0008 -0.9998 -0.0211
vn -0.0001 -0.9998 -0.0179
vn 0.0014 -0.9998 -0.0220
vn -0.2302 0.1525 -0.9611
vn -0.0000 -0.9998 -0.0186
vn -0.4845 0.1658 -0.8589
vn -0.0000 0.0226 -0.9997
vn -0.8567 0.4926 -0.1531
vn -0.8044 0.5314 -0.2656
vn -0.8292 0.4521 -0.3287
vn 0.0010 0.0234 -0.9997
vn -0.8691 0.3860 -0.3093
vn -0.8680 0.3584 -0.3436
vn 0.0024 0.0250 -0.9997
vn -0.8880 0.2803 -0.3644
vn 0.0011 0.0227 -0.9997
vn -0.8716 0.1439 -0.4686
vn -0.9412 0.1727 -0.2905
vn 0.0013 0.0235 -0.9997
vn -0.9405 -0.0032 -0.3397
vn 0.0020 0.0247 -0.9997
vn 0.0014 0.0229 -0.9997
vn -0.9719 -0.0169 -0.2347
vn -0.7743 -0.1044 -0.6241
vn 0.0020 0.0249 -0.9997
vn 0.0042 0.0253 -0.9997
vn 0.0032 0.0233 -0.9997
vn -0.8793 -0.2160 -0.4245
vn -0.8603 -0.1340 -0.4918
vn -0.7917 -0.1898 -0.5807
vn -0.9267 0.0841 -0.3662
vn -0.8533 -0.1815 -0.4888
vn -0.7573 -0.1508 -0.6355
vn -0.6121 -0.1301 -0.7800
vn -0.6112 -0.1394 -0.7791
vn -0.7463 -0.1272 -0.6534
vn -0.6543 -0.1304 -0.7449
vn -0.7479 -0.2136 -0.6285
vn -0.7822 -0.2113 -0.5860
vn -0.7774 -0.1985 -0.5969
vn -0.6272 -0.1492 -0.7644
vn -0.6289 -0.1284 -0.7668
vn -0.7929 -0.1522 -0.5900
vn -0.7143 -0.2261 -0.6623
vn -0.6113 -0.4323 -0.6628
vn -0.5719 -0.0548 -0.8185
vn -0.4777 -0.0524 -0.8769
vn -0.2939 0.0114 -0.9558
vn -0.3498 -0.0264 -0.9365
vn -0.3483 0.0578 -0.9356
vn -0.4856 -0.0765 -0.8708
vn -0.3430 -0.0191 -0.9392
vn -0.2956 0.0118 -0.9552
vn -0.4772 -0.0761 -0.8755
vn -0.1632 0.0598 -0.9848
vn -0.1575 0.0546 -0.9860
vn -0.3564 -0.0149 -0.9342
vn -0.1913 0.0671 -0.9792
vn -0.3565 0.0173 -0.9341
vn -0.3322 0.0476 -0.9420
vn -0.3625 0.0600 -0.9300
vn -0.2775 0.0759 -0.9577
vn -0.2771 0.0762 -0.9578
vn -0.1138 0.1515 -0.9819
vn -0.1373 0.1467 -0.9796
vn -0.0886 0.1014 -0.9909
vn -0.3168 0.1841 -0.9304
vn -0.2535 0.1374 -0.9575
vn -0.2516 0.2100 -0.9448
vn -0.1141 0.0575 -0.9918
vn -0.2334 0.2448 -0.9411
vn -0.3725 0.3223 -0.8703
vn -0.3823 0.3638 -0.8494
vn -0.4062 0.2362 -0.8827
vn -0.4751 0.2658 -0.8388
vn -0.4265 0.2874 -0.8576
vn -0.4899 0.2842 -0.8241
vn -0.6411 0.3139 -0.7004
vn -0.4758 0.3722 -0.7970
vn -0.6553 0.2992 -0.6936
vn -0.6180 0.4431 -0.6495
vn -0.4802 0.3845 -0.7884
vn -0.6341 0.4258 -0.6455
vn -0.4150 0.4528 -0.7891
vn -0.5843 0.5570 -0.5902
vn -0.5838 0.5527 -0.5947
vn -0.5257 0.4825 -0.7006
vn -0.4943 0.5707 -0.6557
vn -0.3663 0.5069 -0.7803
vn -0.2828 0.4942 -0.8221
vn -0.4200 0.4296 -0.7994
vn 0.0008 0.9998 0.0174
vn -0.1524 0.2563 -0.9545
vn -0.0001 0.9999 0.0171
vn -0.0001 0.9999 0.0173
vn -0.3207 0.4591 -0.8285
vn -0.2036 0.3768 -0.9037
vn -0.2002 0.3811 -0.9026
vn -0.0378 0.1472 -0.9884
vn -0.0117 0.1697 -0.9854
vn -0.0000 0.9999 0.0173
vn -0.0109 0.1332 -0.9910
vn 0.1187 0.0013 -0.9929
vn -0.0009 0.9998 0.0176
vn -0.1242 0.9047 -0.4076
vn -0.0445 0.7962 -0.6034
vn -0.0005 0.9998 0.0173
vn -0.0453 0.7995 -0.5989
vn -0.0374 0.8700 -0.4916
vn -0.1346 0.8976 -0.4196
vn -0.0954 0.6864 -0.7210
vn -0.2747 0.4008 -0.8740
vn -0.2906 0.4806 -0.8274
vn -0.1778 0.4821 -0.8579
vn -0.2634 -0.0865 -0.9608
vn -0.2009 0.0614 -0.9777
vn -0.0877 0.0615 -0.9942
vn -0.1398 0.1696 -0.9755
vn -0.2305 -0.3752 -0.8978
vn -0.0997 -0.3759 -0.9213
vn -0.2368 0.0820 -0.9681
vn -0.2513 -0.2825 -0.9257
vn -0.0921 -0.1643 -0.9821
vn 0.0135 -0.1643 -0.9863
vn -0.0134 -0.0669 -0.9977
vn 0.0112 -0.4349 -0.9004
vn 0.0229 -0.7336 -0.6792
vn -0.0583 -0.6246 -0.7788
vn -0.0595 -0.6245 -0.7787
vn 0.0089 -0.8403 -0.5420
vn 0.0575 -0.8400 -0.5395
vn 0.0899 -0.4349 -0.8960
vn 0.0889 -0.7972 -0.5972
vn 0.1145 -0.6385 -0.7611
vn 0.0318 -0.2733 -0.9614
vn 0.1895 -0.7836 -0.5916
vn 0.1716 -0.2024 -0.9642
vn 0.1968 -0.4729 -0.8588
vn 0.2195 -0.8203 -0.5282
vn 0.2091 -0.4076 -0.8889
vn 0.2521 -0.3555 -0.9000
vn 0.2458 -0.3650 -0.8980
vn 0.1792 -0.0342 -0.9832
vn 0.1769 -0.0214 -0.9840
vn 0.2410 -0.4066 -0.8812
vn 0.3085 -0.0216 -0.9510
vn 0.1577 0.5624 -0.8117
vn 0.2587 0.5605 -0.7867
vn 0.1781 0.6553 -0.7340
vn 0.1178 0.7131 -0.6910
vn 0.2581 0.5620 -0.7858
vn 0.2210 0.7147 -0.6636
vn 0.2207 0.7120 -0.6666
vn 0.1618 0.4639 -0.8710
vn 0.2635 0.5370 -0.8014
vn 0.1644 0.2272 -0.9599
vn 0.3857 -0.0674 -0.9202
vn 0.0708 -0.1906 -0.9791
vn 0.1099 -0.0685 -0.9916
vn 0.0739 -0.3290 -0.9414
vn 0.2605 -0.0242 -0.9652
vn 0.1716 -0.3293 -0.9285
vn 0.2567 -0.2624 -0.9302
vn 0.3159 -0.1061 -0.9428
vn 0.4070 -0.3274 -0.8527
vn 0.4333 0.0039 -0.9013
vn 0.4616 -0.1072 -0.8806
vn 0.2925 -0.3258 -0.8990
vn 0.2611 -0.2189 -0.9402
vn 0.2974 -0.3056 -0.9045
vn 0.3517 -0.2969 -0.8878
vn 0.3939 -0.2972 -0.8698
vn 0.3953 -0.2983 -0.8688
vn 0.4624 -0.1092 -0.8799
vn 0.3170 -0.1082 -0.9422
vn 0.3152 -0.1054 -0.9432
vn 0.3512 0.0446 -0.9352
vn 0.2651 0.0454 -0.9632
vn 0.2948 -0.1053 -0.9497
vn 0.2967 -0.1082 -0.9488
vn 0.1441 -0.1077 -0.9837
vn 0.1901 0.1015 -0.9765
vn 0.1658 0.1536 -0.9741
vn 0.2633 0.1532 -0.9525
vn 0.2938 0.2018 -0.9343
vn 0.3418 0.4213 -0.8400
vn 0.3239 0.4022 -0.8563
vn 0.2475 0.3828 -0.8901
vn 0.3109 0.2017 -0.9288
vn 0.2293 0.4024 -0.8863
vn 0.2543 0.5583 -0.7897
vn 0.2621 0.5583 -0.7872
vn 0.2875 0.5883 -0.7558
vn 0.2717 0.6475 -0.7120
vn 0.2054 0.6479 -0.7335
vn 0.2557 0.5599 -0.7881
vn 0.1957 0.5912 -0.7824
vn 0.1171 0.5605 -0.8198
vn 0.1160 0.5594 -0.8207
vn 0.1295 0.7052 -0.6971
vn 0.2227 0.7037 -0.6747
vn 0.1491 0.6895 -0.7087
vn 0.2311 0.7048 -0.6707
vn 0.2758 0.7056 -0.6528
vn 0.1218 0.8870 -0.4455
vn 0.1672 0.8490 -0.5013
vn 0.2456 0.8485 -0.4688
vn 0.2106 0.8493 -0.4841
vn 0.1213 0.9039 -0.4101
vn 0.1487 0.9062 -0.3958
vn 0.1472 0.9038 -0.4018
vn 0.1493 0.9062 -0.3955
vn 0.2076 0.8904 -0.4051
vn 0.2405 0.8110 -0.5333
vn 0.2301 0.8111 -0.5378
vn 0.3556 0.6724 -0.6492
vn 0.3485 0.6088 -0.7127
vn 0.2306 0.6075 -0.7601
vn 0.3389 0.7097 -0.6177
vn 0.5304 0.3890 -0.7532
vn 0.5065 0.4318 -0.7463
vn 0.4965 0.3407 -0.7984
vn 0.4512 0.6912 -0.5645
vn 0.3340 0.8103 -0.4815
vn 0.3241 0.8104 -0.4881
vn 0.5119 0.4046 -0.7578
vn 0.6216 0.3410 -0.7052
vn 0.6439 0.2903 -0.7079
vn 0.6304 -0.2116 -0.7468
vn 0.6176 -0.2497 -0.7458
vn 0.5614 0.0922 -0.8224
vn 0.5924 -0.2111 -0.7774
vn 0.4984 -0.6582 -0.5642
vn 0.3060 -0.8077 -0.5040
vn 0.3833 -0.6540 -0.6522
vn 0.3425 -0.6020 -0.7213
vn 0.4896 -0.2857 -0.8238
vn 0.2810 -0.6015 -0.7478
vn 0.3336 -0.7442 -0.5786
vn 0.3169 -0.5262 -0.7891
vn 0.3517 -0.5263 -0.7742
vn 0.5306 -0.0679 -0.8449
vn 0.4991 -0.2181 -0.8386
vn 0.5321 -0.2187 -0.8180
vn 0.5622 0.0728 -0.8238
vn 0.4723 0.4031 -0.7838
vn 0.5251 0.4028 -0.7497
vn 0.5481 -0.4173 -0.7249
vn 0.4677 0.5165 -0.7173
vn 0.6083 0.5143 -0.6045
vn 0.6021 -0.4176 -0.6804
vn 0.6070 -0.3740 -0.7012
vn 0.6342 0.2799 -0.7207
vn 0.6814 0.3200 -0.6582
vn 0.4517 0.7880 -0.4183
vn 0.3889 0.8221 -0.4157
vn 0.4294 0.7887 -0.4400
vn 0.6967 0.2788 -0.6609
vn 0.6319 -0.0698 -0.7719
vn 0.5054 0.1845 -0.8430
vn 0.7113 0.1872 -0.6775
vn 0.5005 0.7464 -0.4386
vn 0.5950 0.6157 -0.5166
vn 0.8081 -0.1082 -0.5790
vn 0.7988 -0.1079 -0.5918
vn 0.6722 0.6360 -0.3790
vn 0.8482 0.1164 -0.5168
vn 0.4715 0.8254 -0.3104
vn 0.4425 0.8257 -0.3498
vn 0.8495 0.0504 -0.5252
vn 0.7639 0.0525 -0.6431
vn 0.4377 0.8577 -0.2699
vn 0.7625 0.4149 -0.4963
vn 0.7576 0.3180 -0.5701
vn 0.8154 -0.1666 -0.5544
vn 0.8722 -0.1682 -0.4593
vn 0.8703 -0.0047 -0.4925
vn 0.8069 0.4135 -0.4219
vn 0.9277 -0.0069 -0.3731
vn 0.5192 0.8093 -0.2747
vn 0.5317 0.8094 -0.2493
vn 0.4613 0.8569 -0.2300
vn 0.6354 0.7127 -0.2972
vn 0.6495 0.7119 -0.2670
vn 0.6515 0.7098 -0.2679
vn 0.5231 0.8149 -0.2495
vn 0.5554 0.8148 -0.1662
vn 0.6659 0.7095 -0.2306
vn 0.9554 -0.1707 -0.2411
vn 0.9628 -0.0251 -0.2689
vn 0.9041 0.3155 -0.2883
vn 0.5291 0.8433 -0.0944
vn 0.6187 0.7777 -0.1111
vn 0.6035 0.7794 -0.1681
vn 0.8783 0.3894 -0.2773
vn 0.9723 0.0828 -0.2188
vn 0.8236 -0.5330 -0.1939
vn 0.5201 0.8518 -0.0624
vn 0.8714 0.4768 -0.1151
vn 0.8789 0.4757 -0.0369
vn 0.5883 0.8080 -0.0334
vn 0.6800 0.7306 -0.0616
vn 0.8404 0.5403 -0.0426
vn 0.6813 0.7302 0.0522
vn 0.8406 0.5384 0.0587
vn 0.7601 0.6494 -0.0233
vn 0.9972 -0.0584 -0.0466
vn 0.9973 -0.0597 0.0435
vn 0.6729 0.7397 0.0041
vn 0.9915 0.1162 0.0586
vn 0.9849 0.1149 0.1298
vn 0.9305 -0.3531 0.0978
vn 0.9341 -0.3524 0.0564
vn 0.9679 -0.1976 0.1551
vn 0.7633 -0.6146 0.1990
vn 0.6852 -0.7139 0.1443
vn 0.6943 -0.7133 0.0957
vn 0.6864 -0.6872 0.2380
vn 0.9637 -0.1981 0.1789
vn 0.8647 -0.4362 0.2489
vn 0.8308 -0.4385 0.3428
vn 0.5353 -0.8172 0.2136
vn 0.3106 -0.9454 0.0991
vn 0.0762 -0.9970 0.0153
vn 0.5066 -0.8180 0.2724
vn -0.0000 -0.9998 -0.0174
vn -0.0001 -0.9999 -0.0173
vn 0.1868 -0.9735 0.1322
vn 0.2118 -0.9659 0.1488
vn 0.4014 -0.8814 0.2490
vn 0.4225 -0.8810 0.2129
vn 0.7107 -0.5964 0.3730
vn 0.7589 -0.4947 0.4236
vn 0.7294 -0.4952 0.4720
vn 0.7742 -0.5898 0.2296
vn 0.8594 -0.2750 0.4311
vn 0.8858 -0.2200 0.4085
vn 0.8245 0.2665 0.4991
vn 0.8944 -0.1727 0.4127
vn 0.8494 0.0741 0.5225
vn 0.7192 0.5336 0.4451
vn 0.6633 0.5332 0.5251
vn 0.7936 -0.2525 0.5535
vn 0.7588 -0.2531 0.6002
vn 0.7558 -0.2071 0.6212
vn 0.6984 0.5670 0.4367
vn 0.4608 0.8395 0.2879
vn 0.3509 0.9226 0.1601
vn 0.7784 0.5679 0.2676
vn 0.8857 0.2328 0.4016
vn 0.5083 0.8448 0.1674
vn 0.5070 0.8448 0.1710
vn 0.7169 0.5672 0.4053
vn 0.9203 0.2347 0.3131
vn 0.6963 0.6634 0.2739
vn 0.8799 0.0618 0.4711
vn 0.8783 -0.0255 0.4774
vn 0.9213 -0.0241 0.3882
vn 0.7005 0.5872 0.4056
vn 0.8595 -0.4030 0.3144
vn 0.9077 -0.3571 0.2204
vn 0.9717 0.0632 0.2276
vn 0.9756 -0.0214 0.2187
vn 0.9497 -0.0232 0.3124
vn 0.9135 -0.3900 0.1162
vn 0.8577 -0.5084 0.0767
vn 0.8368 -0.5111 0.1962
vn 0.9889 0.0643 0.1342
vn 0.9882 0.0718 0.1352
vn 0.9965 0.0732 0.0394
vn 0.9212 -0.3881 0.0264
vn 0.9979 -0.0442 0.0478
vn 0.9816 -0.1888 -0.0270
vn 0.9981 -0.0426 -0.0450
vn 0.8847 -0.4619 -0.0629
vn 0.8850 -0.4639 0.0393
vn 0.7972 -0.6025 -0.0389
vn 0.7405 -0.6719 0.0121
vn 0.7395 -0.6696 -0.0691
vn 0.9468 -0.3203 -0.0306
vn 0.7940 -0.6023 -0.0830
vn 0.8141 -0.5703 -0.1095
vn 0.9507 -0.2673 -0.1573
vn 0.9866 0.1468 -0.0711
vn 0.9459 -0.3212 0.0463
vn 0.9879 0.1493 0.0419
vn 0.0069 0.0200 -0.9998
vn 0.9422 0.3287 -0.0646
vn 0.9694 0.2391 -0.0566
vn 0.8822 0.4654 -0.0715
vn 0.7312 0.6800 -0.0540
vn 0.7845 0.6157 -0.0739
vn 0.9256 0.3709 -0.0758
vn 0.3472 0.9211 0.1763
vn 0.9021 0.4297 0.0391
vn 0.7351 0.6758 0.0545
vn 0.7739 0.6261 0.0951
vn 0.9616 0.2095 0.1772
vn 0.9758 0.2126 0.0512
vn 0.9525 0.2406 0.1866
vn 0.7797 0.6260 0.0111
vn 0.4755 0.8746 0.0946
vn 0.3794 0.9251 0.0164
vn 0.4704 0.8739 0.1224
vn 0.4290 0.8962 0.1133
vn 0.4095 0.9079 0.0901
vn 0.4989 0.8658 0.0371
vn 0.4700 0.8818 0.0386
vn 0.4290 0.9030 -0.0251
vn 0.4762 0.8791 -0.0225
vn 0.5422 0.8375 -0.0679
vn 0.5116 0.8592 0.0113
vn 0.5379 0.8414 0.0515
vn 0.6856 0.7263 -0.0487
vn 0.6555 0.7549 0.0232
vn 0.6553 0.7552 -0.0157
vn 0.6365 0.7648 0.0996
vn 0.5680 0.8147 0.1172
vn 0.8375 0.5324 0.1228
vn 0.7712 0.6327 0.0694
vn 0.7712 0.6349 -0.0471
vn 0.7362 0.6764 -0.0207
vn 0.8427 0.5168 -0.1513
vn 0.8752 0.4802 -0.0577
vn 0.8489 0.4953 -0.1844
vn 0.8496 0.4938 -0.1853
vn 0.7190 0.6781 -0.1524
vn 0.6915 0.7188 0.0723
vn 0.7206 0.6920 -0.0434
vn 0.6630 0.7289 -0.1706
vn 0.6206 0.7604 -0.1917
vn 0.7408 0.6139 -0.2727
vn 0.6266 0.7710 -0.1140
vn 0.6029 0.7724 -0.1998
vn 0.4559 0.8826 -0.1144
vn 0.4588 0.8807 -0.1181
vn 0.4212 0.8957 -0.1427
vn 0.4196 0.8964 -0.1431
vn 0.6452 0.7286 -0.2296
vn 0.3981 0.8972 -0.1914
vn 0.4334 0.8819 -0.1856
vn 0.4498 0.8703 -0.2007
vn 0.3822 0.8833 -0.2714
vn 0.5920 0.7589 -0.2712
vn 0.5736 0.7607 -0.3040
vn 0.5758 0.7447 -0.3376
vn 0.6825 0.5832 -0.4405
vn 0.6637 0.5983 -0.4489
vn 0.5111 0.7462 -0.4265
vn 0.6422 0.5980 -0.4795
vn 0.6399 0.5843 -0.4992
vn 0.4783 0.7632 -0.4345
vn 0.7632 0.4130 -0.4969
vn 0.7278 0.4141 -0.5466
vn 0.7214 0.3972 -0.5673
vn 0.7424 0.1474 -0.6536
vn 0.7491 0.1473 -0.6459
vn 0.6547 0.3983 -0.6425
vn 0.6144 0.1499 -0.7746
vn 0.6280 0.1713 -0.7591
vn 0.7329 0.1697 -0.6588
vn 0.6179 0.4179 -0.6660
vn 0.6603 0.4169 -0.6247
vn 0.6070 0.3993 -0.6871
vn 0.5386 0.5860 -0.6053
vn 0.5908 0.5852 -0.5554
vn 0.5446 0.6003 -0.5857
vn 0.4247 0.7477 -0.5105
vn 0.5042 0.7463 -0.4346
vn 0.5080 0.7626 -0.4005
vn 0.5718 0.5994 -0.5601
vn 0.3914 0.7643 -0.5125
vn 0.3468 0.8713 -0.3473
vn 0.3118 0.8727 -0.3758
vn 0.4254 0.7638 -0.4854
vn 0.3900 0.7048 -0.5926
vn 0.4291 0.6018 -0.6736
vn 0.4194 0.5869 -0.6926
vn 0.4809 0.5862 -0.6520
vn 0.4598 0.6015 -0.6533
vn 0.3489 0.7042 -0.6184
vn 0.4726 0.4002 -0.7852
vn 0.4886 0.4207 -0.7644
vn 0.5369 0.4199 -0.7318
vn 0.6208 0.1498 -0.7695
vn 0.7007 0.0402 -0.7123
vn 0.5277 0.4001 -0.7493
vn 0.3805 0.0438 -0.9238
vn 0.4733 0.2018 -0.8575
vn 0.4578 0.2019 -0.8658
vn 0.4181 -0.0346 -0.9077
vn 0.4640 -0.0351 -0.8851
vn 0.5035 -0.2992 -0.8106
vn 0.5295 -0.2830 -0.7997
vn 0.6236 -0.0629 -0.7792
vn 0.5434 -0.2957 -0.7857
vn 0.6372 -0.2971 -0.7111
vn 0.6057 -0.3480 -0.7156
vn 0.6300 -0.1938 -0.7520
vn 0.5753 -0.1929 -0.7949
vn 0.5249 -0.3029 -0.7955
vn 0.5391 0.4102 -0.7356
vn 0.4928 0.0031 -0.8701
vn 0.4867 0.4110 -0.7709
vn 0.4939 0.2303 -0.8385
vn 0.5061 0.5215 -0.6870
vn 0.4338 0.6857 -0.5845
vn 0.3770 0.6863 -0.6220
vn 0.4586 0.4561 -0.7627
vn 0.5665 0.5206 -0.6388
vn 0.4340 0.6861 -0.5839
vn 0.5493 0.6208 -0.5594
vn 0.5066 0.6840 -0.5249
vn 0.5208 0.6717 -0.5269
vn 0.5152 0.6578 -0.5494
vn 0.5215 0.6577 -0.5436
vn 0.6254 0.3145 -0.7141
vn 0.7355 0.0064 -0.6774
vn 0.5240 0.6753 -0.5190
vn 0.7246 0.0066 -0.6892
vn 0.5976 0.6738 -0.4347
vn 0.6004 0.7063 -0.3751
vn 0.6042 0.7011 -0.3786
vn 0.7736 0.3273 -0.5425
vn 0.8843 0.0102 -0.4668
vn 0.5528 0.7073 -0.4405
vn 0.6918 -0.5071 -0.5140
vn 0.7556 -0.5103 -0.4107
vn 0.8725 -0.0761 -0.4827
vn 0.9235 -0.0782 -0.3756
vn 0.8457 -0.3727 -0.3820
vn 0.8442 -0.3787 -0.3793
vn 0.4224 -0.8722 -0.2469
vn 0.5001 -0.8263 -0.2591
vn 0.8931 -0.3743 -0.2497
vn 0.5890 -0.7839 -0.1963
vn 0.7043 -0.6630 -0.2538
vn 0.5565 -0.8161 -0.1558
vn 0.7638 -0.6124 -0.2041
vn 0.5901 -0.7924 -0.1542
vn 0.4873 -0.8627 -0.1354
vn 0.4661 -0.8763 -0.1217
vn 0.6917 -0.7221 -0.0141
vn 0.6589 -0.7453 -0.1015
vn 0.7770 -0.6188 -0.1152
vn 0.6016 -0.7965 -0.0615
vn 0.5915 -0.8045 -0.0530
vn 0.8518 -0.5009 -0.1532
vn 0.8627 -0.5035 -0.0471
vn 0.9364 -0.3362 -0.1002
vn 0.9380 -0.3398 0.0691
vn 0.9576 -0.2692 0.1027
vn 0.5911 -0.8036 -0.0698
vn 0.7559 -0.6457 0.1079
vn 0.7495 -0.6467 0.1412
vn 0.9503 -0.2695 0.1560
vn 0.8037 -0.5766 0.1467
vn 0.9760 0.1848 0.1150
vn 0.7101 -0.6665 0.2270
vn 0.7743 -0.5929 0.2211
vn 0.9266 -0.2684 0.2633
vn 0.9442 0.0866 0.3178
vn 0.9835 -0.0437 0.1757
vn 0.9770 -0.0807 0.1972
vn 0.7484 0.6431 0.1621
vn 0.9133 0.3466 0.2139
vn 0.9375 0.1795 0.2983
vn 0.7124 0.6504 0.2635
vn 0.7415 0.6521 0.1576
vn 0.7223 0.6228 0.3007
vn 0.7412 0.5823 0.3340
vn 0.6573 0.7219 0.2164
vn 0.9285 0.3428 0.1426
vn 0.8784 0.3406 0.3354
vn 0.5442 0.8302 0.1208
vn 0.6471 0.7054 0.2893
vn 0.6835 0.6503 0.3315
vn 0.7191 0.5814 0.3805
vn 0.6193 0.7045 0.3466
vn 0.8914 0.2383 0.3855
vn 0.8409 0.4352 0.3216
vn 0.7897 0.4342 0.4334
vn 0.7718 0.5031 0.3889
vn 0.8712 0.0365 0.4896
vn 0.9343 -0.0192 0.3559
vn 0.8809 -0.0210 0.4728
vn 0.8272 -0.3519 0.4380
vn 0.7835 -0.3516 0.5124
vn 0.7845 -0.4148 0.4610
vn 0.8331 0.0355 0.5520
vn 0.8636 -0.3505 0.3624
vn 0.8655 -0.3195 0.3858
vn 0.8159 -0.3202 0.4814
vn 0.8660 -0.3189 0.3852
vn 0.8451 -0.3197 0.4285
vn 0.8130 -0.2459 0.5277
vn 0.7543 -0.3229 0.5716
vn 0.8471 -0.1341 0.5143
vn 0.7533 -0.1326 0.6442
vn 0.7547 -0.1363 0.6417
vn 0.8385 0.1801 0.5142
vn 0.8381 0.1779 0.5157
vn 0.8459 -0.1299 0.5172
vn 0.8339 0.0197 0.5516
vn 0.7821 0.0177 0.6230
vn 0.7459 0.1777 0.6419
vn 0.7344 0.3566 0.5775
vn 0.7449 0.1748 0.6438
vn 0.7605 0.3767 0.5289
vn 0.7084 0.3944 0.5853
vn 0.7629 0.3958 0.5111
vn 0.7203 0.5685 0.3975
vn 0.6823 0.5674 0.4610
vn 0.8123 0.3785 0.4438
vn 0.7422 0.5848 0.3274
vn 0.7027 0.5830 0.4078
vn 0.8013 0.4842 0.3513
vn 0.7363 0.6295 0.2481
vn 0.8402 0.3998 0.3664
vn 0.8154 0.3991 0.4194
vn 0.8700 0.3994 0.2890
vn 0.8356 0.4451 0.3220
vn 0.7982 0.5394 0.2681
vn 0.8916 0.4008 0.2106
vn 0.8491 0.4880 0.2022
vn 0.8494 0.4874 0.2025
vn 0.8814 0.4387 0.1750
vn 0.8928 0.4389 0.1017
vn 0.8243 0.5579 0.0966
vn 0.8710 0.4910 0.0162
vn 0.8358 0.5473 0.0423
vn 0.8473 0.5260 0.0733
vn 0.9348 0.3218 0.1505
vn 0.9648 0.1856 0.1861
vn 0.9225 0.3205 0.2152
vn 0.9941 -0.0328 0.1035
vn 0.9904 0.0899 0.1053
vn 0.9649 0.1069 0.2398
vn 0.9869 0.1092 0.1187
vn 0.9898 0.1348 0.0458
vn 0.9923 -0.0762 0.0980
vn 0.9698 -0.1718 0.1732
vn 0.9963 -0.0752 0.0425
vn 0.9965 0.0660 -0.0513
vn 0.9969 -0.0759 -0.0227
vn 0.9961 -0.0769 0.0437
vn 0.9682 -0.2470 0.0395
vn 0.9848 -0.1673 -0.0469
vn 0.9963 -0.0842 -0.0152
vn 0.9404 -0.3367 -0.0479
vn 0.9445 -0.0689 -0.3211
vn 0.9622 -0.1918 -0.1932
vn 0.9760 -0.1348 -0.1709
vn 0.9405 -0.3038 -0.1521
vn 0.9177 -0.3504 -0.1872
vn 0.8217 -0.4988 -0.2758
vn 0.9125 -0.2767 -0.3014
vn 0.9058 -0.2495 -0.3426
vn 0.9000 -0.0359 -0.4343
vn 0.9329 -0.1196 -0.3397
vn 0.9802 -0.1224 -0.1557
vn 0.9372 0.2418 -0.2514
vn 0.9522 0.2402 -0.1887
vn 0.9602 0.1404 -0.2415
vn 0.9768 -0.0718 -0.2015
vn 0.8956 0.3900 -0.2141
vn 0.9818 0.1387 -0.1299
vn 0.9372 0.3271 -0.1207
vn 0.9182 0.3873 -0.0837
vn 0.9826 0.1854 -0.0116
vn 0.9778 0.1876 -0.0939
vn 0.9457 0.3248 -0.0087
vn 0.9258 0.1425 -0.3501
vn 0.8757 0.4102 -0.2546
vn 0.8914 0.4089 -0.1957
vn 0.9016 0.1431 -0.4083
vn 0.9029 0.2404 -0.3564
vn 0.8770 0.3918 -0.2781
vn 0.8410 0.3932 -0.3716
vn 0.8013 0.4964 -0.3339
vn 0.7984 0.5479 -0.2499
vn 0.8401 0.4128 -0.3520
vn 0.7203 0.5817 -0.3780
vn 0.8121 0.3939 -0.4306
vn 0.8152 0.4140 -0.4050
vn 0.7682 0.5784 -0.2743
vn 0.7609 0.3950 -0.5148
vn 0.8485 0.1459 -0.5087
vn 0.8529 0.1458 -0.5014
vn 0.8762 0.2420 -0.4167
vn 0.8768 0.2368 -0.4184
vn 0.8395 0.1679 -0.5167
vn 0.8194 -0.0652 -0.5695
vn 0.8540 -0.0663 -0.5161
vn 0.8130 -0.2268 -0.5362
vn 0.8454 -0.3046 -0.4388
vn 0.8351 -0.1595 -0.5265
vn 0.8159 -0.3144 -0.4853
vn 0.7971 -0.1590 -0.5826
vn 0.7487 -0.0648 -0.6597
vn 0.7536 -0.3141 -0.5774
vn 0.7215 0.2367 -0.6507
vn 0.7045 -0.1852 -0.6851
vn 0.7383 -0.4564 -0.4967
vn 0.8331 0.0548 -0.5504
vn 0.8338 0.0521 -0.5496
vn 0.7586 0.2369 -0.6070
vn 0.6926 -0.2537 -0.6752
vn 0.7090 -0.3009 -0.6378
vn 0.6947 0.0542 -0.7173
vn 0.7064 -0.3488 -0.6158
vn 0.7178 0.5184 -0.4648
vn 0.6722 0.5196 -0.5274
vn 0.6197 -0.0628 -0.7823
vn 0.6400 -0.3006 -0.7071
vn 0.6806 -0.1558 -0.7159
vn 0.7274 -0.1564 -0.6681
vn 0.8798 0.0533 -0.4724
vn 0.6465 0.6848 -0.3364
vn 0.8967 -0.0349 -0.4413
vn 0.7909 0.5158 -0.3292
vn 0.8816 0.3549 -0.3113
vn 0.7390 0.5163 -0.4328
vn 0.8730 -0.2567 -0.4148
vn 0.8822 0.3549 -0.3094
vn 0.8723 -0.3746 -0.3143
vn 0.9499 -0.0452 -0.3092
vn 0.8509 0.4739 -0.2266
vn 0.9828 -0.0468 -0.1786
vn 0.8239 0.5121 -0.2426
vn 0.9841 -0.0034 -0.1776
vn 0.9217 0.3811 -0.0727
vn 0.8522 0.5122 -0.1065
vn 0.9256 0.3782 0.0134
vn 0.7255 0.6828 -0.0862
vn 0.7542 0.6564 0.0200
vn 0.7427 0.6596 -0.1153
vn 0.9780 0.1504 -0.1444
vn 0.7591 0.6505 0.0241
vn 0.8659 0.4931 0.0845
vn 0.8671 0.4956 -0.0504
vn 0.7591 0.6510 -0.0069
vn 0.7100 0.7037 0.0262
vn 0.8918 0.4438 0.0879
vn 0.6795 0.7260 0.1057
vn 0.8873 0.4427 0.1289
vn 0.7473 0.6430 0.1675
vn 0.7031 0.7028 0.1082
vn 0.8901 0.4356 0.1338
vn 0.9085 -0.4058 0.0999
vn 0.9885 0.1496 0.0213
vn 0.9568 -0.1255 0.2621
vn 0.9881 -0.1231 0.0918
vn 0.8807 0.4348 0.1879
vn 0.9381 -0.2497 0.2402
vn 0.9582 -0.2748 0.0801
vn 0.8998 -0.4074 0.1562
vn 0.9267 -0.2796 0.2511
vn 0.9357 -0.3122 0.1644
vn 0.9105 -0.3510 0.2187
vn 0.9090 -0.3175 0.2699
vn 0.9415 -0.3354 0.0336
vn 0.9137 -0.3891 0.1170
vn 0.9250 -0.3699 -0.0866
vn 0.9784 -0.0086 -0.2066
vn 0.9874 0.1075 -0.1157
vn 0.7487 0.6403 -0.1713
vn 0.7067 0.6834 -0.1833
vn 0.7960 0.5894 -0.1377
vn 0.9385 0.1372 -0.3169
vn 0.9843 -0.0787 -0.1578
vn 0.9960 -0.0809 -0.0374
vn 0.8679 -0.3909 -0.3064
vn 0.9440 -0.2878 -0.1615
vn 0.7409 0.5978 -0.3063
vn 0.6397 0.6734 -0.3707
vn 0.6396 0.6735 -0.3705
vn 0.7044 -0.0637 -0.7070
vn 0.8812 -0.3054 -0.3609
vn 0.9159 -0.2419 -0.3204
vn 0.7537 0.1701 -0.6348
vn 0.9768 -0.1709 0.1293
vn 0.9384 -0.1127 0.3268
vn 0.9698 -0.1718 0.1731
vn 0.9550 -0.0557 0.2912
vn 0.9225 0.1829 0.3400
vn 0.9224 0.1814 0.3411
vn 0.9161 0.1811 0.3576
vn 0.9112 -0.0577 0.4080
vn 0.9249 0.1477 0.3503
vn 0.9162 0.1823 0.3568
vn 0.8805 0.0212 0.4735
vn 0.8574 -0.1335 0.4970
vn 0.9254 -0.1312 0.3555
vn 0.8481 0.1798 0.4984
vn 0.8477 0.1782 0.4996
vn 0.6032 0.7501 0.2710
vn 0.7345 0.6309 0.2499
vn 0.6171 0.7510 0.2348
vn 0.6080 0.7654 0.2111
vn 0.6193 0.7216 0.3093
vn 0.4870 0.8408 0.2365
vn 0.5369 0.8079 0.2431
vn 0.4284 0.8962 0.1155
vn 0.6505 0.6208 0.4375
vn 0.6223 0.7217 0.3031
vn 0.5431 0.8077 0.2295
vn 0.5024 0.8056 0.3141
vn 0.3658 0.8890 0.2755
vn 0.5908 0.7193 0.3655
vn 0.4564 0.8053 0.3784
vn 0.5607 0.7139 0.4194
vn 0.5600 0.7199 0.4100
vn 0.4759 0.7120 0.5163
vn 0.5960 0.5804 0.5548
vn 0.5826 0.5352 0.6117
vn 0.6760 0.5370 0.5046
vn 0.6038 0.6267 0.4927
vn 0.6798 0.5362 0.5004
vn 0.6444 0.6276 0.4368
vn 0.6759 0.5360 0.5058
vn 0.5308 0.5799 0.6180
vn 0.5903 0.4297 0.6833
vn 0.6486 0.4307 0.6275
vn 0.6592 0.3142 0.6832
vn 0.6469 0.3140 0.6950
vn 0.6310 0.2701 0.7272
vn 0.5865 0.0702 0.8069
vn 0.6639 0.0713 0.7445
vn 0.5579 0.0144 0.8298
vn 0.5811 0.2217 0.7830
vn 0.5544 0.2689 0.7876
vn 0.6429 0.1217 0.7563
vn 0.6262 -0.1381 0.7674
vn 0.7399 -0.1329 0.6595
vn 0.7412 -0.1361 0.6574
vn 0.7226 0.0163 0.6910
vn 0.7338 0.1746 0.6565
vn 0.7158 0.1230 0.6873
vn 0.7048 -0.2483 0.6645
vn 0.7168 -0.3332 0.6125
vn 0.6100 -0.3358 0.7177
vn 0.6750 -0.2421 0.6970
vn 0.5368 0.2215 0.8141
vn 0.5347 0.5108 0.6732
vn 0.3459 0.5052 0.7907
vn 0.4335 0.4271 0.7935
vn 0.5999 0.5618 0.5697
vn 0.5525 0.4295 0.7143
vn 0.5249 0.2040 0.8264
vn 0.3980 0.2027 0.8947
vn 0.4176 0.4269 0.8021
vn 0.3821 0.2188 0.8978
vn 0.3007 0.1190 0.9463
vn 0.3410 0.3903 0.8552
vn 0.3963 0.3905 0.8309
vn 0.2901 0.1416 0.9465
vn 0.2433 -0.0914 0.9656
vn 0.3875 -0.1850 0.9031
vn 0.3040 -0.0913 0.9483
vn 0.3112 0.1190 0.9429
vn 0.2841 -0.1834 0.9411
vn 0.3513 -0.3278 0.8770
vn 0.2614 -0.2522 0.9317
vn 0.2184 -0.1841 0.9583
vn 0.1894 -0.3297 0.9249
vn 0.1312 -0.0927 0.9870
vn 0.2938 -0.3281 0.8978
vn 0.1229 -0.4206 0.8989
vn 0.1277 -0.3285 0.9358
vn 0.0901 -0.2528 0.9633
vn 0.2141 -0.2918 0.9322
vn 0.2828 -0.4200 0.8623
vn 0.2151 -0.2751 0.9370
vn 0.3302 -0.3585 0.8732
vn 0.3489 -0.1355 0.9273
vn 0.2563 -0.1361 0.9570
vn 0.2598 0.2026 0.9442
vn 0.1735 0.4561 0.8729
vn 0.1117 0.3416 0.9332
vn 0.2235 0.3435 0.9122
vn 0.1702 -0.0689 0.9830
vn 0.0895 -0.0689 0.9936
vn 0.0619 0.0256 0.9978
vn 0.1093 0.4567 0.8829
vn -0.0000 0.6527 0.7576
vn -0.0000 0.0255 0.9997
vn -0.0451 -0.0364 0.9983
vn -0.1197 0.4939 0.8612
vn -0.0776 -0.1597 0.9841
vn 0.0552 -0.3248 0.9442
vn 0.0450 0.4939 0.8684
vn 0.0299 0.6549 0.7551
vn -0.0811 0.4128 0.9072
vn -0.0635 0.6956 0.7156
vn -0.1008 0.6441 0.7583
vn 0.0397 0.6437 0.7643
vn -0.1206 -0.0964 0.9880
vn 0.0313 0.2287 0.9730
vn 0.1394 0.2277 0.9637
vn 0.0741 0.7174 0.6927
vn 0.0660 0.5740 0.8162
vn 0.1779 0.0686 0.9817
vn 0.1882 0.0225 0.9819
vn 0.1439 0.5793 0.8023
vn 0.0885 0.0222 0.9958
vn 0.1430 0.5746 0.8059
vn 0.1287 0.5789 0.8052
vn 0.1729 0.6691 0.7228
vn 0.1293 0.6685 0.7324
vn 0.4780 0.4824 0.7340
vn 0.3407 0.2311 0.9113
vn 0.2124 0.6825 0.6993
vn 0.2336 0.4942 0.8374
vn 0.2598 0.6628 0.7023
vn 0.2317 0.6827 0.6930
vn 0.2528 0.0774 0.9644
vn 0.2508 0.0689 0.9656
vn 0.3631 0.0778 0.9285
vn 0.3228 -0.5417 0.7761
vn 0.3270 -0.5631 0.7590
vn 0.2512 -0.4533 0.8552
vn 0.1869 -0.5640 0.8044
vn 0.3394 -0.0258 0.9403
vn 0.4022 -0.5397 0.7395
vn 0.4196 -0.1778 0.8902
vn 0.4545 -0.0250 0.8904
vn 0.4179 0.2230 0.8807
vn 0.4424 0.3628 0.8202
vn 0.5103 -0.3274 0.7952
vn 0.4146 0.2230 0.8823
vn 0.3826 0.6813 0.6241
vn 0.3317 0.6815 0.6523
vn 0.1779 -0.8196 0.5446
vn 0.1836 -0.8238 0.5363
vn 0.1963 -0.7427 0.6402
vn 0.1028 -0.8271 0.5526
vn 0.1538 -0.7435 0.6508
vn 0.1578 -0.4839 0.8608
vn 0.1478 -0.4538 0.8788
vn 0.0440 -0.8117 0.5824
vn 0.0782 -0.4841 0.8715
vn 0.0756 -0.7578 0.6481
vn 0.0464 -0.4002 0.9153
vn 0.1602 -0.8020 0.5755
vn 0.3204 0.6633 0.6763
vn 0.3411 0.2311 0.9112
vn 0.3737 0.4964 0.7835
vn 0.1668 0.7157 0.6782
vn -0.0136 -0.3994 0.9167
vn -0.1570 -0.3294 0.9311
vn -0.2146 -0.0356 0.9761
vn 0.0841 -0.3588 0.9296
vn -0.0400 -0.3580 0.9329
vn 0.4113 0.2020 0.8889
vn 0.4303 -0.1343 0.8926
vn 0.4072 -0.3578 0.8403
vn 0.3543 0.2048 0.9124
vn -0.0363 -0.3287 0.9437
vn 0.1486 0.1410 0.9788
vn 0.3249 0.3727 0.8692
vn 0.2293 0.3718 0.8996
vn 0.4793 0.7121 0.5130
vn 0.3781 0.7105 0.5935
vn 0.4802 0.7179 0.5040
vn 0.5205 0.5646 0.6405
vn 0.4781 0.7134 0.5123
vn 0.4758 0.7179 0.5082
vn 0.5124 0.0138 0.8587
vn 0.5806 -0.1804 0.7940
vn 0.5416 -0.1810 0.8209
vn 0.5322 -0.2440 0.8107
vn 0.6721 0.3555 0.6495
vn 0.3716 0.8890 0.2673
vn 0.3589 0.8608 0.3608
vn 0.3362 0.8675 0.3667
vn 0.3431 0.8849 0.3149
vn 0.3405 0.8590 0.3823
vn 0.2912 0.8980 0.3299
vn 0.6107 0.6742 0.4153
vn -0.0077 0.9999 0.0129
vn 0.5769 0.7455 0.3339
vn 0.4961 0.7449 0.4462
vn 0.3863 0.8888 0.2464
vn 0.4207 0.8901 0.1750
vn 0.6443 0.6758 0.3580
vn 0.6669 0.6768 0.3118
vn 0.6446 0.6752 0.3586
vn 0.7703 0.5669 0.2918
vn 0.8574 0.3496 0.3778
vn 0.8229 0.3484 0.4488
vn 0.8430 0.0850 0.5311
vn 0.9193 0.0873 0.3838
vn 0.8461 0.2693 0.4600
vn 0.8693 -0.1679 0.4648
vn 0.9104 -0.2739 0.3102
vn 0.8531 -0.2783 0.4413
vn 0.9212 -0.1179 0.3707
vn 0.6046 -0.7514 0.2644
vn 0.7059 -0.5992 0.3776
vn 0.7457 -0.4703 0.4719
vn 0.6544 -0.6399 0.4029
vn 0.7678 -0.5135 0.3833
vn 0.8303 -0.4243 0.3614
vn 0.6716 -0.6746 0.3063
vn 0.8269 -0.4348 0.3565
vn 0.8422 -0.4694 0.2653
vn 0.7060 -0.6741 0.2174
vn 0.8626 -0.4329 0.2616
vn 0.8329 -0.5129 0.2078
vn 0.8554 -0.4689 0.2202
vn 0.7043 -0.4936 0.5101
vn 0.7303 -0.4926 0.4732
vn 0.7506 -0.1699 0.6385
vn 0.7123 -0.4806 0.5116
vn 0.5773 -0.6792 0.4533
vn 0.6882 -0.4383 0.5782
vn 0.6808 -0.4927 0.5420
vn 0.7311 -0.4917 0.4730
vn 0.8330 0.0693 0.5489
vn 0.7791 0.0675 0.6232
vn 0.7801 0.0601 0.6228
vn 0.8330 0.0603 0.5500
vn 0.4697 0.7969 0.3799
vn 0.7001 0.0577 0.7117
vn 0.5731 0.5671 0.5916
vn 0.5886 0.5679 0.5753
vn 0.5725 0.3722 0.7305
vn 0.4550 0.7693 0.4485
vn 0.6961 -0.2094 0.6867
vn 0.6975 -0.2723 0.6628
vn 0.5308 -0.4046 0.7447
vn 0.6104 0.1087 0.7846
vn 0.4664 0.6247 0.6263
vn 0.4271 0.5632 0.7074
vn 0.3988 0.6241 0.6719
vn 0.5040 0.1079 0.8569
vn 0.5320 -0.1521 0.8330
vn 0.4290 -0.1535 0.8901
vn 0.3628 0.5633 0.7423
vn 0.4122 -0.2045 0.8879
vn 0.3710 0.5046 0.7796
vn 0.3270 -0.2051 0.9225
vn 0.3488 0.5048 0.7896
vn 0.2596 0.7916 0.5531
vn 0.2105 0.7912 0.5742
vn 0.3347 0.2933 0.8955
vn 0.1584 0.8165 0.5551
vn 0.2309 0.2924 0.9280
vn 0.1220 0.8782 0.4624
vn 0.2062 0.8768 0.4344
vn 0.2862 0.2706 0.9192
vn 0.1340 0.8380 0.5289
vn 0.2224 0.0421 0.9740
vn 0.2679 0.4674 0.8425
vn 0.0477 0.8360 0.5467
vn 0.1922 0.2426 0.9509
vn 0.0307 0.9325 0.3599
vn 0.0450 0.2409 0.9695
vn 0.0357 0.4977 0.8666
vn 0.0422 0.7506 0.6594
vn -0.9994 0.0075 -0.0345
vn -0.0049 0.0831 0.9965
vn 0.0065 -0.2493 0.9684
vn -0.0997 0.2839 0.9536
vn -0.1232 0.2442 0.9619
vn -0.1332 0.1390 0.9813
vn -0.1308 -0.5349 0.8347
vn 0.0444 -0.5324 0.8453
vn 0.0637 -0.4258 0.9026
vn 0.0574 -0.3451 0.9368
vn 0.0222 -0.5328 0.8459
vn -0.0377 0.3722 0.9274
vn -0.0654 -0.6918 0.7191
vn -0.0892 0.0841 0.9925
vn -0.0445 -0.5390 0.8411
vn -0.2588 -0.5338 0.8050
vn -0.0437 -0.7458 0.6647
vn -0.0529 -0.8118 0.5815
vn -0.1068 -0.8117 0.5742
vn -0.1037 -0.8178 0.5661
vn -0.1739 -0.3345 0.9262
vn -0.0000 -0.8670 0.4983
vn -0.0000 -0.9998 -0.0175
vn 0.0005 -0.9998 -0.0174
vn 0.0675 -0.6623 0.7462
vn -0.0005 -0.9998 -0.0174
vn 0.0001 -0.9998 -0.0175
vn 0.1254 -0.7238 0.6785
vn 0.1412 -0.8103 0.5687
vn 0.0425 -0.8116 0.5827
vn 0.1140 -0.8862 0.4491
vn 0.3122 -0.4740 0.8233
vn 0.1878 -0.7236 0.6642
vn 0.2500 -0.6027 0.7578
vn 0.2153 -0.1513 0.9648
vn 0.2348 -0.2258 0.9454
vn 0.2357 -0.6608 0.7126
vn 0.2468 -0.0668 0.9668
vn 0.1468 -0.4262 0.8926
vn 0.3434 -0.2255 0.9117
vn 0.3511 -0.3078 0.8843
vn 0.4356 -0.0000 0.9002
vn 0.4073 -0.3074 0.8600
vn 0.3480 0.1183 0.9300
vn 0.4254 0.1189 0.8972
vn 0.4761 0.4698 0.7434
vn 0.2732 0.8316 0.4835
vn 0.5071 -0.2039 0.8374
vn 0.3944 0.4700 0.7896
vn 0.8976 -0.0000 -0.4407
vn 0.5222 -0.3302 0.7863
vn 0.3529 -0.6847 0.6377
vn 0.3489 -0.6847 0.6398
vn 0.3568 -0.6030 0.7135
vn 0.4045 -0.2876 0.8681
vn 0.5371 -0.2036 0.8186
vn 0.5296 -0.3745 0.7611
vn 0.6428 -0.2034 0.7385
vn 0.5782 0.2316 0.7823
vn 0.6388 0.2327 0.7333
vn 0.6839 0.2684 0.6785
vn 0.7296 -0.2077 0.6515
vn 0.6369 0.2676 0.7231
vn 0.7470 -0.1557 0.6464
vn 0.6412 -0.1589 0.7507
vn 0.4925 -0.6795 0.5439
vn 0.4402 -0.7814 0.4424
vn 0.5059 0.7344 0.4524
vn 0.3852 0.8509 0.3573
vn 0.3221 0.8497 0.4175
vn 0.4417 0.7275 0.5251
vn 0.1722 0.9701 0.1712
vn 0.3623 0.7248 0.5861
vn 0.2239 -0.9299 0.2919
vn 0.2056 -0.8876 0.4121
vn -0.0001 -0.9998 -0.0174
vn 0.6670 -0.0531 0.7431
vn 0.5282 -0.6095 0.5912
vn 0.1788 0.8628 0.4729
vn 0.2768 0.8642 0.4201
vn 0.3771 0.6714 0.6381
vn 0.0002 -0.9998 -0.0175
vn 0.0006 -0.9998 -0.0176
vn -0.2297 -0.3344 0.9140
vn -0.1881 -0.8164 0.5460
vn -0.2185 -0.3568 0.9083
vn -0.3417 -0.3567 0.8695
vn -0.2489 -0.7251 0.6421
vn -0.2438 -0.7325 0.6356
vn -0.3298 -0.2979 0.8958
vn -0.1852 -0.7328 0.6547
vn -0.0002 -0.9998 -0.0175
vn -0.0006 -0.9998 -0.0176
vn -0.3460 0.1711 0.9225
vn -0.4352 -0.2968 0.8500
vn -0.4120 0.1718 0.8949
vn -0.3748 0.5655 0.7347
vn -0.4975 0.3012 0.8135
vn -0.4991 -0.2650 0.8250
vn -0.4281 -0.2659 0.8637
vn -0.3997 -0.6380 0.6582
vn -0.3382 -0.6384 0.6915
vn -0.4924 -0.2337 0.8384
vn -0.3696 -0.7550 0.5417
vn -0.5490 -0.2334 0.8026
vn -0.5542 -0.4915 0.6718
vn -0.5667 -0.4912 0.6615
vn -0.0851 -0.9934 0.0770
vn -0.3441 -0.7924 0.5037
vn -0.5672 -0.5207 0.6381
vn -0.2069 -0.9577 0.2002
vn -0.4727 -0.7377 0.4821
vn -0.7000 -0.3482 0.6235
vn -0.7066 -0.3717 0.6022
vn -0.3947 -0.8664 0.3058
vn -0.7247 -0.4305 0.5380
vn -0.3514 -0.9088 0.2251
vn -0.4570 -0.8533 0.2509
vn -0.7851 -0.4602 0.4145
vn -0.7584 -0.4614 0.4604
vn -0.6622 -0.6701 0.3353
vn -0.8051 -0.3544 0.4756
vn -0.2551 -0.9560 0.1447
vn -0.1050 -0.9941 0.0258
vn -0.6814 -0.6695 0.2956
vn -0.6082 -0.7542 0.2476
vn -0.0979 -0.9949 0.0223
vn -0.6275 -0.7535 0.1961
vn -0.3011 -0.9509 0.0716
vn 0.0001 -0.9998 -0.0174
vn -0.0000 -0.9998 -0.0177
vn -0.1358 -0.9907 0.0065
vn -0.2712 -0.9618 0.0381
vn -0.2509 -0.9675 0.0309
vn -0.8799 -0.4287 0.2050
vn -0.8918 -0.4282 0.1458
vn -0.7597 -0.6452 0.0807
vn -0.7642 -0.6443 0.0293
vn -0.9476 -0.3191 0.0163
vn -0.9392 -0.3212 0.1214
vn -0.9288 -0.3621 -0.0790
vn -0.5800 -0.8144 -0.0202
vn -0.5885 -0.8083 -0.0158
vn -0.9638 -0.2667 -0.0011
vn -0.9634 -0.2660 -0.0339
vn -0.9290 -0.3621 -0.0758
vn -0.9503 -0.2948 -0.0997
vn -0.9856 0.0773 -0.1506
vn -0.8711 0.4817 -0.0962
vn -0.8758 0.4809 -0.0410
vn -0.8850 0.4640 -0.0393
vn -0.5387 0.8425 -0.0052
vn -0.5308 0.8433 -0.0844
vn -0.9984 0.0517 -0.0236
vn -0.9885 0.0537 -0.1416
vn -0.6212 0.7811 -0.0625
vn -0.6072 0.7938 -0.0330
vn -0.9918 -0.0238 -0.1254
vn -0.6094 0.7825 -0.1278
vn -0.9744 -0.0221 -0.2237
vn -0.5377 0.8274 -0.1624
vn -0.9430 0.1420 -0.3010
vn -0.6477 0.7454 -0.1577
vn -0.9592 0.1223 -0.2547
vn -0.9444 0.1233 -0.3049
vn -0.8771 -0.3817 -0.2916
vn -0.9015 -0.3831 -0.2011
vn -0.8772 -0.3812 -0.2917
vn -0.8052 -0.5276 -0.2709
vn -0.8450 -0.4934 -0.2063
vn -0.7261 -0.6669 -0.1675
vn -0.8137 -0.5284 -0.2421
vn -0.8548 -0.3757 -0.3581
vn -0.8535 -0.3803 -0.3562
vn -0.7253 -0.6063 -0.3260
vn -0.7277 -0.6038 -0.3255
vn -0.7687 -0.6041 -0.2101
vn -0.8224 -0.3749 -0.4279
vn -0.8296 -0.3279 -0.4520
vn -0.6965 -0.6053 -0.3854
vn -0.7771 -0.3259 -0.5384
vn -0.6929 -0.6128 -0.3798
vn -0.6581 -0.6120 -0.4386
vn -0.7386 -0.1844 -0.6484
vn -0.5235 -0.7109 -0.4697
vn -0.6860 -0.5235 -0.5053
vn -0.7296 -0.4640 -0.5023
vn -0.6838 -0.5234 -0.5084
vn -0.7257 -0.4214 -0.5439
vn -0.7124 -0.4208 -0.5616
vn -0.6749 -0.3575 -0.6455
vn -0.7194 0.0992 -0.6874
vn -0.6491 -0.5675 -0.5066
vn -0.6497 0.1007 -0.7535
vn -0.5442 0.6239 -0.5608
vn -0.5963 0.6214 -0.5082
vn -0.7467 0.1044 -0.6569
vn -0.3558 0.8807 -0.3127
vn -0.8402 0.1027 -0.5325
vn -0.4595 0.8082 -0.3683
vn -0.4965 0.8077 -0.3180
vn -0.7209 0.4959 -0.4841
vn -0.4546 0.8522 -0.2591
vn -0.4679 0.8516 -0.2363
vn -0.7936 0.3212 -0.5167
vn -0.8341 0.3198 -0.4494
vn -0.5547 0.7920 -0.2552
vn -0.3024 0.9519 -0.0498
vn -0.8403 -0.3608 -0.4047
vn -0.9363 0.0184 -0.3508
vn -0.8819 0.4067 -0.2384
vn -0.9591 -0.1760 -0.2216
vn -0.9312 -0.1743 -0.3200
vn -0.9749 0.0782 -0.2083
vn -0.9363 0.0004 -0.3512
vn -0.7905 -0.4846 -0.3746
vn -0.5873 -0.7939 -0.1574
vn -0.8501 -0.3770 -0.3678
vn -0.7929 -0.5358 -0.2901
vn -0.8845 -0.3938 -0.2501
vn -0.0243 -0.9994 0.0251
vn -0.9224 -0.2920 -0.2530
vn -0.3658 -0.9238 -0.1132
vn -0.7107 -0.6897 -0.1389
vn -0.5770 -0.8082 -0.1177
vn -0.0001 -0.9999 -0.0172
vn -0.0995 -0.9938 -0.0494
vn -0.2713 -0.9616 -0.0402
vn -0.5247 -0.7979 -0.2968
vn -0.7727 -0.3719 -0.5144
vn 0.0001 -0.9998 -0.0177
vn 0.0003 -0.9998 -0.0179
vn -0.6960 -0.6633 -0.2748
vn -0.6334 -0.6671 -0.3922
vn -0.4934 -0.8009 -0.3394
vn -0.6973 -0.3691 -0.6145
vn -0.5302 -0.7112 -0.4616
vn -0.4625 -0.8001 -0.3819
vn -0.7572 -0.3717 -0.5371
vn 0.0001 -0.9998 -0.0176
vn -0.3187 -0.8811 -0.3493
vn -0.0006 -0.9999 -0.0167
vn -0.2039 -0.9116 -0.3570
vn -0.4597 -0.6623 -0.5916
vn -0.2045 -0.9112 -0.3577
vn -0.4869 -0.6624 -0.5694
vn -0.4841 -0.6722 -0.5602
vn -0.2581 -0.7945 -0.5497
vn -0.4839 -0.3696 -0.7933
vn -0.4015 -0.3690 -0.8383
vn -0.4790 -0.3420 -0.8085
vn -0.3144 -0.4303 -0.8462
vn -0.2089 -0.7949 -0.5697
vn -0.2091 -0.7940 -0.5708
vn -0.4294 -0.1289 -0.8939
vn -0.3725 -0.2544 -0.8925
vn -0.3770 -0.2545 -0.8906
vn -0.0004 -0.9998 -0.0173
vn -0.1053 -0.9119 -0.3966
vn -0.1715 -0.7949 -0.5820
vn -0.0922 -0.6432 -0.7601
vn -0.1089 -0.5724 -0.8127
vn -0.1202 -0.4325 -0.8936
vn -0.1495 -0.5350 -0.8315
vn -0.0704 -0.9118 -0.4046
vn -0.2028 -0.5355 -0.8199
vn -0.2451 -0.4300 -0.8689
vn -0.2510 -0.1282 -0.9595
vn -0.1939 0.1806 -0.9642
vn -0.2370 0.1267 -0.9632
vn -0.1909 -0.0408 -0.9808
vn -0.2655 -0.0411 -0.9632
vn -0.1750 -0.1915 -0.9658
vn -0.0936 -0.1910 -0.9771
vn -0.0844 0.1266 -0.9884
vn -0.0678 -0.3268 -0.9427
vn -0.0165 -0.3268 -0.9450
vn 0.0138 -0.0182 -0.9997
vn -0.0437 0.4077 -0.9121
vn -0.0301 0.4609 -0.8870
vn -0.0368 0.5204 -0.8531
vn -0.0285 0.8229 -0.5675
vn -0.0144 0.7384 -0.6742
vn -0.0573 0.8838 -0.4644
vn -0.1172 0.8366 -0.5351
vn -0.1557 0.4622 -0.8730
vn -0.1092 0.8565 -0.5045
vn -0.2249 0.8271 -0.5151
vn -0.1121 0.8902 -0.4416
vn -0.2278 0.8183 -0.5277
vn -0.1960 0.6897 -0.6970
vn -0.2178 0.6594 -0.7196
vn -0.4067 0.0751 -0.9105
vn -0.2072 0.0757 -0.9754
vn -0.2280 0.2318 -0.9457
vn -0.1852 0.3392 -0.9223
vn -0.1623 -0.2185 -0.9622
vn -0.2582 -0.2189 -0.9410
vn -0.1939 -0.6088 -0.7693
vn -0.2077 -0.6086 -0.7658
vn -0.3116 -0.4544 -0.8345
vn -0.2921 -0.3173 -0.9022
vn -0.2192 0.1047 -0.9700
vn -0.1776 -0.8689 -0.4621
vn -0.2224 0.1047 -0.9693
vn -0.1174 -0.4712 -0.8742
vn -0.1089 -0.4625 -0.8799
vn -0.0983 -0.4265 -0.8991
vn -0.1047 -0.6140 -0.7823
vn -0.0000 -0.4267 -0.9044
vn 0.0325 -0.4899 -0.8712
vn -0.0215 0.3004 -0.9536
vn -0.0008 0.4550 -0.8905
vn -0.0488 0.4553 -0.8890
vn 0.1115 0.3008 -0.9471
vn 0.0328 -0.4899 -0.8711
vn 0.1782 0.0105 -0.9839
vn 0.1955 -0.2866 -0.9379
vn 0.1645 -0.3126 -0.9355
vn 0.1270 -0.3215 -0.9383
vn 0.2222 -0.4374 -0.8714
vn 0.1785 -0.5214 -0.8345
vn 0.1802 -0.5618 -0.8074
vn 0.0852 -0.6837 -0.7248
vn 0.1210 -0.0309 -0.9922
vn 0.1606 -0.0310 -0.9865
vn 0.1654 -0.6490 -0.7426
vn 0.0475 -0.4701 -0.8813
vn 0.1400 0.0512 -0.9888
vn 0.0422 0.3775 -0.9250
vn 0.0221 0.3145 -0.9490
vn -0.0000 -0.4698 -0.8828
vn 0.0565 -0.6132 -0.7879
vn -0.0137 -0.1163 -0.9931
vn -0.0948 0.3142 -0.9446
vn -0.1011 0.2950 -0.9501
vn -0.0747 -0.1163 -0.9904
vn -0.0482 0.6642 -0.7460
vn -0.0928 0.7372 -0.6693
vn -0.1553 0.6645 -0.7310
vn -0.1611 0.2948 -0.9419
vn -0.0604 0.9022 -0.4270
vn -0.2842 0.6593 -0.6960
vn -0.1420 0.4647 -0.8740
vn -0.1790 0.8119 -0.5557
vn -0.1270 0.8833 -0.4512
vn -0.0318 0.8673 -0.4967
vn -0.0499 0.8823 -0.4680
vn -0.1523 0.7056 -0.6921
vn -0.1289 0.7053 -0.6971
vn -0.0938 0.8623 -0.4976
vn -0.1543 0.8749 -0.4591
vn -0.2051 0.9069 -0.3679
vn -0.1294 0.7059 -0.6964
vn -0.0737 0.5897 -0.8043
vn -0.0730 0.5891 -0.8048
vn -0.1461 0.5888 -0.7949
vn -0.0649 0.7060 -0.7052
vn 0.0237 0.5891 -0.8077
vn -0.0110 0.6752 -0.7376
vn 0.0120 0.7052 -0.7089
vn -0.0643 0.7055 -0.7058
vn -0.0482 0.8497 -0.5250
vn 0.0216 0.8492 -0.5277
vn -0.0213 0.7945 -0.6069
vn -0.0045 0.9029 -0.4298
vn 0.0554 0.8799 -0.4719
vn -0.0171 0.8773 -0.4797
vn -0.0112 0.8800 -0.4749
vn 0.0620 0.9199 -0.3873
vn 0.0619 0.8115 -0.5810
vn 0.0766 0.7944 -0.6025
vn -0.0363 0.6643 -0.7466
vn 0.0455 0.4435 -0.8951
vn 0.0238 0.3929 -0.9193
vn 0.0913 0.6940 -0.7141
vn 0.2234 0.3918 -0.8925
vn 0.1048 0.6940 -0.7123
vn 0.1554 0.2939 -0.9431
vn 0.2507 0.6386 -0.7275
vn 0.0792 0.8776 -0.4729
vn 0.1679 0.4926 -0.8539
vn 0.1404 0.8773 -0.4589
vn 0.2345 0.4921 -0.8384
vn 0.3433 0.2954 -0.8916
vn 0.3470 0.0232 -0.9376
vn 0.2853 -0.0739 -0.9556
vn 0.3306 -0.0740 -0.9409
vn 0.2664 0.0515 -0.9625
vn 0.3448 0.3417 -0.8743
vn 0.4407 0.3401 -0.8307
vn 0.4590 0.0220 -0.8882
vn 0.2406 0.6387 -0.7308
vn 0.1396 0.8776 -0.4585
vn 0.0450 0.6758 -0.7358
vn 0.0765 0.5297 -0.8447
vn -0.0227 0.5291 -0.8482
vn 0.0656 0.6902 -0.7206
vn 0.0109 0.4215 -0.9068
vn 0.1073 0.5594 -0.8219
vn 0.0570 0.3679 -0.9281
vn 0.0394 0.3833 -0.9228
vn -0.0115 0.3828 -0.9238
vn -0.0659 0.4028 -0.9129
vn -0.1240 0.2046 -0.9710
vn 0.0359 0.2046 -0.9782
vn -0.0816 0.4215 -0.9031
vn -0.0472 -0.0583 -0.9972
vn 0.0444 -0.1511 -0.9875
vn -0.0170 0.1284 -0.9916
vn -0.0900 -0.0583 -0.9942
vn -0.1230 -0.1057 -0.9868
vn -0.0899 0.0487 -0.9948
vn -0.1220 0.2016 -0.9718
vn -0.1792 0.0487 -0.9826
vn -0.1387 0.2016 -0.9696
vn -0.1417 0.2060 -0.9682
vn -0.1440 -0.1079 -0.9837
vn -0.2969 -0.1087 -0.9487
vn -0.2948 -0.1053 -0.9497
vn -0.2956 0.2054 -0.9330
vn -0.2463 0.1270 -0.9608
vn -0.3152 0.2979 -0.9011
vn -0.2880 0.2308 -0.9294
vn -0.3657 0.1263 -0.9221
vn -0.4431 0.0992 -0.8910
vn -0.3500 0.1001 -0.9314
vn -0.4430 0.3823 -0.8109
vn -0.4196 0.1508 -0.8951
vn -0.3736 0.2982 -0.8783
vn -0.4772 0.3817 -0.7916
vn -0.3896 0.4551 -0.8007
vn -0.3159 0.5885 -0.7443
vn -0.3339 0.5779 -0.7447
vn -0.4587 0.4013 -0.7928
vn -0.4461 0.5769 -0.6842
vn -0.4556 0.5869 -0.6693
vn -0.4615 0.5868 -0.6654
vn -0.4742 0.6018 -0.6426
vn -0.5418 0.4008 -0.7388
vn -0.5545 0.4193 -0.7188
vn -0.5389 0.5854 -0.6057
vn -0.6016 0.4184 -0.6805
vn -0.5451 0.6003 -0.5852
vn -0.5473 0.2004 -0.8126
vn -0.5482 0.2022 -0.8115
vn -0.6726 0.2005 -0.7124
vn -0.5939 0.3985 -0.6989
vn -0.6723 0.1998 -0.7128
vn -0.6663 0.3976 -0.6308
vn -0.6763 0.4183 -0.6063
vn -0.6854 0.1997 -0.7003
vn -0.6732 0.2382 -0.7001
vn -0.6853 0.1993 -0.7005
vn -0.6066 -0.0834 -0.7907
vn -0.5340 0.2005 -0.8213
vn -0.4873 -0.0820 -0.8694
vn -0.4576 0.7020 -0.5457
vn -0.5713 0.5994 -0.5607
vn -0.5912 0.5845 -0.5558
vn -0.4914 0.7025 -0.5148
vn -0.5076 0.7626 -0.4010
vn -0.3756 0.8720 -0.3139
vn -0.5257 0.7614 -0.3794
vn -0.3910 0.8715 -0.2961
vn -0.3971 0.8590 -0.3231
vn -0.3695 0.9008 -0.2282
vn -0.3464 0.9013 -0.2601
vn -0.4346 0.8585 -0.2720
vn -0.3518 0.8896 -0.2914
vn -0.3195 0.9021 -0.2901
vn -0.3756 0.8603 -0.3445
vn -0.2910 0.9026 -0.3173
vn -0.3302 0.8606 -0.3877
vn -0.3290 0.8725 -0.3613
vn -0.3116 0.8729 -0.3753
vn -0.3901 0.7044 -0.5930
vn -0.4483 0.7622 -0.4669
vn -0.4255 0.7634 -0.4860
vn -0.2530 0.8613 -0.4407
vn -0.3542 0.7645 -0.5387
vn -0.3061 0.8611 -0.4059
vn -0.3493 0.7038 -0.6186
vn -0.2604 0.9027 -0.3424
vn -0.2652 0.9026 -0.3392
vn -0.2435 0.8918 -0.3813
vn -0.4127 0.7583 -0.5046
vn -0.3098 0.7592 -0.5724
vn -0.2907 0.8908 -0.3492
vn -0.1851 0.9017 -0.3908
vn -0.1766 0.8917 -0.4168
vn -0.2786 0.8094 -0.5170
vn -0.3076 0.8089 -0.5012
vn -0.2864 0.7621 -0.5806
vn -0.3677 0.5459 -0.7528
vn -0.5284 0.5383 -0.6565
vn -0.4762 0.3859 -0.7902
vn -0.6131 0.0313 -0.7894
vn -0.4900 0.3860 -0.7816
vn -0.5642 -0.2969 -0.7705
vn -0.4903 -0.2961 -0.8197
vn -0.5229 0.2479 -0.8155
vn -0.5046 -0.0466 -0.8621
vn -0.6102 -0.0727 -0.7889
vn -0.5823 -0.5365 -0.6108
vn -0.5744 -0.5429 -0.6126
vn -0.6644 0.1650 -0.7289
vn -0.7035 -0.0513 -0.7088
vn -0.6891 0.1241 -0.7139
vn -0.4921 0.6485 -0.5808
vn -0.4877 0.6602 -0.5712
vn -0.5630 0.6587 -0.4991
vn -0.6927 0.2512 -0.6761
vn -0.5597 0.5386 -0.6297
vn -0.6510 0.5403 -0.5332
vn -0.7574 0.2501 -0.6031
vn -0.7256 0.3931 -0.5648
vn -0.4394 0.8189 -0.3692
vn -0.5888 0.6883 -0.4238
vn -0.7746 -0.0528 -0.6302
vn -0.7770 0.1590 -0.6091
vn -0.4548 -0.6224 -0.6371
vn -0.4950 -0.6386 -0.5892
vn -0.4532 -0.6380 -0.6226
vn -0.4732 -0.3731 -0.7981
vn -0.4648 -0.5241 -0.7137
vn -0.3860 -0.6212 -0.6819
vn -0.5361 -0.3465 -0.7698
vn -0.5226 -0.3740 -0.7662
vn -0.5116 0.0869 -0.8548
vn -0.5121 0.0833 -0.8548
vn -0.5924 0.0827 -0.8014
vn -0.5152 0.4480 -0.7306
vn -0.4835 -0.3209 -0.8144
vn -0.3044 0.8520 -0.4259
vn -0.2690 0.8808 -0.3897
vn -0.4642 0.5449 -0.6983
vn -0.5917 0.4473 -0.6706
vn -0.4008 0.8006 -0.4454
vn -0.3600 0.8514 -0.3816
vn -0.3975 0.5462 -0.7373
vn -0.2660 0.7912 -0.5507
vn -0.3810 0.6581 -0.6494
vn -0.5148 0.4455 -0.7324
vn -0.6198 0.2111 -0.7558
vn -0.5971 0.2115 -0.7738
vn -0.3864 0.8262 -0.4101
vn -0.6187 0.2468 -0.7458
vn -0.6520 -0.0101 -0.7582
vn -0.7004 0.2453 -0.6703
vn -0.7298 -0.0112 -0.6836
vn -0.7777 0.1972 -0.5968
vn -0.5720 0.6701 -0.4730
vn -0.7194 -0.2851 -0.6334
vn -0.6168 0.5486 -0.5645
vn -0.6319 -0.2888 -0.7193
vn -0.6325 -0.2609 -0.7293
vn -0.7247 -0.2614 -0.6376
vn -0.5482 -0.2878 -0.7852
vn -0.4903 0.2485 -0.8354
vn -0.4386 0.3468 -0.8291
vn -0.4289 0.0878 -0.8991
vn -0.3894 -0.5248 -0.7569
vn -0.6251 -0.3476 -0.6989
vn -0.3701 0.3550 -0.8585
vn -0.3826 0.2489 -0.8897
vn -0.4408 -0.0460 -0.8964
vn -0.3475 0.4194 -0.8387
vn -0.3131 0.4680 -0.8264
vn -0.1995 0.7616 -0.6166
vn -0.2100 0.8114 -0.5454
vn -0.1543 0.9017 -0.4039
vn -0.1621 0.9094 -0.3829
vn -0.2452 0.8487 -0.4686
vn -0.1792 0.8492 -0.4968
vn -0.1855 0.8742 -0.4487
vn -0.2755 0.7053 -0.6532
vn -0.2313 0.7046 -0.6709
vn -0.2498 0.7645 -0.5942
vn -0.2231 0.7654 -0.6036
vn -0.1976 0.6036 -0.7724
vn -0.3002 0.6030 -0.7391
vn -0.3153 0.4557 -0.8324
vn -0.2916 0.4865 -0.8236
vn -0.2167 0.5893 -0.7783
vn -0.2425 0.4202 -0.8744
vn -0.2875 0.5883 -0.7558
vn -0.1468 0.5896 -0.7943
vn -0.1653 0.4029 -0.9002
vn -0.1843 0.4207 -0.8883
vn -0.3302 0.7655 -0.5523
vn -0.5083 0.1500 -0.8480
vn -0.4121 -0.0587 -0.9093
vn -0.4691 -0.0594 -0.8811
vn -0.4484 -0.1522 -0.8808
vn -0.5034 -0.2991 -0.8106
vn -0.4245 -0.2214 -0.8779
vn -0.3464 -0.1519 -0.9257
vn -0.3152 -0.1054 -0.9432
vn -0.3517 -0.2969 -0.8878
vn -0.4500 -0.2967 -0.8423
vn -0.3774 -0.2612 -0.8885
vn -0.2371 -0.4449 -0.8636
vn -0.2986 -0.3080 -0.9033
vn -0.2614 -0.2191 -0.9400
vn -0.4329 -0.3913 -0.8121
vn -0.2718 0.5075 -0.8177
vn -0.4508 0.3199 -0.8333
vn -0.3736 -0.2931 -0.8801
vn -0.5401 0.5071 -0.6716
vn -0.4899 0.2404 -0.8380
vn -0.5298 -0.2614 -0.8068
vn -0.5246 -0.2923 -0.7996
vn -0.4361 0.2337 -0.8690
vn -0.1177 0.5101 -0.8520
vn -0.2696 0.2413 -0.9322
vn -0.6532 0.5026 -0.5664
vn -0.6317 0.2326 -0.7395
vn -0.2404 0.6864 -0.6863
vn -0.1930 0.6155 -0.7641
vn -0.2115 0.7408 -0.6376
vn -0.2944 0.3205 -0.9003
vn -0.3544 0.6742 -0.6480
vn -0.3393 0.6856 -0.6440
vn -0.0303 0.6625 -0.7484
vn -0.0206 0.7057 -0.7082
vn -0.1432 0.6067 -0.7819
vn -0.1965 -0.1011 -0.9753
vn 0.0089 0.5149 -0.8572
vn -0.1035 0.6072 -0.7878
vn -0.0714 0.0607 -0.9956
vn -0.0896 0.0041 -0.9960
vn -0.1551 0.0041 -0.9879
vn -0.1075 0.5242 -0.8448
vn -0.1739 0.2370 -0.9558
vn -0.1765 -0.0986 -0.9794
vn -0.3311 0.2356 -0.9137
vn -0.2655 -0.0989 -0.9590
vn -0.0360 0.0607 -0.9975
vn 0.0618 0.5232 -0.8500
vn -0.0851 -0.2968 -0.9511
vn -0.1688 -0.2971 -0.9398
vn 0.0001 -0.3371 -0.9415
vn 0.0199 -0.1904 -0.9815
vn -0.4115 0.5095 -0.7557
vn -0.1143 -0.4234 -0.8987
vn -0.1401 0.1129 -0.9837
vn -0.2646 -0.5574 -0.7870
vn -0.2103 -0.4253 -0.8803
vn -0.2392 0.0578 -0.9693
vn -0.3160 -0.5566 -0.7683
vn -0.3667 0.0574 -0.9286
vn -0.3151 -0.5840 -0.7481
vn -0.3900 0.1409 -0.9100
vn -0.4190 0.0552 -0.9063
vn -0.5507 0.0538 -0.8330
vn -0.3514 -0.5126 -0.7834
vn -0.4392 -0.5138 -0.7369
vn -0.5867 0.0807 -0.8058
vn -0.5030 0.2513 -0.8270
vn -0.6376 0.2577 -0.7260
vn -0.6027 -0.2916 -0.7428
vn -0.5570 -0.5306 -0.6389
vn -0.6378 0.1520 -0.7551
vn -0.5027 -0.3963 -0.7683
vn -0.4069 -0.7531 -0.5170
vn -0.3424 -0.7746 -0.5317
vn -0.5223 -0.5843 -0.6212
vn -0.3555 -0.8610 -0.3636
vn -0.3745 -0.8592 -0.3486
vn -0.5931 -0.5850 -0.5531
vn -0.6193 -0.6185 -0.4836
vn -0.6126 -0.5210 -0.5944
vn -0.6561 -0.5755 -0.4882
vn -0.4054 -0.8646 -0.2969
vn -0.2894 -0.9117 -0.2917
vn -0.4364 -0.7789 -0.4504
vn -0.5253 -0.7781 -0.3445
vn -0.5620 -0.7166 -0.4130
vn -0.4595 -0.8259 -0.3268
vn -0.7627 -0.5209 -0.3833
vn -0.4700 -0.8479 -0.2453
vn -0.8290 -0.2797 -0.4843
vn -0.8318 -0.1792 -0.5254
vn -0.8710 -0.1806 -0.4568
vn -0.8761 -0.2347 -0.4212
vn -0.8654 0.0278 -0.5004
vn -0.7535 0.4596 -0.4701
vn -0.8399 0.1808 -0.5118
vn -0.7137 0.6225 -0.3213
vn -0.8908 0.0174 -0.4542
vn -0.8258 0.4736 -0.3064
vn -0.7057 0.6354 -0.3134
vn -0.9429 0.0153 -0.3328
vn -0.8578 0.4714 -0.2048
vn -0.9536 -0.1300 -0.2715
vn -0.8707 0.4408 -0.2181
vn -0.4623 0.8726 -0.1578
vn -0.5118 0.8302 -0.2208
vn -0.5138 0.8549 -0.0715
vn -0.3878 0.9178 -0.0847
vn -0.5145 0.8567 -0.0374
vn -0.8955 0.4372 -0.0834
vn -0.0003 0.9999 0.0170
vn 0.0002 0.9998 0.0175
vn -0.0001 0.9998 0.0181
vn -0.6041 0.7243 -0.3324
vn -0.6075 0.6850 -0.4023
vn -0.7093 0.6823 -0.1771
vn 0.0002 0.9998 0.0176
vn -0.6578 0.7196 -0.2225
vn -0.6640 0.6506 -0.3685
vn -0.6956 0.6734 -0.2504
vn -0.7041 0.6682 -0.2403
vn -0.7440 0.6543 -0.1355
vn -0.7928 0.5974 -0.1212
vn -0.7246 0.6815 -0.1023
vn -0.7638 0.5823 -0.2786
vn -0.6202 0.6755 -0.3988
vn -0.7442 0.5967 -0.3003
vn -0.7115 0.5284 -0.4633
vn -0.8114 0.4812 -0.3318
vn -0.7278 0.4956 -0.4740
vn -0.7124 0.5276 -0.4628
vn -0.6693 0.7363 -0.0996
vn -0.5468 0.6890 -0.4758
vn -0.6029 0.5982 -0.5279
vn -0.5434 0.5747 -0.6119
vn -0.5610 0.6007 -0.5696
vn -0.5303 0.6343 -0.5625
vn -0.4457 0.6245 -0.6414
vn -0.0003 0.9998 0.0173
vn -0.0002 0.9999 0.0168
vn -0.0006 0.9998 0.0174
vn -0.3758 0.8988 -0.2258
vn -0.4062 0.8710 -0.2764
vn -0.6811 0.5530 -0.4799
vn -0.7318 0.2599 -0.6300
vn -0.6782 0.3666 -0.6369
vn -0.3634 0.8712 -0.3299
vn -0.6482 0.1074 -0.7539
vn -0.5725 0.3670 -0.7332
vn -0.2877 0.9030 -0.3190
vn -0.5331 0.3708 -0.7605
vn -0.1988 0.9418 -0.2710
vn -0.4455 0.3878 -0.8069
vn -0.1289 0.9675 -0.2176
vn -0.4584 0.5544 -0.6946
vn -0.3284 0.4660 -0.8216
vn -0.1999 0.8700 -0.4507
vn -0.3631 0.4045 -0.8393
vn -0.2947 0.8775 -0.3784
vn -0.2763 0.4051 -0.8715
vn -0.1378 0.8957 -0.4228
vn -0.4445 -0.0452 -0.8946
vn -0.4101 0.0815 -0.9084
vn -0.5829 -0.0437 -0.8114
vn -0.8337 -0.0118 0.5522
vn -0.6119 0.0328 -0.7902
vn -0.6130 0.0657 -0.7874
vn -0.4404 0.0347 -0.8971
vn -0.4368 -0.1136 -0.8924
vn -0.6346 -0.3656 -0.6809
vn -0.5240 -0.3645 -0.7698
vn -0.3838 -0.7730 -0.5052
vn -0.4328 -0.5376 -0.7237
vn -0.3573 -0.8006 -0.4811
vn -0.3851 -0.7795 -0.4941
vn -0.6336 -0.3435 -0.6932
vn -0.1798 -0.9353 -0.3048
vn -0.2859 -0.8701 -0.4014
vn -0.3388 -0.7183 -0.6077
vn -0.4392 -0.7023 -0.5602
vn -0.4269 -0.7143 -0.5546
vn -0.1989 -0.9042 -0.3780
vn -0.2213 -0.7260 -0.6511
vn -0.2197 -0.7369 -0.6393
vn -0.4278 -0.7313 -0.5311
vn -0.3943 -0.5364 -0.7462
vn -0.2773 -0.8019 -0.5292
vn -0.2243 -0.7895 -0.5713
vn -0.4257 -0.1926 -0.8841
vn -0.3796 -0.2838 -0.8805
vn -0.6513 -0.3438 -0.6765
vn -0.5774 -0.5939 -0.5602
vn -0.4203 -0.8022 -0.4240
vn -0.6499 -0.3661 -0.6661
vn -0.7298 -0.3682 -0.5761
vn -0.6372 -0.5952 -0.4896
vn -0.7526 0.0294 -0.6578
vn -0.7592 0.0632 -0.6477
vn -0.7747 -0.2346 -0.5872
vn -0.7587 0.0299 -0.6508
vn -0.7475 0.1831 -0.6386
vn -0.9103 -0.2831 -0.3021
vn -0.7957 -0.5223 -0.3067
vn -0.9248 -0.2414 -0.2940
vn -0.5582 -0.8026 -0.2102
vn -0.5021 -0.8506 -0.1564
vn -0.9075 -0.3249 -0.2661
vn -0.8038 -0.5535 -0.2180
vn -0.5961 -0.7780 -0.1987
vn -0.1849 -0.9614 -0.2036
vn -0.5957 -0.7880 -0.1558
vn -0.3896 -0.9178 -0.0758
vn -0.7201 -0.6683 -0.1865
vn -0.6514 -0.7517 -0.1035
vn -0.6436 -0.7554 -0.1228
vn -0.9458 -0.1275 -0.2986
vn -0.9846 -0.1312 -0.1152
vn -0.9331 -0.3274 -0.1486
vn -0.9456 0.0941 -0.3113
vn -0.9951 0.0897 -0.0415
vn -0.7277 -0.6354 -0.2582
vn -0.7001 -0.6814 -0.2132
vn -0.6079 -0.7188 -0.3374
vn -0.9100 -0.1355 -0.3919
vn -0.7179 -0.6190 -0.3187
vn -0.9237 -0.1362 -0.3580
vn -0.5164 -0.8131 -0.2688
vn -0.6967 -0.6186 -0.3634
vn -0.6831 -0.6466 -0.3395
vn -0.9261 -0.0660 -0.3713
vn -0.8771 -0.0643 -0.4760
vn -0.6247 -0.7792 -0.0501
vn -0.7366 -0.6649 -0.1239
vn -0.3929 -0.9165 -0.0757
vn -0.8208 -0.5550 -0.1355
vn -0.4666 -0.8507 -0.2420
vn -0.8058 0.0374 -0.5910
vn -0.8215 -0.0329 -0.5693
vn -0.8897 0.0064 -0.4565
vn -0.6972 -0.1295 -0.7051
vn -0.6943 -0.2940 -0.6570
vn -0.7570 -0.1311 -0.6402
vn -0.7247 0.1506 -0.6724
vn -0.6886 0.3239 -0.6488
vn -0.6405 0.5986 -0.4810
vn -0.4851 0.6847 -0.5439
vn -0.5663 0.6814 -0.4637
vn -0.4336 0.6861 -0.5842
vn -0.4342 0.6857 -0.5842
vn -0.4853 0.6853 -0.5430
vn -0.5697 0.2606 -0.7794
vn -0.5709 0.2606 -0.7786
vn -0.5673 0.5189 -0.6394
vn -0.6576 0.0570 -0.7512
vn -0.6441 0.5168 -0.5640
vn -0.7097 0.0563 -0.7022
vn -0.3598 0.6859 -0.6326
vn -0.0503 -0.8557 -0.5150
vn -0.0020 -0.9279 -0.3727
vn -0.0657 -0.7141 -0.6970
vn -0.0679 -0.1177 -0.9907
vn -0.1831 -0.7308 -0.6576
vn 0.0429 -0.5108 -0.8586
vn 0.0556 -0.4731 -0.8792
vn 0.0755 -0.7331 -0.6759
vn -0.1704 -0.7559 -0.6321
vn 0.0413 0.2166 -0.9754
vn 0.0140 0.1133 -0.9935
vn 0.1137 -0.0341 -0.9929
vn -0.0221 0.7057 -0.7082
vn 0.0373 0.6534 -0.7561
vn 0.0402 0.6562 -0.7535
vn 0.0385 0.4837 -0.8744
vn -0.1914 -0.3088 -0.9317
vn -0.1425 -0.1058 -0.9841
vn -0.0900 0.0999 -0.9909
vn -0.0313 -0.3048 -0.9519
vn 0.0880 -0.1510 -0.9846
vn 0.1064 0.1282 -0.9860
vn 0.0889 0.1019 -0.9908
vn 0.0710 -0.1725 -0.9824
vn 0.1057 -0.3051 -0.9464
vn -0.0302 0.8621 -0.5059
vn 0.0983 -0.2843 -0.9537
vn 0.1975 0.0104 -0.9802
vn 0.1653 -0.2245 -0.9604
vn 0.2535 0.3244 -0.9113
vn 0.3491 0.3235 -0.8795
vn 0.3888 0.1652 -0.9064
vn 0.1831 0.8924 -0.4125
vn 0.0788 0.9260 -0.3691
vn 0.1940 0.7962 -0.5730
vn 0.2226 0.5309 -0.8177
vn 0.1509 0.8903 -0.4297
vn 0.1481 0.5314 -0.8341
vn 0.0914 0.7411 -0.6652
vn 0.0773 0.8229 -0.5628
vn 0.0805 0.0299 -0.9963
vn 0.1667 0.0302 -0.9855
vn 0.1743 0.2164 -0.9606
vn 0.0817 0.5214 -0.8494
vn 0.0912 -0.0185 -0.9957
vn 0.2685 0.0325 -0.9627
vn 0.2605 -0.0734 -0.9627
vn 0.1778 -0.0733 -0.9813
vn 0.2588 0.2158 -0.9415
vn 0.3102 -0.2922 -0.9047
vn 0.9555 -0.0100 0.2947
vn 0.3901 0.2795 -0.8773
vn 0.3826 -0.1263 -0.9152
vn 0.2578 0.2811 -0.9244
vn 0.4213 -0.6394 -0.6432
vn 0.2719 -0.6443 -0.7148
vn 0.2527 -0.6831 -0.6852
vn 0.1059 -0.9484 -0.2990
vn 0.3925 -0.5072 -0.7673
vn 0.0532 -0.9885 -0.1416
vn 0.0004 -0.9998 -0.0173
vn 0.0806 -0.9481 -0.3077
vn 0.0522 -0.9510 -0.3047
vn 0.0785 -0.9512 -0.2984
vn 0.0896 -0.8337 -0.5449
vn 0.1858 -0.6825 -0.7069
vn 0.1720 -0.8332 -0.5255
vn 0.1039 -0.2483 -0.9631
vn 0.0692 -0.5741 -0.8159
vn 0.2145 -0.5781 -0.7873
vn 0.2574 -0.3330 -0.9071
vn 0.2642 -0.3700 -0.8907
vn 0.0818 -0.3304 -0.9403
vn 0.1590 0.3677 -0.9163
vn -0.0002 -0.9998 -0.0174
vn 0.0220 -0.9381 -0.3458
vn 0.0017 -0.8737 -0.4864
vn -0.0190 -0.9533 -0.3013
vn 0.0002 -0.9998 -0.0174
vn -0.0047 -0.5732 -0.8194
vn 0.1493 -0.9635 -0.2223
vn 0.3953 -0.5073 -0.7658
vn 0.0001 -0.9999 -0.0173
vn 0.3573 -0.8712 -0.3368
vn 0.3005 -0.8697 -0.3915
vn 0.5026 -0.5813 -0.6400
vn 0.2261 -0.9452 -0.2356
vn 0.6397 -0.5800 -0.5045
vn 0.6542 -0.4216 -0.6279
vn 0.6812 -0.1540 -0.7157
vn 0.6801 -0.0209 -0.7328
vn 0.8292 -0.0255 -0.5583
vn 0.6831 -0.4224 -0.5958
vn 0.3709 -0.8753 -0.3102
vn 0.6292 -0.5820 -0.5152
vn 0.2840 -0.9364 -0.2062
vn 0.7546 -0.4237 -0.5010
vn 0.7184 -0.5800 -0.3841
vn 0.7771 -0.4247 -0.4644
vn 0.7103 -0.5822 -0.3957
vn 0.4147 -0.8782 -0.2381
vn 0.2671 -0.9442 -0.1927
vn 0.3067 -0.9413 -0.1410
vn 0.2769 -0.9528 -0.1244
vn 0.6094 -0.7690 -0.1933
vn 0.8364 -0.4017 -0.3729
vn 0.8613 -0.4032 -0.3093
vn 0.9338 -0.2382 -0.2670
vn 0.6347 -0.7675 -0.0899
vn 0.9430 -0.2039 -0.2630
vn 0.7381 -0.6382 -0.2189
vn 0.9079 -0.3919 -0.1486
vn 0.8889 -0.4341 -0.1464
vn 0.9363 -0.3467 -0.0570
vn 0.9637 -0.2557 -0.0765
vn 0.9607 -0.2551 -0.1093
vn 0.7001 -0.7113 -0.0621
vn 0.7012 -0.7103 -0.0617
vn -0.0000 -0.9998 -0.0176
vn 0.5139 -0.8557 -0.0612
vn 0.5304 -0.8471 0.0327
vn 0.7009 -0.7133 0.0048
vn 0.5018 -0.8552 -0.1297
vn 0.9355 -0.3486 0.0579
vn 0.9632 0.0701 -0.2593
vn 0.9867 0.0680 -0.1475
vn 0.9153 -0.0277 -0.4018
vn 0.8716 -0.1984 -0.4483
vn 0.8863 -0.1990 -0.4181
vn 0.7748 -0.5803 -0.2508
vn 0.7870 -0.0239 -0.6165
vn 0.5275 -0.5070 -0.6817
vn 0.3395 -0.5753 -0.7441
vn 0.5107 -0.5798 -0.6348
vn 0.4743 -0.3309 -0.8158
vn 0.5745 -0.3318 -0.7482
vn 0.5185 -0.0192 -0.8549
vn 0.6307 -0.0196 -0.7758
vn 0.4092 0.6806 -0.6077
vn 0.4901 0.2037 -0.8476
vn 0.6175 -0.0938 -0.7810
vn 0.3513 0.7797 -0.5183
vn 0.2376 0.8478 -0.4741
vn 0.4272 0.2044 -0.8807
vn 0.2784 0.8475 -0.4520
vn 0.3635 -0.1662 -0.9167
vn 0.0904 -0.8536 -0.5131
vn 0.0854 -0.8013 -0.5921
vn 0.3786 0.0749 -0.9225
vn 0.4217 -0.2217 -0.8792
vn 0.3304 -0.2214 -0.9175
vn 0.3319 -0.5341 -0.7775
vn 0.2230 -0.5347 -0.8151
vn -0.3040 -0.3429 -0.8888
vn -0.1216 0.1814 -0.9759
vn -0.3427 0.1814 -0.9218
vn -0.5248 -0.3428 -0.7792
vn -0.6883 -0.4331 -0.5820
vn -0.8220 -0.2056 -0.5310
vn -0.8116 0.1966 -0.5501
vn -0.8490 0.0214 -0.5280
vn -0.8637 -0.2067 -0.4596
vn -0.6689 0.6569 -0.3479
vn -0.5149 0.8280 -0.2222
vn -0.6994 0.6556 -0.2848
vn -0.7767 0.4943 -0.3905
vn -0.8666 0.1642 -0.4712
vn -0.9051 0.1629 -0.3928
vn -0.9089 0.1435 -0.3915
vn -0.6248 -0.3570 -0.6944
vn -0.5879 -0.4598 -0.6656
vn -0.8413 0.1568 -0.5173
vn -0.8821 0.4609 0.0973
vn -0.7487 -0.6242 0.2232
vn -0.7838 -0.6168 0.0723
vn -0.7934 -0.0680 0.6049
vn -0.8791 -0.0666 0.4720
vn -0.7643 -0.2510 0.5941
vn -0.8098 -0.2497 0.5309
vn 0.0002 -0.9999 -0.0173
vn -0.6623 0.1452 0.7351
vn -0.6936 0.1458 0.7055
vn -0.0877 -0.9868 0.1362
vn -0.5415 0.4595 0.7040
vn -0.2820 -0.7252 0.6281
vn -0.2677 0.7987 0.5389
vn -0.4838 0.5884 0.6478
vn -0.3887 0.7573 0.5248
vn -0.2669 0.8465 0.4606
vn -0.3546 0.6936 0.6271
vn -0.3923 0.3087 0.8665
vn -0.4854 0.3099 0.8175
vn -0.1895 0.8614 0.4712
vn -0.3013 0.3301 0.8946
vn -0.1973 0.6921 0.6943
vn -0.1287 0.8615 0.4912
vn -0.2747 0.5209 0.8082
vn -0.2298 0.5203 0.8225
vn -0.3068 0.1378 0.9418
vn -0.2504 -0.1528 0.9560
vn -0.3672 -0.1520 0.9176
vn -0.2787 0.3299 0.9019
vn -0.1334 0.8074 0.5747
vn -0.2997 0.2446 0.9222
vn -0.0001 -0.9998 -0.0175
vn 0.0948 -0.0674 0.9932
vn 0.0920 0.8162 0.5705
vn 0.1105 0.3458 0.9318
vn 0.5182 -0.2143 0.8280
vn 0.4200 -0.6735 0.6083
vn 0.3857 -0.4690 0.7945
vn 0.5315 -0.5337 0.6578
vn 0.1759 -0.9458 0.2729
vn 0.5053 -0.2212 0.8341
vn 0.5238 -0.0773 0.8483
vn 0.3782 -0.6333 0.6752
vn 0.5745 0.1563 0.8034
vn 0.6695 0.3321 0.6645
vn 0.6870 -0.1686 0.7068
vn 0.6751 -0.2565 0.6917
vn 0.5258 -0.5290 0.6661
vn 0.6469 0.0956 0.7565
vn 0.5768 -0.0341 0.8162
vn 0.5212 0.3683 0.7699
vn 0.6125 0.3702 0.6984
vn 0.5276 0.2988 0.7952
vn 0.6024 0.4659 0.6481
vn 0.6545 0.4658 0.5955
vn 0.7235 0.2665 0.6368
vn 0.7500 0.0799 0.6566
vn 0.5814 0.6604 0.4752
vn 0.8134 0.2685 0.5160
vn 0.8313 0.0819 0.5498
vn 0.8129 0.2698 0.5161
vn 0.6390 0.5193 0.5675
vn 0.6970 0.5220 0.4917
vn 0.5259 -0.5282 0.6667
vn 0.6218 -0.5277 0.5787
vn 0.4276 -0.8130 0.3952
vn 0.6364 -0.4839 0.6007
vn 0.7719 -0.1685 0.6130
vn 0.5058 0.0495 0.8612
vn 0.5073 0.2989 0.8083
vn 0.3833 0.4745 0.7924
vn 0.2428 0.0439 0.9691
vn 0.4166 -0.2212 0.8818
vn 0.6653 -0.2832 0.6908
vn 0.5132 -0.6791 0.5248
vn 0.6554 -0.3165 0.6858
vn 0.6613 -0.3165 0.6801
vn 0.6531 -0.4387 0.6173
vn 0.5816 0.5840 0.5663
vn 0.4953 0.7974 0.3447
vn 0.7818 -0.5912 0.1984
vn 0.8312 -0.5111 0.2186
vn 0.9309 -0.1175 0.3458
vn 0.9650 0.1818 0.1892
vn 0.9363 0.1803 0.3015
vn 0.9557 0.2410 0.1688
vn 0.7491 0.6229 0.2255
vn 0.7747 0.5670 0.2798
vn 0.7471 0.6228 0.2324
vn 0.4314 0.8852 0.1742
vn 0.4517 0.8865 0.1009
vn 0.7127 0.6755 0.1891
vn 0.4212 0.8894 0.1776
vn 0.4971 0.7435 0.4474
vn 0.7194 0.6719 0.1759
vn 0.8563 -0.1296 0.4999
vn 0.8914 0.2398 0.3846
vn 0.7076 -0.3524 0.6124
vn 0.7577 0.2372 0.6079
vn 0.7824 0.4876 0.3874
vn 0.7576 0.2372 0.6081
vn 0.7171 -0.3160 0.6213
vn 0.8069 0.2086 0.5527
vn 0.6524 0.2053 0.7295
vn 0.4800 0.4823 0.7328
vn 0.5564 0.7026 0.4437
vn 0.5881 0.7032 0.3996
vn 0.5581 0.6927 0.4568
vn 0.7178 0.5024 0.4820
vn 0.6291 0.5768 0.5211
vn 0.6215 0.5763 0.5307
vn 0.8454 -0.0152 0.5338
vn 0.6188 0.6493 0.4421
vn 0.6829 0.4900 0.5418
vn 0.7701 0.0449 0.6364
vn 0.7637 -0.0172 0.6454
vn 0.7476 -0.3505 0.5641
vn 0.6087 -0.6073 0.5105
vn 0.8506 0.0227 0.5253
vn 0.6883 -0.6180 0.3798
vn 0.7175 -0.5614 0.4124
vn 0.9173 -0.0821 0.3897
vn 0.7652 -0.5604 0.3167
vn 0.8671 -0.0834 0.4910
vn 0.5560 -0.7015 0.4457
vn 0.3916 -0.8887 0.2386
vn 0.5995 -0.6335 0.4892
vn 0.4379 -0.8271 0.3524
vn 0.4009 -0.8720 0.2809
vn 0.4181 -0.8237 0.3831
vn 0.6085 -0.6331 0.4785
vn 0.6166 -0.5722 0.5408
vn 0.6960 -0.4968 0.5184
vn 0.7378 -0.2374 0.6319
vn 0.4309 -0.7981 0.4212
vn 0.7139 -0.2862 0.6391
vn 0.7421 -0.2203 0.6331
vn 0.7587 0.0074 0.6514
vn 0.6151 -0.2878 0.7340
vn 0.6293 -0.4282 0.6486
vn 0.6377 -0.1474 0.7560
vn 0.6515 0.0047 0.7587
vn 0.7543 0.1606 0.6366
vn 0.6046 0.2967 0.7393
vn 0.5849 0.1577 0.7956
vn 0.5493 0.6222 0.5579
vn 0.7326 -0.1488 0.6642
vn 0.6118 0.4467 0.6528
vn 0.7567 0.4693 0.4551
vn 0.7644 0.3291 0.5544
vn 0.4067 0.8605 0.3068
vn 0.3468 0.8573 0.3805
vn 0.3763 0.8901 0.2572
vn 0.3829 0.8336 0.3981
vn 0.2462 0.8815 0.4029
vn 0.2522 0.8777 0.4075
vn 0.0001 0.9998 0.0174
vn 0.3725 0.7089 0.5989
vn 0.3986 0.4275 0.8114
vn 0.3922 0.4342 0.8110
vn 0.2156 0.8118 0.5426
vn 0.2136 0.8157 0.5377
vn 0.3888 0.3303 0.8601
vn -0.9263 0.0004 0.3768
vn 0.2502 0.1667 0.9537
vn -0.9284 -0.0000 0.3716
vn 0.3963 0.1610 0.9039
vn 0.4097 -0.0000 0.9122
vn 0.4543 0.2848 0.8441
vn 0.5710 0.2847 0.7700
vn 0.5857 -0.6040 0.5405
vn 0.4971 -0.5309 0.6863
vn 0.5514 -0.5064 0.6629
vn 0.6132 -0.5747 0.5420
vn 0.6270 -0.5439 0.5577
vn 0.5833 -0.4011 0.7063
vn 0.5976 -0.3987 0.6956
vn 0.5963 -0.3972 0.6976
vn 0.5850 -0.3990 0.7061
vn 0.4903 -0.2358 0.8390
vn 0.5266 -0.2585 0.8099
vn 0.5090 -0.3807 0.7720
vn 0.4862 -0.3215 0.8126
vn 0.5054 -0.2295 0.8318
vn 0.4972 -0.2423 0.8331
vn 0.4978 -0.1485 0.8545
vn 0.5433 -0.1175 0.8313
vn 0.5994 -0.2168 0.7706
vn 0.4624 -0.0938 0.8817
vn 0.4635 -0.0246 0.8858
vn 0.5445 -0.0895 0.8340
vn 0.6315 -0.2317 0.7400
vn 0.4909 -0.4555 0.7427
vn 0.5187 0.8178 0.2493
vn -0.0003 0.9998 0.0176
vn 0.4222 0.8956 0.1399
vn 0.5148 0.8490 0.1190
vn 0.8957 0.3572 0.2648
vn 0.7741 0.6105 0.1675
vn 0.8803 0.3655 0.3024
vn 0.6511 0.6941 0.3071
vn 0.9183 -0.0771 0.3884
vn 0.8947 0.0707 0.4410
vn 0.7211 0.5887 0.3652
vn 0.7659 -0.4806 0.4272
vn 0.9149 -0.0944 0.3924
vn 0.8538 0.0692 0.5159
vn 0.8268 -0.2186 0.5184
vn 0.7631 -0.4935 0.4173
vn 0.9169 0.0089 0.3991
vn 0.9783 -0.0943 0.1843
vn 0.9773 0.0623 0.2024
vn 0.8901 -0.3696 0.2667
vn 0.9068 -0.3329 0.2585
vn 0.9562 0.2130 0.2007
vn 0.8732 -0.3700 0.3171
vn 0.8145 -0.5525 0.1769
vn 0.9757 0.0131 0.2187
vn 0.7284 -0.5601 0.3946
vn 0.5005 -0.8475 0.1769
vn 0.5199 -0.8086 0.2756
vn 0.5141 -0.8137 0.2711
vn 0.5016 -0.8469 0.1764
vn 0.5219 -0.8341 0.1786
vn 0.5554 -0.8268 0.0884
vn 0.2688 -0.9621 0.0458
vn 0.7147 -0.6700 0.2010
vn 0.4299 -0.8959 0.1118
vn 0.5586 -0.8277 0.0542
vn 0.5905 -0.8060 0.0396
vn 0.7403 -0.6678 0.0782
vn 0.9374 -0.3305 0.1099
vn 0.9968 0.0655 0.0466
vn 0.9775 -0.2087 0.0319
vn 0.9648 -0.2105 0.1577
vn 0.9776 -0.2079 0.0322
vn 0.7088 -0.7011 0.0779
vn 0.8586 -0.5112 0.0391
vn 0.9770 -0.2064 -0.0531
vn 0.8543 -0.5058 -0.1202
vn 0.6256 -0.7788 -0.0447
vn 0.9555 -0.2423 -0.1682
vn 0.9297 -0.3127 -0.1948
vn 0.7298 -0.6752 -0.1068
vn 0.9245 -0.3273 -0.1954
vn 0.8661 0.4703 -0.1695
vn 0.9688 -0.2446 -0.0394
vn 0.9875 0.0858 -0.1323
vn 0.9947 0.0846 -0.0582
vn 0.8618 0.4662 -0.1997
vn 0.8855 0.4609 0.0586
vn 0.8955 0.4083 -0.1772
vn 0.5040 0.8591 -0.0887
vn 0.3669 0.9302 -0.0033
vn 0.9603 0.2755 -0.0445
vn 0.2771 0.9603 0.0313
vn 0.9603 0.2737 0.0540
vn 0.8086 0.5067 -0.2991
vn 0.9605 0.0868 -0.2642
vn 0.9308 0.1917 -0.3113
vn 0.9356 0.1915 -0.2966
vn 0.4653 0.8703 -0.1615
vn 0.4623 0.8726 -0.1578
vn 0.7331 0.5640 -0.3801
vn 0.7950 0.4708 -0.3827
vn 0.4362 0.8600 -0.2650
vn 0.3375 0.9269 -0.1639
vn 0.4064 0.8710 -0.2762
vn 0.7109 0.4928 -0.5018
vn 0.7561 0.4347 -0.4893
vn 0.7131 0.4829 -0.5082
vn 0.7657 -0.0793 -0.6383
vn 0.8477 0.1386 -0.5121
vn 0.7623 0.0246 -0.6468
vn 0.8428 0.0232 -0.5377
vn 0.7356 0.0805 -0.6726
vn 0.6519 0.0819 -0.7538
vn 0.6107 -0.2623 -0.7471
vn 0.6057 -0.2314 -0.7613
vn 0.6917 -0.2334 -0.6834
vn 0.7292 0.3309 -0.5990
vn 0.5536 -0.7678 -0.3225
vn 0.5967 -0.6025 -0.5301
vn 0.6297 -0.5434 -0.5551
vn 0.7664 -0.2660 -0.5848
vn 0.6338 -0.5474 -0.5466
vn 0.5798 -0.6003 -0.5509
vn 0.4749 -0.7807 -0.4061
vn 0.3033 -0.9044 -0.3000
vn 0.1720 -0.9755 -0.1374
vn 0.4270 -0.7847 -0.4494
vn 0.4925 -0.7946 -0.3550
vn 0.4633 -0.8185 -0.3398
vn 0.5216 -0.6981 -0.4905
vn 0.6512 -0.4055 -0.6415
vn 0.7188 -0.4065 -0.5639
vn 0.4690 -0.6997 -0.5389
vn 0.5452 -0.5777 -0.6075
vn 0.3992 -0.7783 -0.4847
vn 0.3471 -0.8998 -0.2644
vn 0.3997 -0.7541 -0.5211
vn 0.4981 -0.1968 -0.8445
vn 0.4917 -0.5506 -0.6746
vn 0.1822 -0.8979 -0.4008
vn 0.3854 -0.7562 -0.5288
vn 0.5303 -0.4152 -0.7392
vn 0.6317 -0.4152 -0.6546
vn 0.5811 0.1518 -0.7996
vn 0.5831 0.1434 -0.7997
vn 0.6707 0.1420 -0.7280
vn 0.5169 0.1528 -0.8423
vn 0.5025 -0.1970 -0.8418
vn 0.5108 0.1051 -0.8533
vn 0.4194 0.1062 -0.9016
vn 0.4394 -0.0182 -0.8981
vn 0.4844 -0.4370 -0.7579
vn 0.3753 -0.4366 -0.8177
vn 0.2840 -0.8635 -0.4167
vn 0.2770 -0.7927 -0.5431
vn 0.2067 -0.8297 -0.5185
vn 0.3857 -0.5018 -0.7742
vn 0.4150 -0.5497 -0.7250
vn 0.3755 -0.5952 -0.7105
vn 0.2067 -0.8266 -0.5235
vn 0.3107 -0.7248 -0.6150
vn 0.3237 -0.5948 -0.7358
vn 0.4189 -0.4304 -0.7995
vn 0.4720 -0.1174 -0.8738
vn 0.4389 0.0518 -0.8970
vn 0.3612 -0.4256 -0.8297
vn 0.4401 0.0517 -0.8964
vn 0.4102 -0.1142 -0.9048
vn 0.2386 -0.1135 -0.9645
vn 0.2393 -0.3258 -0.9147
vn 0.2655 -0.4250 -0.8654
vn 0.5660 -0.1188 -0.8158
vn 0.5434 0.3221 -0.7752
vn 0.4895 0.3319 -0.8064
vn 0.5119 -0.4320 -0.7425
vn 0.5812 -0.2621 -0.7704
vn 0.3954 -0.7259 -0.5627
vn 0.3019 -0.5015 -0.8108
vn 0.3519 -0.0175 -0.9359
vn 0.3738 0.5623 -0.7377
vn 0.2986 0.6852 -0.6644
vn 0.3785 0.6852 -0.6223
vn 0.6038 -0.7706 -0.2038
vn 0.6906 -0.5992 -0.4051
vn 0.7303 -0.5458 -0.4109
vn 0.8098 -0.2674 -0.5222
vn 0.6807 -0.5986 -0.4223
vn 0.8785 -0.2352 -0.4158
vn 0.7251 -0.5481 -0.4169
vn 0.8923 -0.1258 -0.4336
vn 0.8409 -0.1244 -0.5268
vn 0.7790 -0.5516 -0.2982
vn 0.8847 -0.3259 -0.3333
vn 0.9036 -0.2363 -0.3572
vn 0.5400 -0.5471 -0.6396
vn 0.5626 0.4212 -0.7114
vn 0.6555 0.4005 -0.6403
vn 0.5652 0.4004 -0.7213
vn 0.8968 0.1366 -0.4208
vn 0.6422 0.4746 -0.6020
vn 0.8944 0.0902 -0.4380
vn 0.6958 -0.6700 -0.2586
vn 0.6355 -0.7458 -0.1999
vn 0.6367 -0.7458 -0.1960
vn 0.6719 -0.7362 -0.0814
vn 0.3349 -0.9377 -0.0925
vn 0.9207 0.3903 -0.0045
vn 0.9118 0.3897 0.1291
vn 0.7586 0.3359 0.5583
vn 0.4547 0.8905 -0.0171
vn -0.0002 0.9998 0.0174
vn 0.5658 0.2962 0.7695
vn 0.4098 -0.7990 0.4400
vn 0.7385 -0.5948 0.3175
vn 0.6728 -0.3524 0.6505
vn 0.7348 0.0443 0.6769
vn 0.6195 0.4889 0.6141
vn 0.7334 0.0313 0.6791
vn 0.9139 -0.2697 0.3035
vn 0.9000 0.1776 0.3981
vn 0.9279 0.3486 0.1320
vn 0.9820 0.1859 0.0328
vn 0.7517 0.5352 -0.3854
vn 0.6423 0.2309 -0.7308
vn 0.3900 0.4567 -0.7996
vn 0.3091 0.7151 -0.6270
vn 0.4581 0.2026 -0.8655
vn 0.3848 0.4007 -0.8315
vn 0.3505 0.6030 -0.7166
vn 0.3343 0.5883 -0.7363
vn 0.3302 0.7655 -0.5523
vn 0.3538 0.7645 -0.5389
vn 0.3970 0.4206 -0.8158
vn 0.3063 0.8609 -0.4062
vn 0.2529 0.8611 -0.4411
vn 0.2620 0.9088 -0.3247
vn 0.2604 0.9028 -0.3424
vn 0.2670 0.9086 -0.3213
vn 0.2842 0.9025 -0.3235
vn 0.2841 0.9029 -0.3226
vn 0.4744 0.7435 -0.4713
vn 0.4533 0.7437 -0.4914
vn 0.4319 0.7894 -0.4363
vn 0.3256 0.9022 -0.2829
vn 0.3860 0.8869 -0.2538
vn 0.3398 0.9018 -0.2669
vn 0.5087 0.7838 -0.3562
vn 0.3185 0.8883 -0.3310
vn 0.5045 0.7879 -0.3531
vn 0.6443 0.6880 -0.3339
vn 0.6781 0.6082 -0.4126
vn 0.3847 0.8935 -0.2314
vn 0.4032 0.8929 -0.2005
vn 0.6327 0.6495 -0.4218
vn 0.6043 0.6832 -0.4100
vn 0.7067 0.2894 -0.6457
vn 0.8014 0.2889 -0.5237
vn 0.8336 0.2480 -0.4935
vn 0.7819 0.4212 -0.4596
vn 0.4472 0.8744 -0.1883
vn 0.8468 -0.3437 -0.4060
vn 0.8771 -0.1473 -0.4571
vn 0.8947 0.2460 -0.3728
vn 0.8590 -0.3165 -0.4024
vn 0.9042 0.2094 -0.3722
vn 0.8764 0.0964 -0.4718
vn 0.8315 0.0980 -0.5468
vn 0.8201 -0.0817 -0.5663
vn 0.8187 -0.1456 -0.5554
vn 0.7907 -0.0810 -0.6068
vn 0.7781 -0.1482 -0.6104
vn 0.5857 -0.6409 -0.4961
vn 0.6532 -0.6417 -0.4019
vn 0.5956 -0.7053 -0.3845
vn 0.7563 -0.5340 -0.3779
vn 0.7580 -0.4610 -0.4614
vn 0.5410 0.7238 -0.4283
vn 0.7594 -0.4899 -0.4282
vn 0.7978 -0.4915 -0.3492
vn 0.6823 -0.6653 -0.3029
vn 0.8253 -0.4206 -0.3766
vn 0.8682 -0.4222 -0.2608
vn 0.7989 -0.5379 -0.2691
vn 0.8073 -0.5239 -0.2715
vn 0.7291 -0.6639 -0.1663
vn 0.9062 0.3325 -0.2611
vn 0.9314 0.2081 -0.2987
vn 0.8997 -0.3193 -0.2976
vn 0.8162 -0.5248 -0.2417
vn 0.9132 0.3321 -0.2360
vn 0.9437 0.2436 -0.2239
vn 0.9256 -0.3282 -0.1884
vn 0.9646 -0.1792 -0.1935
vn 0.8404 0.4674 -0.2741
vn 0.6682 0.7199 -0.1876
vn 0.5939 0.7953 -0.1214
vn 0.8632 0.4685 -0.1883
vn 0.8217 0.4684 -0.3247
vn 0.6284 0.7212 -0.2916
vn 0.7923 -0.5676 -0.2238
vn 0.8975 -0.3965 -0.1932
vn 0.9597 0.0245 -0.2799
vn 0.9301 0.0257 -0.3665
vn 0.6987 -0.4608 -0.5473
vn 0.6818 -0.5278 -0.5066
vn 0.7134 -0.1462 -0.6853
vn 0.6896 -0.2512 -0.6792
vn 0.5698 -0.6171 -0.5427
vn 0.5834 -0.5258 -0.6190
vn 0.6952 0.3751 -0.6131
vn 0.7080 0.3749 -0.5985
vn 0.6940 0.2892 -0.6593
vn 0.8402 0.4202 -0.3429
vn 0.5144 0.6860 -0.5146
vn 0.6668 0.6875 -0.2876
vn 0.3679 0.9014 -0.2284
vn 0.7190 0.5967 -0.3564
vn 0.6530 0.6702 -0.3526
vn 0.4664 0.8772 -0.1136
vn 0.7076 0.6823 -0.1835
vn 0.4757 0.8772 -0.0647
vn 0.9679 -0.2240 0.1137
vn 0.7990 -0.5909 0.1120
vn 0.9746 -0.2222 0.0258
vn 0.7642 -0.6445 0.0256
vn 0.7580 -0.6455 0.0940
vn 0.8713 -0.4550 -0.1839
vn 0.9701 -0.1866 -0.1554
vn 0.6333 0.7675 0.0998
vn 0.6365 0.7683 0.0675
vn 0.6102 0.7872 0.0892
vn 0.5978 0.7859 0.1583
vn 0.5167 0.8384 0.1736
vn 0.7949 0.5972 0.1076
vn 0.7833 0.5969 0.1740
vn 0.6847 0.6177 0.3868
vn 0.9486 0.1135 0.2954
vn 0.9638 0.1146 0.2407
vn 0.6243 -0.6110 0.4868
vn 0.6298 -0.5987 0.4948
vn 0.6976 -0.5955 0.3985
vn 0.6635 0.7381 0.1227
vn 0.8691 0.4861 -0.0918
vn 0.9172 0.3800 -0.1198
vn 0.9145 -0.0216 -0.4039
vn 0.8767 0.3168 -0.3620
vn 0.6644 -0.3821 -0.6423
vn 0.6668 -0.3751 -0.6440
vn 0.3324 0.8230 -0.4607
vn 0.5090 -0.6162 -0.6011
vn 0.4564 -0.2571 -0.8518
vn 0.2081 0.9274 -0.3108
vn 0.4821 0.6904 -0.5395
vn 0.3234 -0.2908 -0.9005
vn 0.2365 0.8901 -0.3895
vn 0.3939 0.4349 -0.8097
vn 0.0974 0.8500 -0.5177
vn 0.1936 0.3676 -0.9096
vn 0.2094 0.3832 -0.8996
vn 0.3122 0.2037 -0.9279
vn 0.1917 -0.1728 -0.9661
vn 0.1480 -0.3055 -0.9406
vn 0.3421 0.2403 -0.9084
vn 0.4233 0.2395 -0.8738
vn 0.4018 0.5209 -0.7532
vn 0.2737 0.5218 -0.8080
vn 0.0503 0.4635 -0.8847
vn 0.9955 -0.0109 0.0942
vn 0.1007 -0.0627 -0.9929
vn 0.2521 0.1708 -0.9525
vn 0.1007 0.1717 -0.9800
vn 0.2415 -0.1440 -0.9597
vn 0.1014 -0.0665 -0.9926
vn 0.1967 -0.1925 -0.9614
vn 0.1568 0.6396 -0.7526
vn 0.0464 0.3739 -0.9263
vn 0.3642 0.4760 -0.8005
vn 0.1479 0.4814 -0.8640
vn -0.1720 -0.7374 -0.6532
vn -0.0093 0.1704 -0.9853
vn 0.0498 0.3706 -0.9275
vn -0.7259 0.4973 -0.4752
vn -0.7866 0.3320 -0.5206
vn -0.7201 0.3800 -0.5806
vn -0.7748 0.3053 -0.5536
vn -0.8414 0.2534 -0.4773
vn -0.8062 0.3801 -0.4535
vn -0.7505 0.2556 -0.6094
vn -0.6374 0.3036 -0.7082
vn -0.6606 0.1274 -0.7399
vn -0.6644 0.1343 -0.7352
vn -0.7656 0.1662 -0.6215
vn -0.8048 0.1230 -0.5806
vn -0.8578 0.2005 -0.4732
vn -0.8733 0.0141 -0.4870
vn -0.7990 0.1025 -0.5926
vn -0.7729 0.0751 -0.6300
vn -0.6393 -0.0170 -0.7687
vn -0.6488 0.0011 -0.7609
vn -0.6447 0.1356 -0.7523
vn -0.8018 0.0362 -0.5964
vn -0.6638 0.0228 -0.7476
vn -0.6394 -0.0126 -0.7687
vn -0.8078 -0.1594 -0.5675
vn -0.8183 0.0829 -0.5688
vn -0.6585 -0.1084 -0.7447
vn -0.7636 -0.0913 -0.6392
vn -0.7939 -0.1877 -0.5784
vn -0.5661 0.0029 -0.8243
vn -0.4870 -0.0327 -0.8728
vn -0.6496 -0.0828 -0.7557
vn -0.5003 0.0778 -0.8624
vn -0.4975 0.1441 -0.8554
vn -0.6300 0.1495 -0.7621
vn -0.6607 0.1764 -0.7297
vn -0.5485 -0.0013 -0.8362
vn -0.8643 -0.0030 -0.5030
vn -0.8281 0.2410 -0.5061
vn -0.4399 0.1078 -0.8916
vn -0.1874 0.2286 -0.9553
vn -0.3894 0.1418 -0.9101
vn 0.0196 0.1375 -0.9903
vn -0.1574 0.0567 -0.9859
vn 0.0800 0.1628 -0.9834
vn 0.0996 0.1994 -0.9749
vn 0.0857 0.1692 -0.9818
vn 0.7150 -0.2223 -0.6628
vn 0.0800 0.1627 -0.9834
vn 0.3109 0.2774 -0.9091
vn -0.0962 0.0052 -0.9953
vn -0.8060 -0.1829 -0.5630
vn 0.0103 0.0269 -0.9996
vn 0.0072 0.0236 -0.9997
vn -0.0566 0.0084 -0.9984
vn -0.0397 0.0104 -0.9992
vn 0.0043 0.0261 -0.9996
vn -0.8386 -0.2417 -0.4882
vn -0.4805 -0.1311 -0.8671
vn -0.2425 -0.0731 -0.9674
vn -0.8246 0.5411 -0.1650
vn -0.0794 -0.0531 -0.9954
vn -0.8939 -0.2185 0.3915
vn -0.7997 -0.2542 0.5439
vn -0.8392 -0.3177 0.4414
vn -0.7103 -0.1707 0.6829
vn -0.7024 -0.2741 0.6569
vn -0.6051 -0.3017 0.7368
vn -0.7907 -0.2760 0.5465
vn -0.6001 0.4478 -0.6628
vn -0.8394 -0.2527 0.4813
vn -0.7842 -0.1848 0.5924
vn -0.7808 -0.1907 0.5950
vn -0.7876 -0.2331 0.5703
vn -0.7787 -0.2189 0.5880
vn -0.8502 -0.2213 0.4777
vn -0.8322 -0.2333 0.5029
vn -0.7590 -0.1591 0.6314
vn -0.7479 -0.2359 0.6204
vn -0.7146 -0.2063 0.6684
vn -0.6128 -0.1480 0.7763
vn -0.6160 -0.1004 0.7813
vn -0.7500 -0.1692 0.6395
vn -0.4820 -0.0448 0.8750
vn -0.6549 -0.0878 0.7506
vn -0.5214 -0.0629 0.8510
vn -0.5092 -0.0760 0.8573
vn -0.6569 -0.0910 0.7485
vn -0.0000 -0.9999 -0.0172
vn -0.6041 0.3687 0.7065
vn -0.0003 0.9999 0.0172
vn -0.0002 0.9999 0.0172
vn -0.0750 0.1186 0.9901
vn -0.0597 0.0801 0.9950
vn -0.1907 0.3179 0.9288
vn -0.0006 0.9999 0.0171
vn 0.0004 0.9998 0.0178
vn 0.1186 0.0285 0.9925
vn -0.1796 0.8488 0.4973
vn -0.3526 0.6654 0.6580
vn -0.0820 0.8607 0.5024
vn 0.0569 -0.0084 0.9983
vn 0.1242 -0.0194 0.9921
vn -0.1268 0.1287 0.9835
vn 0.0238 0.1049 0.9942
vn 0.0236 0.1048 0.9942
vn -0.6894 -0.1624 0.7060
vn -0.6034 -0.1674 0.7797
vn -0.7807 -0.1907 0.5950
vn -0.4737 -0.2478 0.8451
vn 0.1516 0.1638 0.9748
vn -0.4478 0.6001 -0.6628
vn 0.7488 -0.0096 -0.6628
vn 0.4324 0.6114 -0.6628
vn 0.1880 0.1908 0.9634
vn 0.2521 0.1765 0.9515
vn 0.3063 0.2590 -0.9160
vn -0.2961 0.1485 -0.9436
vn 0.3608 0.3358 -0.8701
vn 0.2723 0.2920 -0.9168
vn 0.2424 0.0172 -0.9700
vn 0.2721 0.1191 -0.9549
vn 0.0175 0.1383 -0.9902
vn 0.2750 0.0302 -0.9610
vn 0.1137 -0.0015 -0.9935
vn 0.3808 -0.2593 -0.8875
vn 0.2879 0.2854 -0.9141
vn 0.5883 -0.5956 -0.5470
vn 0.6366 -0.5788 -0.5097
vn 0.6123 -0.2457 0.7515
vn 0.6234 -0.2238 0.7492
vn 0.7112 -0.1954 0.6753
vn 0.6508 0.1544 0.7434
vn 0.4454 0.0165 0.8952
vn 0.3558 0.1240 0.9263
vn 0.4490 0.1341 0.8834
vn 0.3595 0.0297 0.9327
vn 0.3467 0.1939 0.9177
vn 0.4407 0.2235 0.8694
vn 0.3511 0.1276 0.9276
vn 0.4763 0.2677 0.8376
vn 0.2460 0.1173 0.9621
vn 0.1534 -0.0335 0.9876
vn 0.1621 -0.0317 0.9863
vn -0.0925 0.8910 0.4444
vn -0.0496 0.8642 0.5006
vn -0.0000 0.8718 0.4898
vn -0.2744 -0.7411 0.6127
vn -0.1898 -0.6866 0.7019
vn -0.1326 -0.8964 0.4229
vn -0.1341 -0.8948 0.4259
vn -0.3499 -0.3604 0.8647
vn -0.3270 -0.3609 0.8734
vn -0.3910 -0.5403 0.7452
vn -0.3430 -0.2852 0.8950
vn -0.4116 -0.3798 0.8284
vn -0.4038 -0.7928 0.4565
vn -0.6599 0.3818 0.6471
vn -0.7305 0.0719 0.6791
vn -0.4408 0.8721 0.2124
vn -0.4520 0.8641 0.2213
vn -0.9157 -0.0906 0.3915
vn -0.8476 -0.0937 0.5224
vn -0.7413 -0.6464 0.1805
vn -0.9834 -0.0984 -0.1523
vn -0.9948 -0.0950 -0.0364
vn -0.9999 -0.0029 -0.0108
vn -0.9294 0.3685 0.0177
vn -0.9921 -0.0298 -0.1217
vn -0.9044 0.4179 -0.0862
vn -0.7441 0.6627 -0.0850
vn -0.6507 0.7565 -0.0646
vn -0.8583 0.3650 -0.3606
vn -0.8457 0.5114 -0.1523
vn -0.8599 0.4809 -0.1710
vn -0.8126 -0.2677 -0.5177
vn -0.7808 -0.3352 -0.5273
vn -0.6246 -0.0617 -0.7785
vn -0.8885 0.1958 -0.4149
vn -0.8903 0.1602 -0.4262
vn -0.7146 0.4172 -0.5615
vn -0.6115 0.6874 -0.3918
vn -0.6398 0.6007 -0.4793
vn -0.9750 -0.0581 -0.2143
vn -0.8468 -0.4765 -0.2366
vn -0.5125 0.8570 -0.0537
vn 0.0962 -0.0223 0.9951
vn -0.8500 0.4973 0.1737
vn -0.9989 -0.0253 0.0383
vn -0.9941 -0.1066 0.0213
vn -0.9872 0.1500 0.0540
vn -0.9823 -0.1089 0.1525
vn -0.9805 0.1489 0.1279
vn -0.8710 0.4905 0.0266
vn -0.9979 0.0616 -0.0213
vn -0.5716 0.7978 0.1920
vn -0.6775 0.3293 0.6577
vn -0.6837 -0.4774 0.5520
vn -0.6720 -0.3796 0.6358
vn -0.6633 -0.4408 0.6047
vn -0.6082 -0.3805 0.6966
vn -0.3562 0.8343 0.4207
vn -0.4376 0.6606 0.6099
vn -0.6065 -0.3998 0.6872
vn -0.4902 -0.3263 0.8083
vn -0.5634 -0.3254 0.7594
vn -0.5087 -0.6444 0.5709
vn -0.5088 -0.6439 0.5714
vn -0.0606 -0.5350 0.8427
vn -0.1386 -0.1935 0.9713
vn -0.0200 -0.5351 0.8446
vn 0.0522 0.2762 0.9597
vn -0.0946 -0.0163 0.9954
vn 0.2300 -0.0159 0.9731
vn -0.1331 -0.2674 0.9544
vn -0.0665 0.4370 0.8970
vn -0.0000 0.4368 0.8996
vn 0.0668 0.6528 0.7546
vn 0.0546 -0.6354 0.7703
vn 0.0731 -0.5840 0.8084
vn 0.0839 -0.6347 0.7682
vn 0.3914 0.2676 0.8804
vn 0.3900 0.3532 0.8504
vn 0.5279 0.5853 0.6154
vn 0.1534 0.7150 0.6821
vn 0.1383 0.6217 0.7710
vn 0.1609 0.7150 0.6804
vn 0.0019 -0.2712 0.9625
vn -0.0168 0.3699 0.9289
vn -0.5549 -0.1373 0.8205
vn -0.5746 -0.3360 0.7463
vn -0.5657 -0.3284 0.7564
vn -0.6786 -0.1370 0.7216
vn -0.5557 -0.1387 0.8197
vn -0.6136 0.1223 0.7801
vn -0.6781 -0.1356 0.7224
vn -0.6282 0.1456 0.7643
vn -0.6928 -0.1354 0.7083
vn -0.7326 0.1474 0.6645
vn -0.6932 -0.1363 0.7078
vn -0.7966 -0.1326 0.5898
vn -0.7971 -0.1342 0.5888
vn -0.7972 -0.1805 0.5761
vn -0.8014 0.1268 0.5845
vn -0.8047 0.2768 0.5252
vn -0.7437 0.1254 0.6566
vn -0.7488 0.1255 0.6508
vn -0.6550 0.3745 0.6563
vn -0.7287 0.3965 0.5584
vn -0.7213 0.3762 0.5816
vn -0.7625 0.3970 0.5109
vn -0.6823 0.5674 0.4609
vn -0.6829 0.5826 0.4406
vn -0.6201 0.5811 0.5271
vn -0.6397 0.5662 0.5198
vn -0.7599 0.3766 0.5298
vn -0.8082 -0.1324 0.5739
vn -0.8088 -0.1342 0.5725
vn -0.5600 0.7199 0.4100
vn -0.5607 0.7139 0.4194
vn -0.3974 0.8469 0.3535
vn -0.3967 0.8485 0.3504
vn -0.3056 0.8464 0.4360
vn -0.3016 0.8904 0.3410
vn -0.2602 0.8901 0.3742
vn -0.3278 0.8982 0.2929
vn -0.3154 0.8840 0.3450
vn -0.0000 0.3894 0.9211
vn -0.1534 0.7152 0.6818
vn -0.1323 0.5669 0.8131
vn -0.2566 0.6137 0.7467
vn -0.5033 -0.0100 0.8640
vn -0.7768 0.1392 0.6142
vn -0.8099 0.3758 0.4504
vn -0.7394 0.5678 0.3619
vn -0.6621 0.6613 0.3526
vn -0.6419 0.7519 0.1502
vn -0.9063 0.3838 0.1769
vn -0.8620 0.5064 0.0221
vn -0.8789 0.4736 -0.0568
vn -0.8579 0.5138 0.0012
vn -0.8953 0.3823 0.2287
vn -0.9524 0.2318 0.1978
vn -0.9818 0.1341 0.1346
vn -0.9602 0.1318 0.2461
vn -0.9371 0.3233 0.1318
vn -0.8896 -0.1317 0.4373
vn -0.9022 -0.2524 0.3497
vn -0.9063 -0.1750 0.3846
vn -0.8533 -0.2545 0.4551
vn -0.9769 -0.0786 0.1989
vn -0.9825 0.1071 0.1527
vn -0.9936 0.1093 0.0285
vn -0.9896 0.1372 -0.0426
vn -0.9897 0.1355 0.0470
vn -0.9182 -0.0441 -0.3937
vn -0.9644 -0.2420 -0.1063
vn -0.9523 -0.3052 0.0065
vn -0.8987 -0.4323 0.0738
vn -0.7458 -0.5647 0.3535
vn -0.8687 -0.0803 0.4888
vn -0.6508 -0.7316 0.2032
vn -0.6234 -0.1253 0.7718
vn -0.8653 -0.0963 0.4919
vn -0.8091 0.2389 0.5369
vn -0.8941 0.3954 0.2105
vn -0.8795 0.0380 0.4745
vn -0.8286 -0.1291 0.5448
vn -0.8529 0.2118 0.4772
vn -0.6065 -0.1651 0.7778
vn -0.6497 -0.3265 0.6865
vn -0.5488 0.6646 0.5070
vn -0.4808 0.3346 0.8105
vn 0.0552 -0.8992 0.4340
vn 0.0718 -0.9974 0.0091
vn 0.6961 0.2057 0.6878
s 0
f 4//1 1//1 2//1
f 1//2 3//2 2//2
f 5//3 3//3 1//3
f 1//4 4//4 7//4
f 5//5 1//5 6//5
f 7//6 6//6 1//6
f 8//7 9//7 7//7
f 7//8 14//8 8//8
f 14//9 7//9 4//9
f 9//10 10//10 7//10
f 15//11 7//11 10//11
f 7//12 11//12 13//12
f 11//13 7//13 15//13
f 7//14 12//14 6//14
f 7//15 13//15 12//15
f 8//16 16//16 15//16
f 16//17 18//17 15//17
f 11//18 15//18 17//18
f 15//19 18//19 17//19
f 8//20 15//20 10//20
f 17//21 18//21 21//21
f 19//22 18//22 16//22
f 19//23 20//23 18//23
f 20//24 21//24 18//24
f 23//25 21//25 20//25
f 21//26 24//26 22//26
f 21//27 22//27 17//27
f 23//28 24//28 21//28
f 24//29 25//29 26//29
f 23//30 25//30 24//30
f 28//31 24//31 26//31
f 24//32 27//32 22//32
f 24//33 28//33 27//33
f 29//34 28//34 30//34
f 28//35 29//35 27//35
f 30//36 28//36 31//36
f 31//37 28//37 26//37
f 26//38 33//38 31//38
f 32//39 35//39 31//39
f 31//40 33//40 32//40
f 31//41 34//41 36//41
f 31//42 35//42 34//42
f 36//43 30//43 31//43
f 38//44 30//44 36//44
f 36//45 37//45 39//45
f 34//46 37//46 36//46
f 39//47 38//47 36//47
f 37//48 40//48 39//48
f 39//49 40//49 41//49
f 38//50 39//50 41//50
f 43//51 42//51 41//51
f 42//52 38//52 41//52
f 41//53 40//53 43//53
f 43//54 44//54 42//54
f 44//55 43//55 47//55
f 43//56 45//56 47//56
f 43//57 46//57 45//57
f 46//58 43//58 40//58
f 48//59 49//59 47//59
f 47//60 45//60 48//60
f 50//61 47//61 49//61
f 44//62 47//62 50//62
f 50//63 55//63 51//63
f 51//64 44//64 50//64
f 53//65 52//65 50//65
f 55//66 50//66 52//66
f 54//67 53//67 50//67
f 54//68 50//68 49//68
f 56//69 51//69 55//69
f 56//70 55//70 57//70
f 58//71 57//71 55//71
f 58//72 55//72 52//72
f 57//73 58//73 60//73
f 59//74 60//74 58//74
f 59//75 58//75 52//75
f 60//76 61//76 57//76
f 60//77 59//77 62//77
f 63//78 61//78 60//78
f 62//79 63//79 60//79
f 65//80 64//80 63//80
f 61//81 63//81 64//81
f 65//82 63//82 62//82
f 65//83 62//83 66//83
f 67//84 65//84 66//84
f 67//85 64//85 65//85
f 68//86 64//86 67//86
f 68//87 67//87 69//87
f 67//88 66//88 71//88
f 69//89 67//89 70//89
f 70//90 67//90 71//90
f 66//91 75//91 71//91
f 70//92 71//92 72//92
f 73//93 72//93 71//93
f 73//94 71//94 74//94
f 74//95 71//95 75//95
f 75//96 78//96 76//96
f 76//97 77//97 75//97
f 75//98 77//98 74//98
f 62//99 78//99 75//99
f 66//100 62//100 75//100
f 62//101 59//101 78//101
f 79//102 78//102 59//102
f 78//103 79//103 80//103
f 76//104 78//104 80//104
f 81//105 84//105 80//105
f 80//106 79//106 81//106
f 82//107 85//107 80//107
f 80//108 83//108 82//108
f 80//109 84//109 83//109
f 76//110 80//110 85//110
f 85//111 86//111 88//111
f 85//112 82//112 86//112
f 76//113 85//113 87//113
f 85//114 88//114 87//114
f 87//115 88//115 89//115
f 90//116 89//116 88//116
f 90//117 88//117 86//117
f 94//118 90//118 91//118
f 91//119 90//119 92//119
f 92//120 90//120 93//120
f 90//121 86//121 93//121
f 90//122 94//122 89//122
f 95//123 94//123 91//123
f 101//124 94//124 95//124
f 94//125 96//125 89//125
f 94//126 97//126 96//126
f 98//127 97//127 94//127
f 98//128 94//128 100//128
f 100//129 94//129 99//129
f 99//130 94//130 101//130
f 103//131 102//131 101//131
f 106//132 101//132 102//132
f 103//133 101//133 95//133
f 104//134 101//134 106//134
f 104//135 105//135 101//135
f 99//136 101//136 105//136
f 104//137 106//137 108//137
f 107//138 108//138 106//138
f 107//139 106//139 109//139
f 109//140 106//140 102//140
f 112//141 107//141 109//141
f 113//142 109//142 110//142
f 109//143 111//143 110//143
f 109//144 114//144 111//144
f 112//145 109//145 113//145
f 109//146 102//146 114//146
f 116//147 111//147 114//147
f 114//148 102//148 115//148
f 114//149 115//149 117//149
f 116//150 114//150 117//150
f 117//151 120//151 118//151
f 117//152 118//152 116//152
f 115//153 119//153 117//153
f 119//154 120//154 117//154
f 121//155 118//155 120//155
f 122//156 121//156 120//156
f 119//157 122//157 120//157
f 122//158 123//158 121//158
f 119//159 124//159 122//159
f 122//160 124//160 123//160
f 124//161 125//161 123//161
f 124//162 93//162 125//162
f 126//163 93//163 124//163
f 119//164 126//164 124//164
f 119//165 103//165 126//165
f 93//166 126//166 92//166
f 103//167 92//167 126//167
f 127//168 123//168 125//168
f 82//169 125//169 93//169
f 125//170 129//170 127//170
f 82//171 128//171 125//171
f 128//172 129//172 125//172
f 130//173 127//173 129//173
f 128//174 130//174 129//174
f 127//175 130//175 131//175
f 134//176 131//176 130//176
f 132//177 130//177 128//177
f 132//178 133//178 130//178
f 134//179 130//179 133//179
f 134//180 137//180 135//180
f 135//181 141//181 134//181
f 138//182 134//182 133//182
f 138//183 136//183 134//183
f 134//184 136//184 139//184
f 137//185 134//185 140//185
f 140//186 134//186 139//186
f 141//187 131//187 134//187
f 141//188 135//188 142//188
f 142//189 143//189 141//189
f 131//190 141//190 143//190
f 144//191 131//191 143//191
f 142//192 144//192 143//192
f 150//193 144//193 145//193
f 144//194 149//194 145//194
f 131//195 144//195 146//195
f 147//196 146//196 144//196
f 150//197 147//197 144//197
f 148//198 144//198 142//198
f 144//199 148//199 149//199
f 150//200 145//200 151//200
f 151//201 152//201 150//201
f 147//202 150//202 152//202
f 152//203 151//203 154//203
f 153//204 152//204 121//204
f 153//205 146//205 152//205
f 152//206 146//206 147//206
f 154//207 155//207 152//207
f 152//208 155//208 121//208
f 121//209 155//209 118//209
f 118//210 155//210 116//210
f 154//211 116//211 155//211
f 158//212 154//212 156//212
f 157//213 156//213 154//213
f 154//214 151//214 157//214
f 154//215 158//215 116//215
f 156//216 159//216 158//216
f 158//217 159//217 116//217
f 156//218 162//218 159//218
f 163//219 159//219 160//219
f 159//220 161//220 160//220
f 162//221 161//221 159//221
f 116//222 159//222 163//222
f 113//223 163//223 160//223
f 163//224 164//224 116//224
f 164//225 163//225 113//225
f 110//226 164//226 113//226
f 164//227 110//227 116//227
f 167//228 162//228 165//228
f 162//229 166//229 165//229
f 156//230 166//230 162//230
f 167//231 161//231 162//231
f 169//232 167//232 168//232
f 168//233 167//233 165//233
f 169//234 170//234 167//234
f 170//235 171//235 167//235
f 160//236 167//236 171//236
f 167//237 160//237 161//237
f 172//238 160//238 171//238
f 172//239 171//239 170//239
f 176//240 172//240 170//240
f 172//241 175//241 173//241
f 173//242 160//242 172//242
f 174//243 175//243 172//243
f 174//244 172//244 176//244
f 176//245 177//245 179//245
f 177//246 176//246 181//246
f 170//247 178//247 176//247
f 178//248 180//248 176//248
f 182//249 176//249 179//249
f 181//250 176//250 180//250
f 176//251 182//251 174//251
f 179//252 185//252 182//252
f 183//253 184//253 182//253
f 183//254 182//254 185//254
f 174//255 182//255 184//255
f 187//256 185//256 186//256
f 186//257 185//257 179//257
f 188//258 185//258 187//258
f 188//259 183//259 185//259
f 183//260 188//260 190//260
f 191//261 188//261 189//261
f 187//262 189//262 188//262
f 188//263 191//263 190//263
f 189//264 192//264 191//264
f 191//265 193//265 190//265
f 191//266 192//266 193//266
f 193//267 194//267 196//267
f 192//268 194//268 193//268
f 195//269 193//269 197//269
f 198//270 193//270 195//270
f 197//271 193//271 196//271
f 190//272 193//272 198//272
f 198//273 195//273 199//273
f 200//274 198//274 199//274
f 190//275 198//275 200//275
f 183//276 190//276 200//276
f 183//277 200//277 184//277
f 201//278 184//278 200//278
f 199//279 201//279 200//279
f 201//280 175//280 184//280
f 202//281 175//281 201//281
f 202//282 201//282 199//282
f 204//283 175//283 202//283
f 202//284 199//284 203//284
f 202//285 203//285 204//285
f 205//286 207//286 204//286
f 204//287 203//287 205//287
f 204//288 207//288 206//288
f 206//289 208//289 204//289
f 175//290 204//290 208//290
f 208//291 112//291 173//291
f 175//292 208//292 173//292
f 208//293 107//293 112//293
f 209//294 107//294 208//294
f 206//295 209//295 208//295
f 107//296 209//296 210//296
f 211//297 209//297 206//297
f 212//298 210//298 209//298
f 212//299 209//299 211//299
f 213//300 214//300 212//300
f 213//301 212//301 211//301
f 212//302 214//302 210//302
f 217//303 214//303 213//303
f 214//304 215//304 210//304
f 214//305 216//305 215//305
f 216//306 214//306 217//306
f 218//307 220//307 217//307
f 221//308 218//308 217//308
f 213//309 221//309 217//309
f 217//310 219//310 216//310
f 220//311 219//311 217//311
f 221//312 213//312 222//312
f 221//313 222//313 223//313
f 221//314 223//314 218//314
f 223//315 224//315 226//315
f 223//316 225//316 224//316
f 223//317 222//317 225//317
f 223//318 226//318 218//318
f 226//319 227//319 218//319
f 227//320 226//320 230//320
f 228//321 229//321 226//321
f 226//322 224//322 228//322
f 230//323 226//323 229//323
f 229//324 231//324 230//324
f 232//325 230//325 231//325
f 232//326 227//326 230//326
f 232//327 237//327 233//327
f 234//328 232//328 233//328
f 234//329 235//329 232//329
f 227//330 232//330 235//330
f 237//331 232//331 236//331
f 236//332 232//332 231//332
f 238//333 233//333 237//333
f 239//334 237//334 236//334
f 238//335 237//335 239//335
f 236//336 244//336 239//336
f 240//337 239//337 242//337
f 239//338 240//338 241//338
f 238//339 239//339 241//339
f 243//340 242//340 239//340
f 243//341 239//341 244//341
f 244//342 236//342 245//342
f 243//343 244//343 245//343
f 236//344 231//344 245//344
f 245//345 231//345 246//345
f 246//346 247//346 245//346
f 243//347 245//347 247//347
f 247//348 248//348 249//348
f 247//349 246//349 248//349
f 249//350 243//350 247//350
f 250//351 251//351 249//351
f 248//352 250//352 249//352
f 249//353 251//353 243//353
f 254//354 251//354 252//354
f 252//355 251//355 250//355
f 251//356 255//356 253//356
f 251//357 253//357 243//357
f 254//358 255//358 251//358
f 254//359 256//359 255//359
f 257//360 255//360 256//360
f 242//361 253//361 255//361
f 242//362 255//362 257//362
f 256//363 261//363 257//363
f 242//364 257//364 258//364
f 260//365 258//365 257//365
f 259//366 260//366 257//366
f 261//367 259//367 257//367
f 262//368 261//368 256//368
f 263//369 261//369 262//369
f 259//370 261//370 263//370
f 266//371 264//371 263//371
f 264//372 267//372 263//372
f 267//373 259//373 263//373
f 265//374 266//374 263//374
f 262//375 265//375 263//375
f 270//376 268//376 267//376
f 271//377 267//377 268//377
f 267//378 269//378 260//378
f 271//379 269//379 267//379
f 270//380 267//380 264//380
f 267//381 260//381 259//381
f 271//382 272//382 273//382
f 268//383 272//383 271//383
f 271//384 273//384 274//384
f 271//385 274//385 269//385
f 275//386 274//386 273//386
f 275//387 269//387 274//387
f 280//388 275//388 276//388
f 279//389 276//389 275//389
f 277//390 279//390 275//390
f 277//391 275//391 278//391
f 273//392 278//392 275//392
f 275//393 280//393 269//393
f 276//394 282//394 280//394
f 280//395 281//395 269//395
f 280//396 282//396 281//396
f 282//397 276//397 241//397
f 282//398 241//398 281//398
f 281//399 241//399 283//399
f 258//400 281//400 283//400
f 281//401 258//401 269//401
f 283//402 240//402 242//402
f 240//403 283//403 241//403
f 242//404 258//404 283//404
f 284//405 279//405 277//405
f 284//406 285//406 279//406
f 279//407 285//407 276//407
f 285//408 284//408 287//408
f 285//409 286//409 276//409
f 287//410 286//410 285//410
f 288//411 287//411 290//411
f 288//412 291//412 287//412
f 287//413 289//413 286//413
f 291//414 289//414 287//414
f 292//415 290//415 287//415
f 292//416 287//416 284//416
f 295//417 292//417 284//417
f 292//418 293//418 290//418
f 293//419 292//419 294//419
f 292//420 295//420 294//420
f 296//421 295//421 297//421
f 296//422 294//422 295//422
f 297//423 295//423 284//423
f 296//424 297//424 298//424
f 297//425 284//425 299//425
f 297//426 299//426 298//426
f 300//427 303//427 299//427
f 301//428 300//428 299//428
f 301//429 299//429 278//429
f 299//430 284//430 277//430
f 302//431 298//431 299//431
f 299//432 277//432 278//432
f 302//433 299//433 303//433
f 306//434 303//434 304//434
f 304//435 303//435 305//435
f 305//436 303//436 300//436
f 303//437 306//437 302//437
f 304//438 307//438 306//438
f 306//439 308//439 302//439
f 307//440 308//440 306//440
f 307//441 309//441 308//441
f 309//442 296//442 308//442
f 296//443 302//443 308//443
f 311//444 309//444 310//444
f 312//445 310//445 309//445
f 312//446 309//446 307//446
f 311//447 293//447 309//447
f 309//448 294//448 296//448
f 293//449 294//449 309//449
f 313//450 317//450 312//450
f 314//451 313//451 312//451
f 314//452 312//452 316//452
f 317//453 315//453 312//453
f 315//454 310//454 312//454
f 316//455 312//455 307//455
f 318//456 319//456 317//456
f 318//457 317//457 313//457
f 321//458 317//458 319//458
f 317//459 321//459 320//459
f 317//460 320//460 315//460
f 319//461 322//461 321//461
f 322//462 323//462 321//462
f 321//463 323//463 324//463
f 320//464 321//464 324//464
f 326//465 325//465 324//465
f 324//466 325//466 327//466
f 323//467 326//467 324//467
f 324//468 315//468 320//468
f 324//469 327//469 315//469
f 315//470 327//470 328//470
f 327//471 325//471 328//471
f 329//472 311//472 328//472
f 328//473 330//473 329//473
f 330//474 328//474 325//474
f 328//475 310//475 315//475
f 328//476 311//476 310//476
f 331//477 333//477 330//477
f 330//478 332//478 331//478
f 332//479 330//479 325//479
f 330//480 333//480 329//480
f 333//481 334//481 335//481
f 333//482 331//482 334//482
f 335//483 336//483 333//483
f 336//484 329//484 333//484
f 288//485 290//485 336//485
f 288//486 336//486 335//486
f 329//487 336//487 293//487
f 336//488 290//488 293//488
f 334//489 337//489 335//489
f 337//490 338//490 335//490
f 338//491 288//491 335//491
f 337//492 339//492 338//492
f 339//493 340//493 338//493
f 338//494 291//494 288//494
f 340//495 291//495 338//495
f 340//496 341//496 342//496
f 339//497 341//497 340//497
f 342//498 343//498 340//498
f 291//499 340//499 343//499
f 343//500 344//500 345//500
f 344//501 343//501 342//501
f 291//502 343//502 289//502
f 345//503 289//503 343//503
f 345//504 347//504 289//504
f 345//505 344//505 348//505
f 347//506 345//506 346//506
f 345//507 348//507 346//507
f 346//508 348//508 349//508
f 350//509 349//509 348//509
f 350//510 348//510 344//510
f 349//511 350//511 351//511
f 352//512 351//512 350//512
f 344//513 352//513 350//513
f 352//514 356//514 353//514
f 353//515 354//515 352//515
f 355//516 352//516 354//516
f 355//517 351//517 352//517
f 344//518 356//518 352//518
f 357//519 353//519 356//519
f 342//520 356//520 344//520
f 342//521 357//521 356//521
f 359//522 353//522 357//522
f 360//523 358//523 357//523
f 357//524 358//524 359//524
f 341//525 360//525 357//525
f 341//526 357//526 342//526
f 360//527 361//527 358//527
f 360//528 363//528 361//528
f 363//529 360//529 362//529
f 339//530 362//530 360//530
f 360//531 341//531 339//531
f 363//532 365//532 361//532
f 362//533 364//533 363//533
f 365//534 363//534 364//534
f 365//535 73//535 74//535
f 365//536 366//536 73//536
f 365//537 364//537 366//537
f 365//538 367//538 361//538
f 365//539 74//539 367//539
f 74//540 368//540 367//540
f 361//541 367//541 87//541
f 87//542 367//542 368//542
f 74//543 76//543 368//543
f 87//544 368//544 76//544
f 366//545 72//545 73//545
f 366//546 70//546 72//546
f 70//547 366//547 369//547
f 364//548 369//548 366//548
f 369//549 370//549 70//549
f 369//550 371//550 370//550
f 369//551 372//551 371//551
f 372//552 369//552 373//552
f 373//553 369//553 374//553
f 364//554 374//554 369//554
f 375//555 377//555 374//555
f 375//556 374//556 364//556
f 373//557 374//557 376//557
f 377//558 376//558 374//558
f 334//559 377//559 337//559
f 377//560 375//560 337//560
f 377//561 334//561 376//561
f 373//562 376//562 372//562
f 372//563 376//563 331//563
f 376//564 334//564 331//564
f 362//565 339//565 375//565
f 375//566 364//566 362//566
f 337//567 375//567 339//567
f 332//568 372//568 331//568
f 378//569 372//569 332//569
f 378//570 379//570 372//570
f 379//571 371//571 372//571
f 379//572 380//572 382//572
f 380//573 379//573 381//573
f 383//574 381//574 379//574
f 379//575 382//575 371//575
f 383//576 379//576 378//576
f 384//577 381//577 383//577
f 385//578 384//578 383//578
f 378//579 385//579 383//579
f 387//580 384//580 385//580
f 385//581 386//581 387//581
f 386//582 385//582 323//582
f 323//583 385//583 326//583
f 385//584 378//584 326//584
f 387//585 389//585 388//585
f 387//586 388//586 384//586
f 386//587 389//587 387//587
f 389//588 393//588 388//588
f 390//589 389//589 386//589
f 390//590 392//590 389//590
f 391//591 393//591 389//591
f 391//592 389//592 392//592
f 393//593 395//593 388//593
f 394//594 393//594 391//594
f 393//595 394//595 396//595
f 393//596 396//596 395//596
f 394//597 399//597 396//597
f 397//598 396//598 399//598
f 397//599 398//599 396//599
f 395//600 396//600 398//600
f 401//601 400//601 399//601
f 400//602 397//602 399//602
f 401//603 399//603 402//603
f 402//604 399//604 394//604
f 403//605 402//605 394//605
f 402//606 403//606 401//606
f 403//607 406//607 404//607
f 404//608 407//608 403//608
f 403//609 408//609 405//609
f 405//610 406//610 403//610
f 403//611 407//611 401//611
f 409//612 408//612 403//612
f 410//613 403//613 394//613
f 409//614 403//614 410//614
f 410//615 412//615 411//615
f 409//616 410//616 411//616
f 410//617 394//617 412//617
f 394//618 391//618 412//618
f 392//619 412//619 391//619
f 413//620 412//620 392//620
f 413//621 411//621 412//621
f 414//622 411//622 413//622
f 413//623 322//623 414//623
f 322//624 413//624 392//624
f 411//625 414//625 409//625
f 415//626 409//626 414//626
f 414//627 322//627 415//627
f 409//628 415//628 416//628
f 415//629 318//629 416//629
f 318//630 415//630 319//630
f 322//631 319//631 415//631
f 416//632 318//632 313//632
f 314//633 416//633 313//633
f 418//634 417//634 416//634
f 416//635 417//635 409//635
f 419//636 418//636 416//636
f 419//637 416//637 420//637
f 420//638 416//638 314//638
f 421//639 420//639 314//639
f 421//640 419//640 420//640
f 422//641 421//641 423//641
f 424//642 421//642 422//642
f 421//643 424//643 419//643
f 314//644 423//644 421//644
f 418//645 419//645 424//645
f 425//646 418//646 424//646
f 422//647 425//647 424//647
f 427//648 426//648 425//648
f 426//649 418//649 425//649
f 427//650 425//650 428//650
f 425//651 422//651 428//651
f 429//652 427//652 428//652
f 428//653 430//653 429//653
f 431//654 430//654 428//654
f 431//655 428//655 422//655
f 431//656 422//656 432//656
f 434//657 431//657 432//657
f 431//658 434//658 433//658
f 430//659 431//659 433//659
f 433//660 434//660 435//660
f 435//661 434//661 436//661
f 434//662 438//662 436//662
f 437//663 438//663 434//663
f 434//664 432//664 437//664
f 438//665 439//665 440//665
f 438//666 437//666 439//666
f 438//667 440//667 436//667
f 441//668 440//668 442//668
f 440//669 441//669 436//669
f 440//670 439//670 444//670
f 440//671 443//671 442//671
f 443//672 440//672 444//672
f 446//673 443//673 444//673
f 444//674 439//674 447//674
f 444//675 447//675 445//675
f 444//676 445//676 446//676
f 448//677 447//677 439//677
f 447//678 448//678 445//678
f 448//679 439//679 449//679
f 450//680 448//680 449//680
f 445//681 448//681 450//681
f 450//682 305//682 452//682
f 449//683 305//683 450//683
f 445//684 450//684 451//684
f 450//685 452//685 451//685
f 305//686 300//686 452//686
f 453//687 451//687 452//687
f 453//688 452//688 301//688
f 452//689 300//689 301//689
f 453//690 301//690 456//690
f 455//691 454//691 453//691
f 454//692 451//692 453//692
f 453//693 456//693 455//693
f 456//694 301//694 458//694
f 455//695 456//695 460//695
f 456//696 457//696 459//696
f 456//697 272//697 457//697
f 456//698 458//698 272//698
f 459//699 460//699 456//699
f 461//700 460//700 463//700
f 461//701 462//701 460//701
f 460//702 459//702 463//702
f 455//703 460//703 462//703
f 464//704 461//704 463//704
f 463//705 459//705 466//705
f 465//706 464//706 463//706
f 463//707 468//707 465//707
f 466//708 266//708 463//708
f 266//709 467//709 463//709
f 463//710 467//710 469//710
f 468//711 463//711 469//711
f 469//712 474//712 468//712
f 469//713 470//713 474//713
f 469//714 473//714 470//714
f 469//715 467//715 472//715
f 471//716 476//716 469//716
f 469//717 472//717 471//717
f 473//718 469//718 475//718
f 475//719 469//719 476//719
f 471//720 477//720 476//720
f 476//721 477//721 475//721
f 478//722 479//722 477//722
f 478//723 477//723 480//723
f 475//724 477//724 479//724
f 480//725 477//725 482//725
f 477//726 471//726 481//726
f 481//727 482//727 477//727
f 483//728 480//728 482//728
f 482//729 481//729 483//729
f 480//730 483//730 484//730
f 484//731 483//731 485//731
f 486//732 485//732 483//732
f 483//733 481//733 486//733
f 486//734 489//734 487//734
f 487//735 488//735 486//735
f 486//736 488//736 485//736
f 481//737 489//737 486//737
f 490//738 489//738 481//738
f 489//739 490//739 491//739
f 487//740 489//740 491//740
f 492//741 493//741 491//741
f 491//742 494//742 492//742
f 491//743 493//743 487//743
f 491//744 495//744 494//744
f 491//745 490//745 495//745
f 497//746 495//746 490//746
f 497//747 496//747 495//747
f 494//748 495//748 496//748
f 499//749 472//749 497//749
f 472//750 498//750 497//750
f 500//751 497//751 498//751
f 490//752 499//752 497//752
f 497//753 500//753 496//753
f 500//754 254//754 252//754
f 496//755 500//755 252//755
f 500//756 501//756 254//756
f 501//757 500//757 498//757
f 501//758 262//758 256//758
f 501//759 256//759 254//759
f 502//760 501//760 498//760
f 502//761 262//761 501//761
f 467//762 502//762 472//762
f 502//763 498//763 472//763
f 467//764 265//764 502//764
f 265//765 262//765 502//765
f 472//766 499//766 471//766
f 490//767 471//767 499//767
f 494//768 496//768 503//768
f 496//769 252//769 503//769
f 503//770 250//770 504//770
f 505//771 503//771 504//771
f 252//772 250//772 503//772
f 494//773 503//773 505//773
f 492//774 505//774 506//774
f 507//775 506//775 505//775
f 507//776 505//776 504//776
f 494//777 505//777 492//777
f 509//778 507//778 508//778
f 508//779 507//779 504//779
f 507//780 509//780 506//780
f 509//781 508//781 514//781
f 509//782 511//782 510//782
f 509//783 510//783 513//783
f 509//784 512//784 511//784
f 514//785 512//785 509//785
f 506//786 509//786 513//786
f 515//787 516//787 514//787
f 514//788 508//788 515//788
f 514//789 516//789 512//789
f 523//790 516//790 517//790
f 519//791 517//791 516//791
f 515//792 248//792 516//792
f 516//793 518//793 512//793
f 522//794 516//794 248//794
f 516//795 523//795 518//795
f 516//796 520//796 519//796
f 521//797 520//797 516//797
f 522//798 521//798 516//798
f 525//799 523//799 524//799
f 524//800 523//800 517//800
f 525//801 518//801 523//801
f 526//802 528//802 525//802
f 526//803 525//803 524//803
f 527//804 518//804 525//804
f 525//805 528//805 527//805
f 529//806 527//806 528//806
f 530//807 529//807 528//807
f 526//808 531//808 528//808
f 531//809 530//809 528//809
f 534//810 532//810 531//810
f 532//811 533//811 531//811
f 531//812 533//812 536//812
f 534//813 531//813 535//813
f 531//814 537//814 535//814
f 530//815 531//815 536//815
f 531//816 526//816 537//816
f 538//817 535//817 537//817
f 539//818 538//818 537//818
f 526//819 539//819 537//819
f 540//820 538//820 539//820
f 539//821 541//821 540//821
f 541//822 539//822 542//822
f 526//823 542//823 539//823
f 541//824 542//824 543//824
f 544//825 543//825 542//825
f 526//826 524//826 542//826
f 542//827 524//827 544//827
f 545//828 544//828 546//828
f 544//829 545//829 547//829
f 544//830 548//830 543//830
f 546//831 544//831 524//831
f 548//832 544//832 547//832
f 549//833 548//833 547//833
f 548//834 549//834 551//834
f 548//835 550//835 552//835
f 548//836 551//836 550//836
f 552//837 541//837 548//837
f 541//838 543//838 548//838
f 552//839 553//839 540//839
f 553//840 552//840 554//840
f 552//841 550//841 554//841
f 540//842 541//842 552//842
f 554//843 556//843 555//843
f 553//844 554//844 555//844
f 556//845 554//845 557//845
f 558//846 557//846 554//846
f 558//847 554//847 550//847
f 561//848 559//848 558//848
f 558//849 559//849 560//849
f 557//850 558//850 560//850
f 562//851 561//851 558//851
f 551//852 562//852 558//852
f 558//853 550//853 551//853
f 564//854 561//854 562//854
f 551//855 549//855 562//855
f 563//856 562//856 549//856
f 563//857 564//857 562//857
f 187//858 561//858 564//858
f 187//859 564//859 565//859
f 563//860 565//860 564//860
f 565//861 192//861 189//861
f 187//862 565//862 189//862
f 563//863 192//863 565//863
f 563//864 549//864 547//864
f 568//865 566//865 563//865
f 563//866 566//866 192//866
f 563//867 547//867 545//867
f 567//868 563//868 545//868
f 567//869 568//869 563//869
f 568//870 225//870 566//870
f 569//871 225//871 568//871
f 570//872 568//872 567//872
f 569//873 568//873 570//873
f 546//874 570//874 545//874
f 545//875 570//875 567//875
f 546//876 569//876 570//876
f 569//877 571//877 228//877
f 225//878 569//878 228//878
f 546//879 571//879 569//879
f 571//880 572//880 573//880
f 572//881 571//881 546//881
f 228//882 571//882 573//882
f 229//883 228//883 573//883
f 246//884 573//884 572//884
f 229//885 573//885 231//885
f 573//886 246//886 231//886
f 572//887 521//887 246//887
f 521//888 572//888 520//888
f 574//889 519//889 572//889
f 519//890 520//890 572//890
f 574//891 572//891 546//891
f 524//892 574//892 546//892
f 524//893 519//893 574//893
f 192//894 566//894 225//894
f 559//895 561//895 187//895
f 560//896 575//896 576//896
f 575//897 560//897 577//897
f 576//898 557//898 560//898
f 559//899 577//899 560//899
f 578//900 575//900 577//900
f 578//901 577//901 559//901
f 177//902 578//902 186//902
f 177//903 580//903 578//903
f 580//904 575//904 578//904
f 578//905 579//905 186//905
f 579//906 578//906 559//906
f 580//907 582//907 575//907
f 581//908 580//908 181//908
f 581//909 582//909 580//909
f 177//910 181//910 580//910
f 575//911 582//911 584//911
f 581//912 583//912 582//912
f 584//913 582//913 583//913
f 584//914 585//914 575//914
f 585//915 584//915 586//915
f 584//916 583//916 586//916
f 586//917 587//917 585//917
f 588//918 586//918 583//918
f 586//919 588//919 587//919
f 589//920 591//920 588//920
f 588//921 590//921 589//921
f 590//922 588//922 592//922
f 587//923 588//923 591//923
f 593//924 592//924 588//924
f 588//925 583//925 593//925
f 596//926 594//926 593//926
f 592//927 593//927 594//927
f 583//928 595//928 593//928
f 595//929 596//929 593//929
f 598//930 594//930 596//930
f 597//931 596//931 595//931
f 597//932 598//932 596//932
f 598//933 599//933 594//933
f 599//934 598//934 600//934
f 602//935 600//935 598//935
f 597//936 601//936 598//936
f 602//937 598//937 601//937
f 605//938 603//938 602//938
f 603//939 604//939 602//939
f 602//940 604//940 600//940
f 607//941 602//941 601//941
f 602//942 606//942 605//942
f 606//943 602//943 607//943
f 180//944 607//944 608//944
f 608//945 607//945 601//945
f 180//946 606//946 607//946
f 608//947 597//947 581//947
f 608//948 601//948 597//948
f 181//949 608//949 581//949
f 181//950 180//950 608//950
f 609//951 605//951 606//951
f 606//952 180//952 609//952
f 609//953 612//953 610//953
f 605//954 609//954 610//954
f 611//955 609//955 178//955
f 178//956 609//956 180//956
f 611//957 612//957 609//957
f 612//958 613//958 610//958
f 612//959 169//959 168//959
f 611//960 169//960 612//960
f 168//961 613//961 612//961
f 613//962 614//962 610//962
f 613//963 617//963 614//963
f 613//964 168//964 615//964
f 615//965 616//965 613//965
f 618//966 613//966 616//966
f 618//967 617//967 613//967
f 619//968 621//968 618//968
f 619//969 618//969 616//969
f 618//970 621//970 620//970
f 618//971 620//971 617//971
f 621//972 619//972 624//972
f 623//973 622//973 621//973
f 621//974 622//974 620//974
f 621//975 625//975 623//975
f 625//976 621//976 624//976
f 626//977 623//977 625//977
f 157//978 626//978 625//978
f 625//979 624//979 157//979
f 623//980 626//980 627//980
f 145//981 149//981 626//981
f 626//982 149//982 627//982
f 151//983 626//983 157//983
f 151//984 145//984 626//984
f 628//985 627//985 630//985
f 628//986 629//986 627//986
f 627//987 629//987 622//987
f 623//988 627//988 622//988
f 630//989 627//989 148//989
f 149//990 148//990 627//990
f 631//991 628//991 630//991
f 148//992 631//992 630//992
f 632//993 631//993 148//993
f 633//994 631//994 632//994
f 631//995 633//995 628//995
f 634//996 633//996 636//996
f 633//997 634//997 635//997
f 633//998 635//998 628//998
f 637//999 636//999 633//999
f 633//1000 632//1000 637//1000
f 638//1001 636//1001 637//1001
f 638//1002 637//1002 639//1002
f 637//1003 640//1003 639//1003
f 640//1004 637//1004 641//1004
f 632//1005 641//1005 637//1005
f 641//1006 643//1006 640//1006
f 632//1007 148//1007 641//1007
f 148//1008 642//1008 641//1008
f 641//1009 142//1009 643//1009
f 142//1010 641//1010 642//1010
f 644//1011 640//1011 643//1011
f 142//1012 644//1012 643//1012
f 640//1013 644//1013 645//1013
f 142//1014 645//1014 644//1014
f 648//1015 640//1015 645//1015
f 140//1016 645//1016 137//1016
f 645//1017 647//1017 137//1017
f 140//1018 646//1018 645//1018
f 645//1019 646//1019 649//1019
f 142//1020 647//1020 645//1020
f 649//1021 648//1021 645//1021
f 652//1022 650//1022 649//1022
f 649//1023 650//1023 651//1023
f 648//1024 649//1024 651//1024
f 652//1025 649//1025 646//1025
f 652//1026 653//1026 650//1026
f 653//1027 652//1027 656//1027
f 646//1028 654//1028 652//1028
f 654//1029 655//1029 652//1029
f 656//1030 652//1030 655//1030
f 653//1031 656//1031 657//1031
f 659//1032 657//1032 656//1032
f 658//1033 659//1033 656//1033
f 658//1034 656//1034 655//1034
f 659//1035 660//1035 657//1035
f 662//1036 660//1036 659//1036
f 663//1037 659//1037 658//1037
f 659//1038 663//1038 661//1038
f 661//1039 662//1039 659//1039
f 663//1040 664//1040 666//1040
f 664//1041 663//1041 136//1041
f 663//1042 139//1042 136//1042
f 654//1043 667//1043 663//1043
f 654//1044 663//1044 658//1044
f 139//1045 663//1045 667//1045
f 661//1046 663//1046 665//1046
f 663//1047 666//1047 665//1047
f 139//1048 667//1048 140//1048
f 140//1049 667//1049 654//1049
f 669//1050 665//1050 666//1050
f 666//1051 668//1051 669//1051
f 668//1052 666//1052 670//1052
f 664//1053 670//1053 666//1053
f 81//1054 668//1054 670//1054
f 664//1055 671//1055 670//1055
f 670//1056 671//1056 83//1056
f 81//1057 670//1057 84//1057
f 84//1058 670//1058 83//1058
f 672//1059 83//1059 671//1059
f 672//1060 671//1060 664//1060
f 672//1061 128//1061 83//1061
f 128//1062 672//1062 132//1062
f 672//1063 664//1063 138//1063
f 133//1064 132//1064 672//1064
f 133//1065 672//1065 138//1065
f 662//1066 665//1066 669//1066
f 674//1067 669//1067 668//1067
f 674//1068 673//1068 669//1068
f 675//1069 669//1069 673//1069
f 669//1070 675//1070 662//1070
f 675//1071 53//1071 54//1071
f 676//1072 675//1072 54//1072
f 676//1073 662//1073 675//1073
f 673//1074 53//1074 675//1074
f 657//1075 676//1075 677//1075
f 676//1076 678//1076 677//1076
f 676//1077 48//1077 678//1077
f 657//1078 660//1078 676//1078
f 676//1079 49//1079 48//1079
f 49//1080 676//1080 54//1080
f 660//1081 662//1081 676//1081
f 48//1082 680//1082 678//1082
f 677//1083 678//1083 679//1083
f 678//1084 680//1084 679//1084
f 679//1085 680//1085 681//1085
f 680//1086 682//1086 681//1086
f 682//1087 680//1087 46//1087
f 46//1088 680//1088 45//1088
f 48//1089 45//1089 680//1089
f 683//1090 681//1090 682//1090
f 40//1091 682//1091 46//1091
f 683//1092 682//1092 684//1092
f 682//1093 40//1093 684//1093
f 684//1094 40//1094 37//1094
f 683//1095 684//1095 37//1095
f 681//1096 683//1096 686//1096
f 37//1097 685//1097 683//1097
f 685//1098 686//1098 683//1098
f 687//1099 681//1099 686//1099
f 686//1100 688//1100 687//1100
f 688//1101 686//1101 691//1101
f 686//1102 689//1102 691//1102
f 686//1102 690//1102 689//1102
f 686//1103 685//1103 690//1103
f 688//1104 691//1104 692//1104
f 692//1105 691//1105 693//1105
f 691//1106 689//1106 693//1106
f 694//1107 693//1107 697//1107
f 692//1108 693//1108 694//1108
f 697//1109 693//1109 695//1109
f 695//1110 693//1110 696//1110
f 693//1111 689//1111 696//1111
f 694//1112 697//1112 698//1112
f 698//1113 697//1113 695//1113
f 701//1114 698//1114 699//1114
f 699//1115 698//1115 700//1115
f 700//1116 698//1116 703//1116
f 701//1117 704//1117 698//1117
f 694//1118 698//1118 704//1118
f 695//1119 702//1119 698//1119
f 698//1120 702//1120 703//1120
f 704//1121 705//1121 694//1121
f 704//1122 706//1122 705//1122
f 706//1123 704//1123 701//1123
f 706//1124 707//1124 705//1124
f 706//1125 708//1125 707//1125
f 709//1126 708//1126 706//1126
f 701//1127 709//1127 706//1127
f 710//1128 708//1128 709//1128
f 710//1129 709//1129 712//1129
f 709//1130 711//1130 712//1130
f 713//1131 711//1131 709//1131
f 709//1132 701//1132 713//1132
f 714//1133 716//1133 713//1133
f 713//1134 715//1134 714//1134
f 701//1135 715//1135 713//1135
f 713//1136 716//1136 711//1136
f 711//1137 716//1137 717//1137
f 717//1138 716//1138 718//1138
f 719//1138 718//1138 716//1138
f 719//1139 716//1139 714//1139
f 719//1140 720//1140 718//1140
f 719//1141 721//1141 720//1141
f 722//1142 721//1142 719//1142
f 722//1142 719//1142 723//1142
f 724//1143 723//1143 719//1143
f 724//1144 719//1144 714//1144
f 723//1145 724//1145 726//1145
f 725//1146 726//1146 724//1146
f 724//1147 714//1147 725//1147
f 727//1148 729//1148 726//1148
f 727//1149 726//1149 728//1149
f 728//1150 726//1150 730//1150
f 726//1151 729//1151 723//1151
f 726//1152 725//1152 730//1152
f 730//1153 725//1153 732//1153
f 730//1154 732//1154 731//1154
f 731//1155 728//1155 730//1155
f 735//1156 733//1156 732//1156
f 731//1157 732//1157 733//1157
f 732//1158 725//1158 734//1158
f 734//1159 735//1159 732//1159
f 737//1160 735//1160 736//1160
f 735//1161 734//1161 736//1161
f 735//1162 738//1162 733//1162
f 737//1163 738//1163 735//1163
f 739//1164 733//1164 738//1164
f 739//1165 738//1165 737//1165
f 740//1166 739//1166 745//1166
f 740//1167 743//1167 739//1167
f 737//1168 744//1168 739//1168
f 742//1169 733//1169 739//1169
f 739//1170 744//1170 741//1170
f 739//1171 741//1171 745//1171
f 739//1172 743//1172 742//1172
f 745//1173 747//1173 746//1173
f 746//1174 743//1174 745//1174
f 740//1175 745//1175 743//1175
f 749//1176 747//1176 745//1176
f 749//1177 745//1177 748//1177
f 745//1178 741//1178 748//1178
f 749//1179 750//1179 747//1179
f 748//1180 750//1180 749//1180
f 750//1181 751//1181 747//1181
f 751//1182 750//1182 758//1182
f 748//1183 752//1183 750//1183
f 752//1184 755//1184 750//1184
f 756//1185 750//1185 753//1185
f 753//1186 750//1186 754//1186
f 750//1187 755//1187 754//1187
f 757//1188 750//1188 756//1188
f 757//1189 758//1189 750//1189
f 758//1190 759//1190 762//1190
f 758//1191 760//1191 759//1191
f 758//1192 762//1192 751//1192
f 760//1193 758//1193 763//1193
f 758//1194 757//1194 761//1194
f 763//1195 758//1195 761//1195
f 761//1196 764//1196 763//1196
f 763//1197 764//1197 766//1197
f 765//1198 767//1198 763//1198
f 765//1102 763//1102 766//1102
f 760//1199 763//1199 767//1199
f 760//1200 767//1200 768//1200
f 768//1201 767//1201 769//1201
f 769//1202 767//1202 770//1202
f 767//1198 765//1198 770//1198
f 769//1203 770//1203 771//1203
f 775//1204 771//1204 770//1204
f 772//1205 770//1205 765//1205
f 772//1206 773//1206 770//1206
f 773//1207 774//1207 770//1207
f 775//1208 770//1208 774//1208
f 775//1209 776//1209 779//1209
f 776//1210 775//1210 777//1210
f 778//1211 777//1211 775//1211
f 775//1212 774//1212 778//1212
f 779//1213 771//1213 775//1213
f 776//1214 782//1214 779//1214
f 771//1102 779//1102 769//1102
f 779//1215 780//1215 783//1215
f 780//1216 779//1216 781//1216
f 783//1215 769//1215 779//1215
f 782//1217 781//1217 779//1217
f 783//1218 780//1218 784//1218
f 785//1219 783//1219 784//1219
f 786//1220 783//1220 785//1220
f 783//1221 786//1221 769//1221
f 789//1222 787//1222 786//1222
f 786//1223 787//1223 788//1223
f 788//1224 769//1224 786//1224
f 789//1225 786//1225 790//1225
f 786//1226 785//1226 790//1226
f 791//1227 789//1227 790//1227
f 791//1228 790//1228 785//1228
f 798//1229 791//1229 792//1229
f 793//1230 792//1230 791//1230
f 795//1231 793//1231 791//1231
f 794//1232 795//1232 791//1232
f 794//1233 791//1233 785//1233
f 791//1234 798//1234 796//1234
f 796//1235 797//1235 791//1235
f 789//1236 791//1236 797//1236
f 796//1237 798//1237 800//1237
f 798//1238 792//1238 799//1238
f 798//1239 799//1239 800//1239
f 805//1240 796//1240 800//1240
f 803//1241 801//1241 800//1241
f 801//1242 802//1242 800//1242
f 800//1243 802//1243 805//1243
f 803//1244 800//1244 804//1244
f 804//1245 800//1245 799//1245
f 796//1246 805//1246 807//1246
f 805//1247 806//1247 808//1247
f 806//1248 805//1248 809//1248
f 807//1249 805//1249 808//1249
f 802//1250 809//1250 805//1250
f 811//1251 809//1251 810//1251
f 810//1252 809//1252 802//1252
f 811//1253 806//1253 809//1253
f 814//1254 812//1254 811//1254
f 812//1255 806//1255 811//1255
f 813//1256 815//1256 811//1256
f 811//1257 810//1257 813//1257
f 814//1258 811//1258 816//1258
f 815//1259 816//1259 811//1259
f 816//1260 817//1260 746//1260
f 817//1261 816//1261 818//1261
f 746//1262 814//1262 816//1262
f 818//1263 816//1263 815//1263
f 815//1264 819//1264 818//1264
f 819//1265 728//1265 818//1265
f 728//1266 820//1266 818//1266
f 820//1267 817//1267 818//1267
f 821//1268 820//1268 742//1268
f 821//1269 817//1269 820//1269
f 742//1270 820//1270 731//1270
f 820//1271 728//1271 731//1271
f 743//1272 817//1272 821//1272
f 742//1273 743//1273 821//1273
f 727//1274 728//1274 819//1274
f 819//1275 813//1275 727//1275
f 815//1276 813//1276 819//1276
f 746//1277 817//1277 743//1277
f 814//1278 822//1278 812//1278
f 823//1279 822//1279 814//1279
f 823//1280 814//1280 746//1280
f 747//1281 823//1281 746//1281
f 824//1282 823//1282 747//1282
f 824//1279 822//1279 823//1279
f 762//1283 822//1283 824//1283
f 751//1284 824//1284 747//1284
f 762//1285 824//1285 751//1285
f 825//1286 822//1286 762//1286
f 808//1287 822//1287 825//1287
f 808//1288 806//1288 822//1288
f 812//1289 822//1289 806//1289
f 825//1290 807//1290 808//1290
f 807//1291 825//1291 787//1291
f 825//1292 826//1292 787//1292
f 826//1293 825//1293 762//1293
f 762//1294 759//1294 826//1294
f 759//1295 827//1295 826//1295
f 787//1296 826//1296 827//1296
f 788//1297 787//1297 827//1297
f 768//1298 827//1298 760//1298
f 827//1299 759//1299 760//1299
f 788//1300 827//1300 768//1300
f 828//1301 727//1301 813//1301
f 813//1302 810//1302 828//1302
f 729//1303 727//1303 828//1303
f 828//1304 829//1304 729//1304
f 828//1305 830//1305 829//1305
f 830//1306 828//1306 801//1306
f 801//1307 828//1307 802//1307
f 828//1308 810//1308 802//1308
f 831//1309 833//1309 830//1309
f 830//1310 832//1310 831//1310
f 801//1311 832//1311 830//1311
f 829//1309 830//1309 833//1309
f 833//1312 831//1312 834//1312
f 835//1312 833//1312 834//1312
f 833//1313 835//1313 829//1313
f 835//1314 836//1314 829//1314
f 836//1312 835//1312 834//1312
f 836//1315 837//1315 829//1315
f 837//1312 836//1312 722//1312
f 836//1312 834//1312 722//1312
f 837//1316 839//1316 729//1316
f 729//1315 829//1315 837//1315
f 839//1312 837//1312 838//1312
f 838//1312 837//1312 722//1312
f 729//1317 839//1317 838//1317
f 723//1318 838//1318 722//1318
f 723//1318 729//1318 838//1318
f 840//1312 843//1312 834//1312
f 840//1312 834//1312 841//1312
f 841//1312 834//1312 831//1312
f 720//1312 834//1312 718//1312
f 720//1312 721//1312 834//1312
f 721//1312 722//1312 834//1312
f 718//1312 834//1312 717//1312
f 844//1312 834//1312 842//1312
f 842//1312 834//1312 843//1312
f 844//1319 849//1319 834//1319
f 834//1320 849//1320 845//1320
f 845//1312 846//1312 834//1312
f 848//1312 834//1312 846//1312
f 717//1312 834//1312 847//1312
f 848//1312 847//1312 834//1312
f 851//1321 850//1321 849//1321
f 852//1322 849//1322 850//1322
f 844//1319 851//1319 849//1319
f 852//1320 845//1320 849//1320
f 860//1323 853//1323 852//1323
f 855//1324 852//1324 853//1324
f 854//1325 859//1325 852//1325
f 855//1325 854//1325 852//1325
f 852//1326 850//1326 856//1326
f 856//1327 857//1327 852//1327
f 857//1328 858//1328 852//1328
f 858//1329 860//1329 852//1329
f 845//1330 852//1330 859//1330
f 858//1331 851//1331 860//1331
f 851//1332 853//1332 860//1332
f 873//1312 845//1312 859//1312
f 863//1312 861//1312 859//1312
f 861//1312 862//1312 859//1312
f 864//1312 859//1312 862//1312
f 863//1312 859//1312 866//1312
f 875//1312 859//1312 864//1312
f 868//1312 865//1312 859//1312
f 865//1312 866//1312 859//1312
f 859//1312 854//1312 867//1312
f 867//1312 868//1312 859//1312
f 869//1312 874//1312 859//1312
f 869//1312 859//1312 870//1312
f 871//1312 870//1312 859//1312
f 872//1312 871//1312 859//1312
f 872//1312 859//1312 875//1312
f 873//1312 859//1312 874//1312
f 875//1333 864//1333 876//1333
f 876//1334 872//1334 875//1334
f 878//1335 876//1335 877//1335
f 861//1336 877//1336 876//1336
f 878//1337 879//1337 876//1337
f 876//1338 879//1338 872//1338
f 864//1339 862//1339 876//1339
f 862//1336 861//1336 876//1336
f 871//1338 872//1338 879//1338
f 870//1340 871//1340 879//1340
f 878//1341 880//1341 879//1341
f 880//1342 881//1342 879//1342
f 870//1340 879//1340 881//1340
f 883//1343 882//1343 881//1343
f 882//1344 869//1344 881//1344
f 869//1345 870//1345 881//1345
f 880//1346 883//1346 881//1346
f 883//1347 884//1347 885//1347
f 884//1348 883//1348 878//1348
f 878//1349 883//1349 880//1349
f 883//1350 708//1350 710//1350
f 708//1351 883//1351 885//1351
f 882//1352 883//1352 710//1352
f 885//1353 884//1353 886//1353
f 888//1354 885//1354 886//1354
f 708//1355 885//1355 887//1355
f 885//1356 888//1356 887//1356
f 890//1357 888//1357 886//1357
f 888//1358 892//1358 887//1358
f 889//1359 891//1359 888//1359
f 888//1360 890//1360 889//1360
f 888//1361 891//1361 892//1361
f 707//1362 892//1362 893//1362
f 707//1363 887//1363 892//1363
f 893//1364 892//1364 891//1364
f 705//1365 893//1365 894//1365
f 705//1366 707//1366 893//1366
f 894//1367 893//1367 897//1367
f 891//1368 898//1368 893//1368
f 897//1369 893//1369 895//1369
f 895//1370 893//1370 896//1370
f 898//1371 896//1371 893//1371
f 898//1372 891//1372 889//1372
f 899//1373 898//1373 889//1373
f 896//1374 898//1374 899//1374
f 889//1375 900//1375 899//1375
f 901//1376 899//1376 900//1376
f 899//1377 901//1377 903//1377
f 899//1378 902//1378 896//1378
f 899//1379 903//1379 902//1379
f 901//1380 904//1380 903//1380
f 903//1381 904//1381 905//1381
f 903//1382 907//1382 902//1382
f 903//1383 905//1383 906//1383
f 907//1384 903//1384 906//1384
f 906//1385 650//1385 907//1385
f 902//1386 907//1386 650//1386
f 906//1387 909//1387 908//1387
f 906//1388 908//1388 651//1388
f 650//1389 906//1389 651//1389
f 906//1390 905//1390 909//1390
f 910//1391 908//1391 909//1391
f 904//1392 910//1392 909//1392
f 909//1393 905//1393 904//1393
f 904//1394 911//1394 910//1394
f 913//1395 910//1395 911//1395
f 912//1396 908//1396 910//1396
f 912//1397 910//1397 913//1397
f 918//1398 913//1398 914//1398
f 916//1399 914//1399 913//1399
f 913//1400 917//1400 915//1400
f 915//1401 916//1401 913//1401
f 913//1402 911//1402 917//1402
f 912//1403 913//1403 918//1403
f 914//1404 638//1404 918//1404
f 918//1102 639//1102 912//1102
f 639//1405 918//1405 638//1405
f 917//1406 921//1406 919//1406
f 917//1407 919//1407 915//1407
f 917//1408 922//1408 920//1408
f 920//1409 921//1409 917//1409
f 917//1410 923//1410 922//1410
f 917//1411 911//1411 923//1411
f 901//1412 923//1412 904//1412
f 922//1413 923//1413 901//1413
f 923//1414 911//1414 904//1414
f 925//1415 924//1415 922//1415
f 922//1416 924//1416 927//1416
f 922//1417 926//1417 925//1417
f 922//1418 901//1418 926//1418
f 922//1419 927//1419 920//1419
f 928//1420 927//1420 924//1420
f 928//1421 929//1421 927//1421
f 920//1422 927//1422 929//1422
f 931//1423 929//1423 930//1423
f 930//1424 929//1424 932//1424
f 920//1425 929//1425 921//1425
f 929//1426 931//1426 921//1426
f 929//1427 928//1427 932//1427
f 932//1428 933//1428 935//1428
f 933//1429 932//1429 934//1429
f 934//1430 932//1430 937//1430
f 935//1431 936//1431 932//1431
f 930//1432 932//1432 936//1432
f 932//1433 928//1433 937//1433
f 939//1434 938//1434 937//1434
f 937//1435 938//1435 934//1435
f 939//1436 937//1436 928//1436
f 940//1437 938//1437 939//1437
f 939//1438 941//1438 940//1438
f 939//1439 926//1439 941//1439
f 924//1440 939//1440 928//1440
f 939//1441 925//1441 926//1441
f 939//1442 924//1442 925//1442
f 942//1443 940//1443 941//1443
f 942//1444 941//1444 943//1444
f 943//1445 941//1445 926//1445
f 942//1446 943//1446 890//1446
f 926//1447 944//1447 943//1447
f 890//1448 943//1448 944//1448
f 900//1449 889//1449 944//1449
f 890//1450 944//1450 889//1450
f 944//1451 926//1451 900//1451
f 945//1452 940//1452 942//1452
f 945//1453 942//1453 890//1453
f 946//1454 945//1454 947//1454
f 948//1455 945//1455 946//1455
f 947//1456 945//1456 949//1456
f 945//1457 948//1457 940//1457
f 949//1458 945//1458 890//1458
f 947//1459 949//1459 884//1459
f 886//1460 884//1460 949//1460
f 886//1461 949//1461 890//1461
f 946//1462 950//1462 948//1462
f 948//1463 938//1463 940//1463
f 938//1464 948//1464 950//1464
f 951//1465 953//1465 950//1465
f 951//1466 950//1466 952//1466
f 946//1467 952//1467 950//1467
f 950//1468 953//1468 938//1468
f 953//1469 934//1469 938//1469
f 954//1470 934//1470 953//1470
f 953//1471 951//1471 954//1471
f 954//1472 955//1472 956//1472
f 955//1473 954//1473 951//1473
f 933//1474 934//1474 954//1474
f 956//1475 933//1475 954//1475
f 956//1476 955//1476 957//1476
f 957//1477 961//1477 956//1477
f 933//1478 956//1478 935//1478
f 959//1479 958//1479 956//1479
f 958//1480 935//1480 956//1480
f 956//1481 960//1481 959//1481
f 960//1482 956//1482 962//1482
f 956//1483 961//1483 962//1483
f 962//1484 963//1484 964//1484
f 965//1485 963//1485 962//1485
f 964//1486 960//1486 962//1486
f 962//1487 961//1487 968//1487
f 967//1488 965//1488 962//1488
f 968//1489 966//1489 962//1489
f 966//1490 967//1490 962//1490
f 867//1489 968//1489 961//1489
f 968//1312 867//1312 854//1312
f 966//1312 968//1312 854//1312
f 967//1312 966//1312 965//1312
f 965//1312 966//1312 969//1312
f 854//1491 969//1491 966//1491
f 963//1492 970//1492 969//1492
f 964//1492 963//1492 969//1492
f 969//1493 854//1493 964//1493
f 970//1312 965//1312 969//1312
f 963//1494 971//1494 970//1494
f 971//1312 965//1312 970//1312
f 965//1495 971//1495 963//1495
f 964//1496 972//1496 975//1496
f 972//1497 964//1497 976//1497
f 977//1493 964//1493 854//1493
f 960//1498 964//1498 973//1498
f 964//1499 974//1499 973//1499
f 974//1500 964//1500 975//1500
f 977//1497 976//1497 964//1497
f 976//1325 977//1325 855//1325
f 977//1325 854//1325 855//1325
f 976//1325 855//1325 978//1325
f 972//1501 976//1501 979//1501
f 979//1502 976//1502 978//1502
f 979//1503 978//1503 972//1503
f 972//1504 978//1504 980//1504
f 978//1505 855//1505 980//1505
f 972//1506 980//1506 981//1506
f 981//1507 980//1507 855//1507
f 972//1508 981//1508 982//1508
f 982//1325 981//1325 855//1325
f 972//1508 982//1508 975//1508
f 982//1509 855//1509 983//1509
f 982//1508 983//1508 975//1508
f 975//1510 983//1510 984//1510
f 985//1510 984//1510 983//1510
f 983//1509 855//1509 985//1509
f 855//1509 986//1509 985//1509
f 987//1509 985//1509 986//1509
f 987//1511 984//1511 985//1511
f 987//1509 986//1509 988//1509
f 987//1512 988//1512 984//1512
f 990//1513 988//1513 986//1513
f 990//1514 989//1514 988//1514
f 989//1514 991//1514 988//1514
f 991//1512 984//1512 988//1512
f 989//1515 992//1515 991//1515
f 975//1516 984//1516 991//1516
f 975//1517 991//1517 992//1517
f 992//1518 998//1518 993//1518
f 992//1519 993//1519 997//1519
f 992//1520 994//1520 999//1520
f 997//1521 994//1521 992//1521
f 998//1522 992//1522 995//1522
f 996//1523 995//1523 992//1523
f 992//1522 989//1522 996//1522
f 992//1524 999//1524 975//1524
f 974//1525 999//1525 994//1525
f 975//1526 999//1526 974//1526
f 998//1527 995//1527 993//1527
f 993//1528 1000//1528 997//1528
f 994//1529 997//1529 1000//1529
f 993//1530 996//1530 1000//1530
f 1001//1531 1000//1531 1002//1531
f 1000//1532 1001//1532 1004//1532
f 996//1531 1002//1531 1000//1531
f 1003//1533 994//1533 1000//1533
f 1003//1534 1000//1534 1004//1534
f 1001//1535 1006//1535 1004//1535
f 1003//1536 1004//1536 1005//1536
f 1005//1537 1004//1537 1006//1537
f 1001//1538 1007//1538 1006//1538
f 1006//1539 1008//1539 1005//1539
f 1007//1540 1008//1540 1006//1540
f 1011//1541 1008//1541 1009//1541
f 1007//1542 1009//1542 1008//1542
f 1011//1543 1010//1543 1008//1543
f 1005//1544 1008//1544 1010//1544
f 1009//1545 1012//1545 1011//1545
f 1011//1546 1012//1546 1013//1546
f 1011//1547 1013//1547 1010//1547
f 1012//1548 1014//1548 1013//1548
f 1014//1549 1015//1549 1013//1549
f 1013//1550 1015//1550 1016//1550
f 1013//1551 1016//1551 1017//1551
f 1013//1552 1017//1552 1010//1552
f 1018//1553 1017//1553 1022//1553
f 1018//1554 1019//1554 1017//1554
f 1017//1555 1019//1555 1021//1555
f 1020//1556 1010//1556 1017//1556
f 1020//1557 1017//1557 1021//1557
f 1016//1558 1022//1558 1017//1558
f 1022//1559 1016//1559 919//1559
f 919//1560 1023//1560 1022//1560
f 1022//1561 1023//1561 1018//1561
f 1023//1562 919//1562 1024//1562
f 1024//1563 1019//1563 1023//1563
f 1019//1564 1018//1564 1023//1564
f 1024//1565 919//1565 931//1565
f 1025//1566 1024//1566 931//1566
f 1019//1567 1024//1567 1025//1567
f 1025//1568 1021//1568 1019//1568
f 936//1569 1021//1569 1025//1569
f 936//1570 1025//1570 930//1570
f 1025//1571 931//1571 930//1571
f 1020//1572 1021//1572 936//1572
f 1020//1573 1005//1573 1010//1573
f 1020//1574 1026//1574 1005//1574
f 1026//1575 1020//1575 1027//1575
f 936//1576 1027//1576 1020//1576
f 1028//1577 1027//1577 935//1577
f 1028//1578 1003//1578 1027//1578
f 936//1579 935//1579 1027//1579
f 1003//1580 1026//1580 1027//1580
f 958//1581 1028//1581 935//1581
f 958//1582 1003//1582 1028//1582
f 1003//1583 1005//1583 1026//1583
f 919//1584 1016//1584 1015//1584
f 1014//1585 919//1585 1015//1585
f 1014//1586 1029//1586 919//1586
f 1012//1587 1029//1587 1014//1587
f 1030//1588 919//1588 1029//1588
f 1012//1589 1007//1589 1029//1589
f 1029//1590 1007//1590 1030//1590
f 1031//1591 919//1591 1030//1591
f 1032//1592 1031//1592 1030//1592
f 1033//1593 1032//1593 1030//1593
f 1007//1594 1033//1594 1030//1594
f 1033//1595 1035//1595 1034//1595
f 1032//1596 1033//1596 1034//1596
f 1035//1597 1033//1597 1007//1597
f 1034//1598 1035//1598 1036//1598
f 1007//1599 1036//1599 1035//1599
f 1037//1600 1036//1600 1038//1600
f 1037//1601 1034//1601 1036//1601
f 1038//1602 1036//1602 1007//1602
f 1039//1603 1037//1603 1038//1603
f 1001//1604 1039//1604 1038//1604
f 1038//1605 1007//1605 1001//1605
f 1039//1606 1040//1606 1037//1606
f 1041//1607 1040//1607 1039//1607
f 1039//1608 1001//1608 1041//1608
f 1041//1609 1042//1609 1043//1609
f 1041//1610 1001//1610 1042//1610
f 1043//1611 1044//1611 1041//1611
f 1044//1612 1040//1612 1041//1612
f 1040//1613 1044//1613 1045//1613
f 1047//1614 1045//1614 1044//1614
f 1046//1615 1044//1615 1043//1615
f 1044//1616 1046//1616 1047//1616
f 1048//1617 1047//1617 1050//1617
f 1047//1618 1048//1618 1049//1618
f 1049//1619 1045//1619 1047//1619
f 1051//1620 1050//1620 1047//1620
f 1046//1621 1051//1621 1047//1621
f 1051//1622 1052//1622 1053//1622
f 1051//1623 1046//1623 1052//1623
f 1050//1624 1051//1624 1053//1624
f 1055//1625 1054//1625 1053//1625
f 1050//1625 1053//1625 1054//1625
f 1056//1626 1055//1626 1053//1626
f 1056//1626 1053//1626 1052//1626
f 1052//1627 1057//1627 1056//1627
f 1059//1627 1056//1627 1057//1627
f 1059//1312 1058//1312 1056//1312
f 1056//1312 1058//1312 1055//1312
f 851//1509 1059//1509 986//1509
f 1059//1513 1057//1513 986//1513
f 1058//1509 1059//1509 851//1509
f 1060//1312 1063//1312 1058//1312
f 1060//1312 1058//1312 1061//1312
f 1066//1312 1061//1312 1058//1312
f 1065//1312 1058//1312 1062//1312
f 1062//1312 1058//1312 1063//1312
f 1064//1312 1066//1312 1058//1312
f 851//1628 1064//1628 1058//1628
f 1065//1312 1067//1312 1058//1312
f 1067//1312 1068//1312 1058//1312
f 1068//1312 1054//1312 1058//1312
f 1054//1312 1055//1312 1058//1312
f 1054//1629 1068//1629 1050//1629
f 1068//1630 1067//1630 1050//1630
f 1067//1631 1065//1631 1069//1631
f 1069//1630 1050//1630 1067//1630
f 1070//1632 1072//1632 1069//1632
f 1070//1633 1069//1633 1062//1633
f 1048//1634 1069//1634 1071//1634
f 1071//1635 1069//1635 1072//1635
f 1069//1636 1065//1636 1062//1636
f 1048//1637 1050//1637 1069//1637
f 1072//1638 1073//1638 1074//1638
f 1072//1639 1070//1639 1073//1639
f 1071//1640 1072//1640 1074//1640
f 1075//1641 1074//1641 1073//1641
f 1071//1642 1074//1642 1075//1642
f 1071//1643 1075//1643 1076//1643
f 1076//1644 1075//1644 1077//1644
f 1078//1645 1077//1645 1075//1645
f 1075//1646 1073//1646 1078//1646
f 793//1647 1080//1647 1078//1647
f 1078//1648 792//1648 793//1648
f 792//1649 1078//1649 1073//1649
f 1079//1650 1078//1650 1080//1650
f 1079//1651 1077//1651 1078//1651
f 1080//1652 1082//1652 1079//1652
f 1081//1653 1080//1653 793//1653
f 1081//1654 1082//1654 1080//1654
f 1082//1655 1083//1655 1084//1655
f 1081//1656 1083//1656 1082//1656
f 1082//1657 1084//1657 1079//1657
f 1085//1658 1084//1658 1086//1658
f 1085//1659 1079//1659 1084//1659
f 1086//1660 1084//1660 1083//1660
f 1086//1661 1087//1661 1085//1661
f 1086//1662 1083//1662 1089//1662
f 1086//1663 1088//1663 1087//1663
f 1088//1664 1086//1664 1089//1664
f 1089//1665 1083//1665 1081//1665
f 1090//1666 1088//1666 1089//1666
f 1081//1667 1093//1667 1089//1667
f 1091//1668 1090//1668 1089//1668
f 1091//1669 1089//1669 1092//1669
f 1093//1670 1092//1670 1089//1670
f 1094//1671 1092//1671 1093//1671
f 1094//1672 1093//1672 1095//1672
f 1095//1673 1093//1673 1096//1673
f 1093//1674 1081//1674 1096//1674
f 1097//1675 1099//1675 1096//1675
f 1096//1676 1100//1676 1097//1676
f 1096//1677 1098//1677 1094//1677
f 1099//1678 1098//1678 1096//1678
f 1094//1679 1095//1679 1096//1679
f 1100//1680 1096//1680 1081//1680
f 1100//1681 1081//1681 795//1681
f 795//1682 1101//1682 1100//1682
f 1100//1683 1101//1683 1097//1683
f 1102//1684 1099//1684 1101//1684
f 1101//1684 784//1684 1102//1684
f 794//1685 1101//1685 795//1685
f 794//1686 784//1686 1101//1686
f 1101//1687 1099//1687 1097//1687
f 1103//1688 1099//1688 1102//1688
f 1103//1689 1102//1689 780//1689
f 784//1690 780//1690 1102//1690
f 1103//1691 780//1691 781//1691
f 781//1692 1104//1692 1103//1692
f 1099//1693 1103//1693 1105//1693
f 1107//1694 1103//1694 1104//1694
f 1106//1695 1105//1695 1103//1695
f 1106//1696 1103//1696 1108//1696
f 1107//1697 1108//1697 1103//1697
f 1108//1698 1109//1698 1106//1698
f 1108//1699 1107//1699 1109//1699
f 1104//1700 1109//1700 1107//1700
f 1104//1701 1113//1701 1109//1701
f 1112//1702 1109//1702 1110//1702
f 1110//1703 1109//1703 1114//1703
f 1109//1704 1111//1704 1106//1704
f 1111//1705 1109//1705 1112//1705
f 1114//1706 1109//1706 1113//1706
f 1113//1707 1115//1707 1114//1707
f 1114//1708 1115//1708 1116//1708
f 1116//1709 1119//1709 1114//1709
f 1110//1710 1114//1710 1117//1710
f 1118//1711 1117//1711 1114//1711
f 1119//1712 1118//1712 1114//1712
f 1118//1713 1119//1713 1120//1713
f 1120//1714 1119//1714 1124//1714
f 1119//1715 1116//1715 1123//1715
f 1124//1716 1119//1716 1121//1716
f 1119//1717 1122//1717 1121//1717
f 1123//1718 1122//1718 1119//1718
f 1124//1719 1121//1719 1126//1719
f 1125//1720 1124//1720 1130//1720
f 1125//1721 1128//1721 1124//1721
f 1126//1722 1127//1722 1124//1722
f 1124//1723 1128//1723 1120//1723
f 1127//1724 1129//1724 1124//1724
f 1130//1725 1124//1725 1129//1725
f 1131//1726 1125//1726 1130//1726
f 1133//1727 1131//1727 1130//1727
f 1130//1728 1129//1728 1132//1728
f 1132//1729 1133//1729 1130//1729
f 1131//1730 1133//1730 1134//1730
f 1134//1731 1133//1731 1132//1731
f 1134//1732 1135//1732 1131//1732
f 1135//1733 1134//1733 1138//1733
f 1134//1734 1132//1734 1137//1734
f 1134//1735 1137//1735 1136//1735
f 1136//1736 1138//1736 1134//1736
f 1135//1737 1138//1737 1140//1737
f 1138//1738 1136//1738 1139//1738
f 1141//1739 1138//1739 1139//1739
f 1138//1740 1141//1740 1140//1740
f 1142//1741 1141//1741 1143//1741
f 1140//1742 1141//1742 1142//1742
f 1145//1743 1143//1743 1141//1743
f 1141//1744 1146//1744 1144//1744
f 1144//1745 1145//1745 1141//1745
f 1141//1746 1139//1746 1146//1746
f 1146//1747 1139//1747 1149//1747
f 1150//1748 1146//1748 1147//1748
f 1147//1749 1146//1749 1148//1749
f 1149//1750 1148//1750 1146//1750
f 1150//1751 1144//1751 1146//1751
f 1152//1752 1151//1752 1150//1752
f 1151//1753 1144//1753 1150//1753
f 1152//1754 1150//1754 1153//1754
f 1147//1755 1153//1755 1150//1755
f 1154//1756 1153//1756 1147//1756
f 1155//1757 1153//1757 1154//1757
f 1155//1758 1156//1758 1153//1758
f 1153//1759 1156//1759 1152//1759
f 1156//1760 1155//1760 1157//1760
f 1157//1761 1158//1761 1156//1761
f 1152//1762 1156//1762 1158//1762
f 1158//1763 1151//1763 1152//1763
f 1160//1764 1151//1764 1158//1764
f 1158//1765 1159//1765 1160//1765
f 1161//1766 1159//1766 1158//1766
f 1162//1767 1161//1767 1158//1767
f 1162//1768 1158//1768 1157//1768
f 1163//1769 1162//1769 1164//1769
f 1166//1770 1162//1770 1163//1770
f 1161//1771 1162//1771 1165//1771
f 1162//1772 1157//1772 1164//1772
f 1166//1773 1165//1773 1162//1773
f 1165//1774 1166//1774 1168//1774
f 1168//1775 1166//1775 1167//1775
f 1166//1776 1163//1776 1167//1776
f 1168//1777 1167//1777 1169//1777
f 1168//1778 1169//1778 1170//1778
f 1165//1779 1168//1779 1170//1779
f 1175//1780 1170//1780 1169//1780
f 1170//1781 1171//1781 1165//1781
f 1170//1782 1174//1782 1171//1782
f 1172//1783 1173//1783 1170//1783
f 1172//1784 1170//1784 1175//1784
f 1173//1785 1174//1785 1170//1785
f 1169//1786 1167//1786 1175//1786
f 1175//1787 1167//1787 1177//1787
f 1175//1788 1179//1788 1176//1788
f 1175//1789 1176//1789 1172//1789
f 1177//1790 1178//1790 1175//1790
f 1175//1791 1178//1791 1179//1791
f 1176//1792 1179//1792 1180//1792
f 1178//1793 1181//1793 1179//1793
f 1181//1794 1180//1794 1179//1794
f 1177//1795 1181//1795 1178//1795
f 1181//1796 1177//1796 1182//1796
f 1181//1797 1182//1797 1183//1797
f 1183//1798 1180//1798 1181//1798
f 1182//1799 1186//1799 1183//1799
f 1184//1800 1183//1800 1185//1800
f 1180//1801 1183//1801 1184//1801
f 1183//1802 1186//1802 1185//1802
f 1191//1803 1187//1803 1186//1803
f 1187//1804 1185//1804 1186//1804
f 1186//1805 1188//1805 1192//1805
f 1186//1806 1189//1806 1188//1806
f 1186//1807 1190//1807 1189//1807
f 1190//1808 1186//1808 1182//1808
f 1192//1809 1191//1809 1186//1809
f 1188//1810 1193//1810 1192//1810
f 1193//1811 1195//1811 1192//1811
f 1194//1812 1197//1812 1192//1812
f 1192//1813 1195//1813 1194//1813
f 1192//1814 1196//1814 1191//1814
f 1197//1815 1196//1815 1192//1815
f 1198//1816 1197//1816 1194//1816
f 1199//1817 1196//1817 1197//1817
f 1198//1818 1199//1818 1197//1818
f 1200//1819 1201//1819 1199//1819
f 1199//1820 1205//1820 1200//1820
f 1201//1821 1202//1821 1199//1821
f 1199//1822 1203//1822 1196//1822
f 1202//1823 1204//1823 1199//1823
f 1203//1824 1199//1824 1204//1824
f 1198//1825 1205//1825 1199//1825
f 1206//1826 1200//1826 1205//1826
f 1205//1827 1198//1827 1206//1827
f 1206//1828 1207//1828 1200//1828
f 1207//1829 1206//1829 1208//1829
f 1209//1830 1208//1830 1206//1830
f 1209//1831 1206//1831 1198//1831
f 1210//1832 1208//1832 1209//1832
f 1213//1833 1210//1833 1209//1833
f 1198//1834 1211//1834 1209//1834
f 1212//1835 1209//1835 1211//1835
f 1213//1836 1209//1836 1212//1836
f 1214//1837 1213//1837 1216//1837
f 1213//1838 1214//1838 1217//1838
f 1215//1839 1210//1839 1213//1839
f 1213//1840 1217//1840 1215//1840
f 1213//1841 1212//1841 1216//1841
f 1218//1842 1215//1842 1217//1842
f 1217//1843 1219//1843 1218//1843
f 1217//1844 1220//1844 1219//1844
f 1217//1845 1214//1845 1221//1845
f 1220//1846 1217//1846 1221//1846
f 1220//1847 1221//1847 1222//1847
f 1223//1848 1222//1848 1221//1848
f 1221//1849 1224//1849 1223//1849
f 1221//1850 1225//1850 1224//1850
f 1221//1851 1226//1851 1225//1851
f 1226//1852 1221//1852 1214//1852
f 1226//1853 1227//1853 1229//1853
f 1216//1854 1227//1854 1226//1854
f 1226//1855 1228//1855 1225//1855
f 1228//1856 1226//1856 1229//1856
f 1214//1857 1216//1857 1226//1857
f 1229//1858 1227//1858 1230//1858
f 1229//1859 1230//1859 1231//1859
f 1229//1860 1231//1860 1232//1860
f 1232//1861 1228//1861 1229//1861
f 1231//1862 1233//1862 1232//1862
f 1228//1863 1232//1863 1234//1863
f 1234//1864 1232//1864 1233//1864
f 1225//1865 1228//1865 1234//1865
f 1225//1866 1234//1866 1224//1866
f 1234//1867 1235//1867 1224//1867
f 1233//1868 1235//1868 1234//1868
f 1224//1869 1235//1869 1236//1869
f 1235//1870 1237//1870 1236//1870
f 1235//1871 1233//1871 1237//1871
f 1237//1872 1240//1872 1238//1872
f 1238//1873 1239//1873 1237//1873
f 1236//1874 1237//1874 1239//1874
f 1240//1875 1237//1875 1241//1875
f 1241//1876 1237//1876 1242//1876
f 1233//1877 1242//1877 1237//1877
f 1233//1878 1243//1878 1242//1878
f 1243//1879 1244//1879 1242//1879
f 1242//1880 1244//1880 1245//1880
f 1242//1881 1245//1881 1241//1881
f 1244//1882 1246//1882 1245//1882
f 1245//1883 1246//1883 1247//1883
f 1241//1884 1245//1884 1248//1884
f 1245//1885 1247//1885 1248//1885
f 1248//1886 1250//1886 1241//1886
f 1248//1887 1247//1887 1249//1887
f 1248//1888 1249//1888 1250//1888
f 1250//1889 1251//1889 1241//1889
f 1251//1890 1250//1890 1252//1890
f 1252//1891 1250//1891 1254//1891
f 1250//1892 1249//1892 1253//1892
f 1253//1893 1254//1893 1250//1893
f 1253//1894 1256//1894 1254//1894
f 1254//1895 1257//1895 1255//1895
f 1255//1896 1252//1896 1254//1896
f 1257//1897 1254//1897 1256//1897
f 1258//1898 1257//1898 1262//1898
f 1258//1899 1259//1899 1257//1899
f 1259//1900 1255//1900 1257//1900
f 1257//1901 1260//1901 1261//1901
f 1257//1902 1256//1902 1260//1902
f 1262//1903 1257//1903 1261//1903
f 1262//1904 1261//1904 1263//1904
f 1262//1905 1263//1905 1264//1905
f 1264//1906 1258//1906 1262//1906
f 1265//1907 1258//1907 1264//1907
f 1265//1908 1264//1908 1263//1908
f 1266//1909 1258//1909 1265//1909
f 1266//1910 1265//1910 1267//1910
f 1265//1911 1268//1911 1267//1911
f 1265//1912 1269//1912 1268//1912
f 1269//1913 1265//1913 1270//1913
f 1263//1914 1270//1914 1265//1914
f 1272//1915 1270//1915 1263//1915
f 1272//1916 1271//1916 1270//1916
f 1270//1917 1271//1917 1269//1917
f 1261//1918 1272//1918 1263//1918
f 1273//1919 1271//1919 1272//1919
f 1261//1920 1273//1920 1272//1920
f 1273//1921 1274//1921 1275//1921
f 1273//1922 1261//1922 1274//1922
f 1271//1923 1273//1923 1275//1923
f 1275//1924 1280//1924 1276//1924
f 1279//1925 1275//1925 1276//1925
f 1275//1926 1277//1926 1271//1926
f 1275//1927 1278//1927 1277//1927
f 1278//1928 1275//1928 1279//1928
f 1275//1929 1274//1929 1280//1929
f 1276//1930 1280//1930 1281//1930
f 1281//1931 1280//1931 1282//1931
f 1274//1932 1261//1932 1280//1932
f 1261//1933 1282//1933 1280//1933
f 1283//1934 1282//1934 1284//1934
f 1282//1935 1283//1935 1285//1935
f 1285//1936 1281//1936 1282//1936
f 1284//1937 1282//1937 1261//1937
f 1290//1938 1285//1938 1283//1938
f 1286//1939 1288//1939 1285//1939
f 1285//1940 1287//1940 1286//1940
f 1289//1941 1287//1941 1285//1941
f 1285//1942 1288//1942 1281//1942
f 1285//1943 1290//1943 1289//1943
f 1291//1944 1290//1944 1283//1944
f 1290//1945 1291//1945 1293//1945
f 1293//1946 1292//1946 1290//1946
f 1290//1947 1292//1947 1289//1947
f 1294//1948 1293//1948 1296//1948
f 1295//1949 1293//1949 1294//1949
f 1295//1950 1292//1950 1293//1950
f 1291//1951 1296//1951 1293//1951
f 1297//1952 1296//1952 1291//1952
f 1296//1953 1297//1953 1247//1953
f 1296//1954 1298//1954 1294//1954
f 1247//1955 1298//1955 1296//1955
f 1299//1956 1298//1956 1246//1956
f 1298//1957 1247//1957 1246//1957
f 1299//1958 1300//1958 1298//1958
f 1298//1959 1300//1959 1294//1959
f 1302//1960 1300//1960 1299//1960
f 1300//1961 1301//1961 1294//1961
f 1302//1962 1301//1962 1300//1962
f 1302//1963 1306//1963 1301//1963
f 1299//1964 1303//1964 1302//1964
f 1303//1965 1304//1965 1302//1965
f 1305//1966 1302//1966 1304//1966
f 1306//1967 1302//1967 1305//1967
f 1306//1968 1307//1968 1301//1968
f 1307//1969 1306//1969 1308//1969
f 1306//1970 1309//1970 1308//1970
f 1305//1971 1309//1971 1306//1971
f 1309//1972 1313//1972 1310//1972
f 1312//1973 1309//1973 1310//1973
f 1311//1974 1309//1974 1312//1974
f 1311//1975 1314//1975 1309//1975
f 1309//1976 1305//1976 1313//1976
f 1309//1977 1314//1977 1315//1977
f 1308//1978 1309//1978 1315//1978
f 1316//1979 1317//1979 1315//1979
f 1315//1980 1319//1980 1316//1980
f 1307//1981 1315//1981 1318//1981
f 1307//1982 1308//1982 1315//1982
f 1318//1983 1315//1983 1317//1983
f 1315//1984 1314//1984 1319//1984
f 1319//1985 1320//1985 1316//1985
f 1320//1986 1319//1986 1314//1986
f 1316//1987 1320//1987 1322//1987
f 1322//1988 1320//1988 1321//1988
f 1321//1989 1320//1989 1323//1989
f 1320//1990 1324//1990 1323//1990
f 1314//1991 1324//1991 1320//1991
f 1325//1992 1324//1992 1314//1992
f 1325//1993 1326//1993 1324//1993
f 1326//1994 1327//1994 1324//1994
f 1327//1995 1328//1995 1324//1995
f 1324//1996 1328//1996 1323//1996
f 1327//1997 1329//1997 1328//1997
f 1323//1998 1328//1998 1330//1998
f 1330//1999 1328//1999 1329//1999
f 1331//2000 1321//2000 1330//2000
f 1321//2001 1323//2001 1330//2001
f 1331//2002 1330//2002 1332//2002
f 1332//2003 1330//2003 1333//2003
f 1333//2004 1330//2004 1334//2004
f 1329//2005 1334//2005 1330//2005
f 1334//2006 1337//2006 1335//2006
f 1334//2007 1335//2007 1333//2007
f 1336//2008 1337//2008 1334//2008
f 1334//2009 1338//2009 1336//2009
f 1334//2010 1339//2010 1338//2010
f 1334//2011 1329//2011 1327//2011
f 1327//2012 1326//2012 1334//2012
f 1334//2013 1326//2013 1339//2013
f 1340//2014 1339//2014 1341//2014
f 1338//2015 1339//2015 1340//2015
f 1342//2016 1339//2016 1326//2016
f 1342//2017 1341//2017 1339//2017
f 1344//2018 1342//2018 1325//2018
f 1342//2019 1326//2019 1325//2019
f 1345//2020 1342//2020 1343//2020
f 1344//2021 1343//2021 1342//2021
f 1345//2022 1341//2022 1342//2022
f 1345//2023 1343//2023 1346//2023
f 1346//2024 1347//2024 1345//2024
f 1345//2025 1347//2025 1341//2025
f 1347//2026 1346//2026 1349//2026
f 1348//2027 1341//2027 1347//2027
f 1350//2028 1348//2028 1347//2028
f 1349//2029 1350//2029 1347//2029
f 1355//2030 1351//2030 1350//2030
f 1351//2031 1348//2031 1350//2031
f 1349//2032 1354//2032 1350//2032
f 1350//2033 1353//2033 1352//2033
f 1352//2034 1355//2034 1350//2034
f 1350//2035 1354//2035 1353//2035
f 1355//2036 1356//2036 1351//2036
f 1357//2037 1356//2037 1355//2037
f 1357//2038 1355//2038 1352//2038
f 1357//2039 1358//2039 1356//2039
f 1359//2040 1358//2040 1357//2040
f 1359//2041 1357//2041 1352//2041
f 1362//2042 1360//2042 1359//2042
f 1361//2043 1359//2043 1360//2043
f 1361//2044 1358//2044 1359//2044
f 1362//2045 1359//2045 1363//2045
f 1363//2046 1359//2046 1352//2046
f 1364//2047 1362//2047 1363//2047
f 1363//2048 1365//2048 1364//2048
f 1363//2049 1352//2049 1365//2049
f 1364//2050 1365//2050 1367//2050
f 1366//2051 1368//2051 1365//2051
f 1366//2052 1365//2052 1354//2052
f 1365//2053 1353//2053 1354//2053
f 1365//2054 1352//2054 1353//2054
f 1365//2055 1368//2055 1367//2055
f 1366//2056 1369//2056 1368//2056
f 1370//2057 1368//2057 1369//2057
f 1371//2058 1367//2058 1368//2058
f 1370//2059 1371//2059 1368//2059
f 1371//2060 1373//2060 1372//2060
f 1372//2061 1374//2061 1371//2061
f 1364//2062 1371//2062 1374//2062
f 1364//2063 1367//2063 1371//2063
f 1370//2064 1373//2064 1371//2064
f 1372//2065 1375//2065 1374//2065
f 1375//2066 1376//2066 1374//2066
f 1364//2067 1374//2067 1376//2067
f 1360//2068 1362//2068 1376//2068
f 1376//2069 1377//2069 1360//2069
f 1376//2070 1362//2070 1364//2070
f 1378//2071 1377//2071 1376//2071
f 1376//2072 1375//2072 1378//2072
f 1155//2073 1378//2073 1375//2073
f 1155//2074 1154//2074 1378//2074
f 1378//2075 1154//2075 1377//2075
f 1147//2076 1377//2076 1154//2076
f 1147//2077 1380//2077 1377//2077
f 1379//2078 1360//2078 1377//2078
f 1377//2079 1380//2079 1379//2079
f 1379//2080 1380//2080 1381//2080
f 1381//2081 1380//2081 1382//2081
f 1382//2082 1380//2082 1383//2082
f 1384//2083 1383//2083 1380//2083
f 1380//2084 1147//2084 1384//2084
f 1384//2085 1385//2085 1383//2085
f 1147//2086 1148//2086 1384//2086
f 1148//2087 1385//2087 1384//2087
f 1386//2088 1383//2088 1385//2088
f 1385//2089 1389//2089 1386//2089
f 1389//2090 1385//2090 1387//2090
f 1388//2091 1387//2091 1385//2091
f 1148//2092 1388//2092 1385//2092
f 1390//2093 1386//2093 1389//2093
f 1389//2094 1387//2094 1391//2094
f 1389//2095 1392//2095 1390//2095
f 1389//2096 1391//2096 1393//2096
f 1389//2097 1393//2097 1392//2097
f 1393//2098 1391//2098 1394//2098
f 1394//2099 1392//2099 1393//2099
f 1395//2100 1394//2100 1391//2100
f 1395//2101 1396//2101 1394//2101
f 1394//2102 1396//2102 1392//2102
f 1397//2103 1396//2103 1395//2103
f 1397//2104 1392//2104 1396//2104
f 1400//2105 1397//2105 1398//2105
f 1399//2106 1398//2106 1397//2106
f 1395//2107 1401//2107 1397//2107
f 1401//2108 1399//2108 1397//2108
f 1392//2109 1397//2109 1400//2109
f 1395//2110 1402//2110 1401//2110
f 1403//2111 1401//2111 1402//2111
f 1399//2112 1401//2112 1403//2112
f 1399//2113 1403//2113 1404//2113
f 1403//2114 1405//2114 1404//2114
f 1403//2115 1402//2115 1405//2115
f 1405//2116 1402//2116 1406//2116
f 1407//2117 1405//2117 1406//2117
f 1404//2118 1405//2118 1408//2118
f 1405//2119 1407//2119 1409//2119
f 1410//2120 1408//2120 1405//2120
f 1405//2121 1409//2121 1410//2121
f 1410//2122 1411//2122 1408//2122
f 1411//2123 1410//2123 1409//2123
f 1409//2124 1412//2124 1411//2124
f 1411//2125 1412//2125 1413//2125
f 1408//2126 1411//2126 1414//2126
f 1414//2127 1411//2127 1413//2127
f 1413//2128 1408//2128 1414//2128
f 1413//2129 1412//2129 1415//2129
f 1413//2130 1415//2130 1417//2130
f 1408//2131 1413//2131 1416//2131
f 1413//2132 1417//2132 1416//2132
f 1417//2133 1418//2133 1416//2133
f 1418//2134 1417//2134 1419//2134
f 1419//2135 1417//2135 1420//2135
f 1415//2136 1420//2136 1417//2136
f 1420//2137 1421//2137 1422//2137
f 1420//2138 1415//2138 1421//2138
f 1419//2139 1420//2139 1422//2139
f 1421//2140 1423//2140 1422//2140
f 1419//2141 1422//2141 1427//2141
f 1423//2142 1424//2142 1422//2142
f 1424//2143 1425//2143 1422//2143
f 1425//2144 1426//2144 1422//2144
f 1422//2145 1426//2145 1429//2145
f 1428//2146 1427//2146 1422//2146
f 1429//2147 1428//2147 1422//2147
f 1432//2148 1430//2148 1429//2148
f 1430//2149 1428//2149 1429//2149
f 1426//2150 1431//2150 1429//2150
f 1431//2151 1433//2151 1429//2151
f 1433//2152 1432//2152 1429//2152
f 1433//2153 1431//2153 1434//2153
f 1433//2154 1434//2154 1438//2154
f 1433//2155 1435//2155 1432//2155
f 1436//2156 1435//2156 1433//2156
f 1433//2157 1437//2157 1436//2157
f 1438//2158 1437//2158 1433//2158
f 1437//2159 1438//2159 1441//2159
f 1438//2160 1439//2160 1440//2160
f 1438//2161 1434//2161 1439//2161
f 1441//2162 1438//2162 1440//2162
f 1436//2163 1437//2163 1441//2163
f 1441//2164 1442//2164 1436//2164
f 1442//2165 1441//2165 1440//2165
f 1442//2166 1440//2166 1443//2166
f 1442//2167 1443//2167 1445//2167
f 1436//2168 1442//2168 1444//2168
f 1444//2169 1442//2169 1445//2169
f 1448//2170 1444//2170 1445//2170
f 1445//2171 1447//2171 1446//2171
f 1446//2172 1448//2172 1445//2172
f 1445//2173 1443//2173 1447//2173
f 1449//2174 1444//2174 1448//2174
f 1450//2175 1449//2175 1448//2175
f 1453//2176 1448//2176 1446//2176
f 1448//2177 1451//2177 1450//2177
f 1452//2178 1451//2178 1448//2178
f 1452//2179 1448//2179 1453//2179
f 1446//2180 1454//2180 1453//2180
f 1456//2181 1452//2181 1453//2181
f 1453//2182 1454//2182 1455//2182
f 1456//2183 1453//2183 1455//2183
f 1457//2184 1456//2184 1461//2184
f 1457//2185 1459//2185 1456//2185
f 1458//2186 1452//2186 1456//2186
f 1456//2187 1459//2187 1458//2187
f 1456//2188 1455//2188 1460//2188
f 1456//2189 1460//2189 1461//2189
f 1462//2190 1463//2190 1461//2190
f 1462//2191 1461//2191 1460//2191
f 1457//2192 1461//2192 1465//2192
f 1463//2193 1464//2193 1461//2193
f 1461//2194 1464//2194 1465//2194
f 1466//2195 1467//2195 1465//2195
f 1464//2196 1466//2196 1465//2196
f 1467//2197 1457//2197 1465//2197
f 1470//2198 1467//2198 1468//2198
f 1466//2199 1468//2199 1467//2199
f 1469//2200 1472//2200 1467//2200
f 1469//2201 1467//2201 1470//2201
f 1472//2202 1471//2202 1467//2202
f 1471//2203 1457//2203 1467//2203
f 1472//2204 1474//2204 1473//2204
f 1473//2205 1471//2205 1472//2205
f 1474//2206 1472//2206 1469//2206
f 1474//2207 1475//2207 1473//2207
f 1332//2208 1474//2208 1469//2208
f 1332//2209 1475//2209 1474//2209
f 1475//2210 1476//2210 1473//2210
f 1475//2211 1477//2211 1476//2211
f 1332//2212 1477//2212 1475//2212
f 1478//2213 1477//2213 1335//2213
f 1477//2214 1333//2214 1335//2214
f 1477//2215 1332//2215 1333//2215
f 1476//2216 1477//2216 1478//2216
f 1473//2217 1478//2217 1480//2217
f 1473//2218 1476//2218 1478//2218
f 1478//2219 1335//2219 1479//2219
f 1478//2220 1479//2220 1482//2220
f 1478//2221 1481//2221 1480//2221
f 1482//2222 1481//2222 1478//2222
f 1479//2223 1485//2223 1482//2223
f 1483//2224 1482//2224 1484//2224
f 1483//2225 1481//2225 1482//2225
f 1484//2226 1482//2226 1485//2226
f 1486//2227 1485//2227 1479//2227
f 1486//2228 1487//2228 1485//2228
f 1484//2229 1485//2229 1487//2229
f 1484//2230 1487//2230 1488//2230
f 1487//2231 1489//2231 1488//2231
f 1486//2232 1489//2232 1487//2232
f 1488//2233 1489//2233 1491//2233
f 1490//2234 1489//2234 1492//2234
f 1490//2235 1494//2235 1489//2235
f 1489//2236 1486//2236 1492//2236
f 1489//2237 1493//2237 1491//2237
f 1494//2238 1493//2238 1489//2238
f 1496//2239 1495//2239 1494//2239
f 1495//2240 1493//2240 1494//2240
f 1497//2241 1496//2241 1494//2241
f 1497//2242 1494//2242 1498//2242
f 1494//2243 1499//2243 1498//2243
f 1499//2244 1494//2244 1490//2244
f 1498//2245 1499//2245 1500//2245
f 1499//2246 1501//2246 1500//2246
f 1499//2247 1492//2247 1501//2247
f 1492//2248 1499//2248 1490//2248
f 1501//2249 1337//2249 1500//2249
f 1501//2250 1492//2250 1502//2250
f 1502//2251 1335//2251 1501//2251
f 1337//2252 1501//2252 1335//2252
f 1479//2253 1502//2253 1486//2253
f 1492//2254 1486//2254 1502//2254
f 1502//2255 1479//2255 1335//2255
f 1500//2256 1503//2256 1498//2256
f 1503//2257 1500//2257 1336//2257
f 1337//2258 1336//2258 1500//2258
f 1503//2259 1504//2259 1498//2259
f 1503//2260 1505//2260 1504//2260
f 1336//2261 1506//2261 1503//2261
f 1505//2262 1503//2262 1506//2262
f 1507//2263 1506//2263 1338//2263
f 1338//2264 1506//2264 1336//2264
f 1507//2265 1505//2265 1506//2265
f 1351//2266 1507//2266 1340//2266
f 1351//2267 1508//2267 1507//2267
f 1507//2268 1508//2268 1505//2268
f 1338//2269 1340//2269 1507//2269
f 1356//2270 1508//2270 1351//2270
f 1508//2271 1497//2271 1505//2271
f 1356//2272 1497//2272 1508//2272
f 1497//2273 1504//2273 1505//2273
f 1497//2274 1498//2274 1504//2274
f 1356//2275 1509//2275 1497//2275
f 1509//2276 1510//2276 1497//2276
f 1497//2277 1510//2277 1496//2277
f 1510//2278 1512//2278 1511//2278
f 1496//2279 1510//2279 1511//2279
f 1509//2280 1512//2280 1510//2280
f 1511//2281 1512//2281 1514//2281
f 1358//2282 1512//2282 1509//2282
f 1513//2283 1512//2283 1358//2283
f 1513//2284 1514//2284 1512//2284
f 1514//2285 1382//2285 1383//2285
f 1383//2286 1390//2286 1514//2286
f 1515//2287 1511//2287 1514//2287
f 1516//2288 1515//2288 1514//2288
f 1516//2289 1514//2289 1518//2289
f 1390//2290 1392//2290 1514//2290
f 1514//2291 1513//2291 1517//2291
f 1514//2292 1517//2292 1381//2292
f 1392//2293 1518//2293 1514//2293
f 1381//2294 1382//2294 1514//2294
f 1400//2295 1516//2295 1518//2295
f 1392//2296 1400//2296 1518//2296
f 1360//2297 1379//2297 1517//2297
f 1379//2298 1381//2298 1517//2298
f 1360//2299 1517//2299 1361//2299
f 1361//2300 1517//2300 1513//2300
f 1515//2301 1516//2301 1519//2301
f 1400//2302 1519//2302 1516//2302
f 1522//2303 1515//2303 1519//2303
f 1520//2304 1519//2304 1521//2304
f 1520//2305 1522//2305 1519//2305
f 1400//2306 1521//2306 1519//2306
f 1515//2307 1522//2307 1511//2307
f 1522//2308 1520//2308 1524//2308
f 1511//2309 1522//2309 1523//2309
f 1522//2310 1524//2310 1523//2310
f 1520//2311 1525//2311 1524//2311
f 1524//2312 1491//2312 1523//2312
f 1525//2313 1526//2313 1524//2313
f 1491//2314 1524//2314 1526//2314
f 1491//2315 1526//2315 1527//2315
f 1526//2316 1525//2316 1527//2316
f 1491//2317 1527//2317 1530//2317
f 1525//2318 1529//2318 1527//2318
f 1527//2319 1528//2319 1532//2319
f 1529//2320 1528//2320 1527//2320
f 1527//2321 1531//2321 1530//2321
f 1532//2322 1531//2322 1527//2322
f 1532//2323 1418//2323 1427//2323
f 1528//2324 1418//2324 1532//2324
f 1532//2325 1533//2325 1531//2325
f 1533//2326 1532//2326 1427//2326
f 1531//2327 1533//2327 1534//2327
f 1533//2328 1432//2328 1435//2328
f 1435//2329 1534//2329 1533//2329
f 1533//2330 1430//2330 1432//2330
f 1427//2331 1430//2331 1533//2331
f 1534//2332 1435//2332 1535//2332
f 1535//2333 1530//2333 1534//2333
f 1530//2334 1531//2334 1534//2334
f 1536//2335 1535//2335 1449//2335
f 1530//2336 1535//2336 1536//2336
f 1435//2337 1436//2337 1535//2337
f 1535//2338 1436//2338 1449//2338
f 1530//2339 1536//2339 1537//2339
f 1537//2340 1536//2340 1538//2340
f 1536//2341 1449//2341 1538//2341
f 1538//2342 1483//2342 1537//2342
f 1538//2343 1450//2343 1483//2343
f 1538//2344 1449//2344 1450//2344
f 1488//2345 1530//2345 1537//2345
f 1488//2346 1537//2346 1483//2346
f 1488//2347 1491//2347 1530//2347
f 1408//2348 1529//2348 1539//2348
f 1408//2349 1528//2349 1529//2349
f 1520//2350 1539//2350 1529//2350
f 1525//2351 1520//2351 1529//2351
f 1404//2352 1539//2352 1520//2352
f 1404//2353 1408//2353 1539//2353
f 1528//2354 1408//2354 1416//2354
f 1418//2355 1528//2355 1416//2355
f 1523//2356 1493//2356 1511//2356
f 1491//2357 1493//2357 1523//2357
f 1404//2358 1520//2358 1521//2358
f 1400//2359 1398//2359 1521//2359
f 1398//2360 1404//2360 1521//2360
f 1513//2361 1358//2361 1361//2361
f 1495//2362 1496//2362 1511//2362
f 1493//2363 1495//2363 1511//2363
f 1509//2364 1356//2364 1358//2364
f 1488//2365 1483//2365 1484//2365
f 1450//2366 1480//2366 1483//2366
f 1480//2367 1481//2367 1483//2367
f 1480//2368 1450//2368 1540//2368
f 1540//2369 1473//2369 1480//2369
f 1473//2370 1540//2370 1542//2370
f 1541//2371 1542//2371 1540//2371
f 1540//2372 1450//2372 1541//2372
f 1471//2373 1473//2373 1542//2373
f 1541//2374 1471//2374 1542//2374
f 1459//2375 1541//2375 1458//2375
f 1541//2376 1451//2376 1458//2376
f 1450//2377 1451//2377 1541//2377
f 1471//2378 1541//2378 1459//2378
f 1459//2379 1457//2379 1471//2379
f 1543//2380 1470//2380 1468//2380
f 1469//2381 1470//2381 1331//2381
f 1321//2382 1470//2382 1543//2382
f 1321//2383 1331//2383 1470//2383
f 1545//2384 1543//2384 1468//2384
f 1322//2385 1543//2385 1544//2385
f 1543//2386 1545//2386 1544//2386
f 1543//2387 1322//2387 1321//2387
f 1548//2388 1545//2388 1466//2388
f 1545//2389 1468//2389 1466//2389
f 1544//2390 1545//2390 1547//2390
f 1546//2391 1545//2391 1549//2391
f 1546//2392 1547//2392 1545//2392
f 1545//2393 1548//2393 1549//2393
f 1550//2394 1546//2394 1549//2394
f 1551//2395 1550//2395 1549//2395
f 1548//2396 1551//2396 1549//2396
f 1552//2397 1550//2397 1551//2397
f 1552//2398 1551//2398 1553//2398
f 1553//2399 1551//2399 1463//2399
f 1554//2400 1463//2400 1551//2400
f 1554//2401 1551//2401 1548//2401
f 1554//2402 1466//2402 1464//2402
f 1466//2403 1554//2403 1548//2403
f 1464//2404 1463//2404 1554//2404
f 1555//2405 1552//2405 1553//2405
f 1555//2406 1553//2406 1556//2406
f 1556//2406 1553//2406 1557//2406
f 1557//2407 1553//2407 1463//2407
f 1557//2408 1463//2408 1558//2408
f 1557//2409 1558//2409 1559//2409
f 1559//2410 1556//2410 1557//2410
f 1560//2411 1562//2411 1559//2411
f 1564//2412 1560//2412 1559//2412
f 1562//2413 1561//2413 1559//2413
f 1563//2414 1559//2414 1561//2414
f 1563//2415 1556//2415 1559//2415
f 1559//2416 1558//2416 1564//2416
f 1564//2417 1565//2417 1560//2417
f 1455//2418 1454//2418 1564//2418
f 1454//2419 1565//2419 1564//2419
f 1564//2420 1460//2420 1455//2420
f 1460//2421 1564//2421 1462//2421
f 1564//2422 1558//2422 1462//2422
f 1454//2423 1446//2423 1565//2423
f 1446//2424 8//2424 1565//2424
f 1565//2425 8//2425 14//2425
f 14//2426 1560//2426 1565//2426
f 2//2427 1563//2427 1561//2427
f 397//2428 1566//2428 1563//2428
f 397//2429 1563//2429 398//2429
f 398//2430 1563//2430 1567//2430
f 1566//2431 1555//2431 1563//2431
f 1556//2432 1563//2432 1555//2432
f 2//2433 1567//2433 1563//2433
f 1567//2434 2//2434 1568//2434
f 1568//2435 398//2435 1567//2435
f 1568//2436 2//2436 1570//2436
f 1570//2437 1569//2437 1568//2437
f 1569//2438 395//2438 1568//2438
f 395//2439 398//2439 1568//2439
f 384//2440 1570//2440 1571//2440
f 1570//2441 1572//2441 1571//2441
f 2//2442 3//2442 1570//2442
f 1572//2443 1570//2443 3//2443
f 1570//2444 384//2444 1569//2444
f 1572//2445 1573//2445 1571//2445
f 3//2446 5//2446 1572//2446
f 1572//2447 5//2447 1573//2447
f 381//2448 1571//2448 1573//2448
f 380//2449 1573//2449 1574//2449
f 380//2450 381//2450 1573//2450
f 1574//2451 1573//2451 5//2451
f 1574//2452 1576//2452 1575//2452
f 1574//2453 1575//2453 382//2453
f 382//2454 380//2454 1574//2454
f 1577//2455 1576//2455 1574//2455
f 5//2456 1577//2456 1574//2456
f 1580//2457 1576//2457 1577//2457
f 1578//2458 1577//2458 5//2458
f 1578//2459 1579//2459 1577//2459
f 1577//2460 1579//2460 1580//2460
f 1580//2461 1579//2461 1582//2461
f 1581//2462 1584//2462 1580//2462
f 1580//2463 1583//2463 1581//2463
f 1580//2464 1582//2464 1583//2464
f 1576//2465 1580//2465 1584//2465
f 1576//2466 1584//2466 1585//2466
f 1584//2467 1586//2467 1585//2467
f 1584//2468 1581//2468 1586//2468
f 1586//2469 1581//2469 1587//2469
f 1585//2470 1586//2470 1587//2470
f 1587//2471 69//2471 1588//2471
f 1587//2472 1589//2472 69//2472
f 1585//2473 1587//2473 370//2473
f 370//2474 1587//2474 1588//2474
f 1581//2475 1589//2475 1587//2475
f 1590//2476 1589//2476 1581//2476
f 1589//2477 68//2477 69//2477
f 1589//2478 64//2478 68//2478
f 61//2479 64//2479 1589//2479
f 61//2480 1589//2480 1590//2480
f 1590//2481 57//2481 61//2481
f 1590//2482 1591//2482 57//2482
f 1593//2483 1591//2483 1590//2483
f 1592//2484 1590//2484 1581//2484
f 1592//2485 1593//2485 1590//2485
f 1595//2486 1594//2486 1593//2486
f 1594//2487 1596//2487 1593//2487
f 1593//2488 1597//2488 1595//2488
f 1593//2489 1596//2489 1591//2489
f 1592//2490 1597//2490 1593//2490
f 1595//2491 1597//2491 1598//2491
f 1598//2492 1597//2492 1583//2492
f 1592//2493 1583//2493 1597//2493
f 1578//2494 1598//2494 1582//2494
f 1578//2495 1599//2495 1598//2495
f 1595//2496 1598//2496 1601//2496
f 1582//2497 1598//2497 1583//2497
f 1599//2498 1600//2498 1598//2498
f 1600//2499 1601//2499 1598//2499
f 1601//2500 1602//2500 1594//2500
f 1601//2501 1594//2501 1595//2501
f 1601//2502 1600//2502 1602//2502
f 1605//2503 29//2503 1602//2503
f 29//2504 1604//2504 1602//2504
f 1602//2505 1603//2505 1594//2505
f 1602//2506 1604//2506 1603//2506
f 1600//2507 1605//2507 1602//2507
f 27//2508 29//2508 1605//2508
f 27//2509 1605//2509 1606//2509
f 1605//2510 1600//2510 1606//2510
f 17//2511 1606//2511 1607//2511
f 17//2512 22//2512 1606//2512
f 1606//2513 22//2513 27//2513
f 1607//2514 1606//2514 1600//2514
f 17//2515 1607//2515 11//2515
f 11//2516 1607//2516 1600//2516
f 30//2517 1604//2517 29//2517
f 30//2518 1603//2518 1604//2518
f 42//2519 1603//2519 1608//2519
f 1603//2520 42//2520 1609//2520
f 1603//2521 30//2521 1608//2521
f 1603//2522 1609//2522 1596//2522
f 1596//2523 1594//2523 1603//2523
f 42//2524 51//2524 1609//2524
f 1596//2525 1609//2525 1591//2525
f 1609//2526 51//2526 56//2526
f 56//2527 1591//2527 1609//2527
f 1608//2528 30//2528 42//2528
f 11//2529 1600//2529 1599//2529
f 13//2530 1599//2530 1578//2530
f 13//2531 11//2531 1599//2531
f 1583//2532 1592//2532 1581//2532
f 1591//2533 56//2533 57//2533
f 370//2534 1588//2534 70//2534
f 69//2535 70//2535 1588//2535
f 1576//2536 1585//2536 1575//2536
f 1575//2537 1585//2537 370//2537
f 1578//2538 1582//2538 1579//2538
f 12//2539 1578//2539 6//2539
f 6//2540 1578//2540 5//2540
f 13//2541 1578//2541 12//2541
f 1575//2542 370//2542 382//2542
f 381//2543 384//2543 1571//2543
f 395//2544 1569//2544 388//2544
f 384//2545 388//2545 1569//2545
f 1566//2546 400//2546 1610//2546
f 400//2547 1566//2547 397//2547
f 1566//2548 1610//2548 1552//2548
f 1552//2549 1555//2549 1566//2549
f 1550//2550 1610//2550 400//2550
f 1610//2551 1550//2551 1552//2551
f 2//2552 1561//2552 1562//2552
f 4//2553 1562//2553 1560//2553
f 1562//2554 4//2554 2//2554
f 1560//2555 14//2555 4//2555
f 1558//2556 1463//2556 1462//2556
f 1550//2557 1547//2557 1546//2557
f 1547//2558 1550//2558 1611//2558
f 400//2559 1611//2559 1550//2559
f 1611//2560 407//2560 1547//2560
f 1611//2561 400//2561 401//2561
f 1611//2562 401//2562 407//2562
f 1614//2563 1612//2563 1547//2563
f 1615//2564 1547//2564 1612//2564
f 1614//2565 1547//2565 1613//2565
f 1547//2566 407//2566 1613//2566
f 1547//2567 1615//2567 1544//2567
f 1616//2568 1544//2568 1615//2568
f 1612//2569 1617//2569 1615//2569
f 1617//2570 1616//2570 1615//2570
f 1612//2571 1614//2571 1617//2571
f 1617//2572 1618//2572 1616//2572
f 1618//2573 1617//2573 1619//2573
f 1619//2574 1617//2574 1614//2574
f 1619//2575 1614//2575 1620//2575
f 1619//2576 1620//2576 1618//2576
f 1620//2577 1614//2577 1621//2577
f 1622//2578 1620//2578 1621//2578
f 1623//2579 1618//2579 1620//2579
f 1620//2580 1622//2580 1623//2580
f 1623//2581 1624//2581 1618//2581
f 1624//2582 1623//2582 1625//2582
f 1623//2583 1622//2583 1625//2583
f 1286//2584 1625//2584 1626//2584
f 1625//2585 1622//2585 1626//2585
f 1287//2586 1625//2586 1286//2586
f 1625//2587 1287//2587 1627//2587
f 1624//2588 1625//2588 1627//2588
f 1289//2589 1627//2589 1287//2589
f 1292//2590 1628//2590 1627//2590
f 1628//2591 1624//2591 1627//2591
f 1292//2592 1627//2592 1289//2592
f 1628//2593 1295//2593 1624//2593
f 1292//2594 1295//2594 1628//2594
f 1630//2595 1626//2595 1629//2595
f 1626//2596 1621//2596 1629//2596
f 1622//2597 1621//2597 1626//2597
f 1630//2598 1631//2598 1626//2598
f 1626//2599 1631//2599 1632//2599
f 1633//2600 1626//2600 1632//2600
f 1634//2601 1626//2601 1633//2601
f 1286//2602 1626//2602 1634//2602
f 1634//2603 1635//2603 1288//2603
f 1634//2604 1636//2604 1635//2604
f 1634//2605 1633//2605 1636//2605
f 1288//2606 1286//2606 1634//2606
f 1276//2607 1635//2607 1636//2607
f 1638//2608 1636//2608 1633//2608
f 1636//2609 1638//2609 1637//2609
f 1637//2610 1276//2610 1636//2610
f 1643//2611 1639//2611 1638//2611
f 1638//2612 1639//2612 1637//2612
f 1638//2613 1640//2613 1641//2613
f 1640//2614 1638//2614 1633//2614
f 1638//2615 1641//2615 1642//2615
f 1638//2616 1642//2616 1644//2616
f 1638//2617 1644//2617 1643//2617
f 1644//2618 1646//2618 1645//2618
f 1644//2619 1645//2619 1643//2619
f 1642//2620 1646//2620 1644//2620
f 1646//2621 1642//2621 1647//2621
f 429//2622 1646//2622 1647//2622
f 1645//2623 1646//2623 1648//2623
f 1646//2624 429//2624 1648//2624
f 1648//2625 1649//2625 1645//2625
f 430//2626 1648//2626 429//2626
f 1648//2627 430//2627 1649//2627
f 1645//2628 1649//2628 1650//2628
f 1650//2629 1649//2629 1651//2629
f 1651//2630 1649//2630 430//2630
f 1652//2631 1651//2631 433//2631
f 1651//2632 430//2632 433//2632
f 1652//2633 1653//2633 1651//2633
f 1653//2634 1650//2634 1651//2634
f 1650//2635 1653//2635 1654//2635
f 1653//2636 1652//2636 1654//2636
f 1656//2637 1655//2637 1654//2637
f 1654//2638 1655//2638 1650//2638
f 441//2639 1654//2639 1652//2639
f 1654//2640 1657//2640 1656//2640
f 1657//2641 1654//2641 441//2641
f 1656//2642 1657//2642 1658//2642
f 441//2643 1658//2643 1657//2643
f 1656//2644 1658//2644 1659//2644
f 1658//2645 441//2645 1660//2645
f 1660//2646 1659//2646 1658//2646
f 1662//2647 1659//2647 1660//2647
f 1660//2648 441//2648 442//2648
f 1661//2649 1660//2649 443//2649
f 443//2650 1660//2650 442//2650
f 1661//2651 1662//2651 1660//2651
f 1663//2652 1662//2652 1665//2652
f 1663//2653 1664//2653 1662//2653
f 1659//2654 1662//2654 1664//2654
f 1666//2655 1665//2655 1662//2655
f 1661//2656 1666//2656 1662//2656
f 1667//2657 1665//2657 1666//2657
f 1667//2658 1666//2658 1661//2658
f 1668//2659 1665//2659 1667//2659
f 1668//2660 1667//2660 1661//2660
f 1672//2661 1665//2661 1668//2661
f 1669//2662 1672//2662 1668//2662
f 1669//2663 1668//2663 1670//2663
f 1670//2664 1668//2664 1671//2664
f 1661//2665 1671//2665 1668//2665
f 1672//2666 1673//2666 1665//2666
f 1673//2667 1672//2667 1266//2667
f 1669//2668 1266//2668 1672//2668
f 1665//2669 1673//2669 1674//2669
f 1266//2670 1674//2670 1673//2670
f 1675//2671 1674//2671 1266//2671
f 1675//2672 1676//2672 1674//2672
f 1674//2673 1676//2673 1663//2673
f 1674//2674 1663//2674 1665//2674
f 1678//2675 1676//2675 1677//2675
f 1676//2676 1679//2676 1677//2676
f 1676//2677 1675//2677 1679//2677
f 1678//2678 1680//2678 1676//2678
f 1655//2679 1656//2679 1676//2679
f 1681//2680 1655//2680 1676//2680
f 1676//2681 1680//2681 1681//2681
f 1656//2682 1664//2682 1676//2682
f 1664//2683 1663//2683 1676//2683
f 1681//2684 1682//2684 1655//2684
f 1682//2685 1681//2685 1680//2685
f 1682//2686 1683//2686 1684//2686
f 1683//2687 1682//2687 1680//2687
f 1650//2688 1655//2688 1682//2688
f 1682//2689 1684//2689 1650//2689
f 1684//2690 1685//2690 1687//2690
f 1684//2691 1686//2691 1685//2691
f 1688//2692 1686//2692 1684//2692
f 1684//2693 1687//2693 1650//2693
f 1688//2694 1684//2694 1683//2694
f 1689//2695 1691//2695 1688//2695
f 1688//2696 1690//2696 1689//2696
f 1690//2697 1688//2697 1678//2697
f 1680//2698 1678//2698 1688//2698
f 1688//2699 1683//2699 1680//2699
f 1691//2700 1692//2700 1688//2700
f 1688//2701 1692//2701 1686//2701
f 1692//2702 1691//2702 1693//2702
f 1692//2703 1685//2703 1686//2703
f 1693//2704 1685//2704 1692//2704
f 1279//2705 1694//2705 1693//2705
f 1278//2706 1279//2706 1693//2706
f 1693//2707 1694//2707 1685//2707
f 1695//2708 1278//2708 1693//2708
f 1691//2709 1695//2709 1693//2709
f 1689//2710 1278//2710 1695//2710
f 1695//2711 1691//2711 1689//2711
f 1279//2712 1276//2712 1694//2712
f 1276//2713 1639//2713 1694//2713
f 1639//2714 1643//2714 1694//2714
f 1685//2715 1694//2715 1696//2715
f 1643//2716 1696//2716 1694//2716
f 1643//2717 1685//2717 1696//2717
f 1690//2718 1267//2718 1689//2718
f 1690//2719 1678//2719 1677//2719
f 1690//2720 1677//2720 1266//2720
f 1690//2667 1266//2667 1267//2667
f 1689//2721 1267//2721 1268//2721
f 1268//2722 1278//2722 1689//2722
f 1687//2723 1645//2723 1650//2723
f 1645//2724 1687//2724 1685//2724
f 1643//2725 1645//2725 1685//2725
f 1266//2726 1677//2726 1679//2726
f 1679//2727 1675//2727 1266//2727
f 1697//2728 1671//2728 1661//2728
f 1670//2729 1671//2729 1697//2729
f 1697//2730 1661//2730 1698//2730
f 1701//2731 1697//2731 1698//2731
f 1700//2732 1699//2732 1697//2732
f 1697//2733 1699//2733 1702//2733
f 1697//2734 1701//2734 1700//2734
f 1670//2735 1697//2735 1702//2735
f 1702//2736 1699//2736 1266//2736
f 1670//2737 1702//2737 1266//2737
f 1698//2738 1703//2738 1701//2738
f 1700//2739 1701//2739 1704//2739
f 1701//2740 1703//2740 1704//2740
f 1704//2741 1703//2741 1706//2741
f 1705//2742 1704//2742 1706//2742
f 1707//2743 1704//2743 1705//2743
f 1704//2744 1707//2744 1700//2744
f 1708//2745 1707//2745 1709//2745
f 1708//2746 1700//2746 1707//2746
f 1705//2747 1709//2747 1707//2747
f 1709//2748 1711//2748 1708//2748
f 1710//2749 1709//2749 1705//2749
f 1709//2750 1710//2750 1711//2750
f 1710//2751 1713//2751 1711//2751
f 1714//2752 1712//2752 1711//2752
f 1712//2753 1708//2753 1711//2753
f 1711//2754 1713//2754 1716//2754
f 1711//2755 1715//2755 1714//2755
f 1715//2756 1711//2756 1716//2756
f 1716//2757 1713//2757 474//2757
f 474//2758 1717//2758 1716//2758
f 1716//2759 1717//2759 1718//2759
f 1716//2760 1718//2760 1715//2760
f 1718//2761 1719//2761 1714//2761
f 1721//2762 1719//2762 1718//2762
f 1720//2763 475//2763 1718//2763
f 1718//2764 1717//2764 1720//2764
f 1721//2765 1718//2765 479//2765
f 1718//2766 475//2766 479//2766
f 1714//2767 1715//2767 1718//2767
f 1721//2768 1722//2768 1719//2768
f 479//2769 478//2769 1721//2769
f 1722//2770 1721//2770 478//2770
f 1719//2771 1722//2771 1724//2771
f 1723//2772 1722//2772 478//2772
f 1724//2773 1722//2773 1723//2773
f 1719//2774 1724//2774 1266//2774
f 1266//2775 1724//2775 1725//2775
f 1725//2776 1724//2776 1726//2776
f 1726//2777 1724//2777 1727//2777
f 1724//2778 1723//2778 1727//2778
f 484//2779 1727//2779 1723//2779
f 484//2780 1728//2780 1727//2780
f 1727//2781 1728//2781 1726//2781
f 1726//2782 1728//2782 1729//2782
f 485//2783 1729//2783 1728//2783
f 484//2784 485//2784 1728//2784
f 1729//2785 1732//2785 1730//2785
f 1730//2786 1725//2786 1729//2786
f 1725//2787 1726//2787 1729//2787
f 1729//2788 485//2788 1731//2788
f 1732//2789 1729//2789 1731//2789
f 1730//2790 1732//2790 1733//2790
f 1733//2791 1732//2791 1734//2791
f 1734//2792 1732//2792 1735//2792
f 1735//2793 1732//2793 1736//2793
f 488//2794 1736//2794 1732//2794
f 488//2795 1732//2795 1731//2795
f 488//2796 1737//2796 1736//2796
f 1736//2797 1737//2797 1735//2797
f 506//2798 1737//2798 487//2798
f 506//2799 1738//2799 1737//2799
f 1735//2800 1737//2800 1738//2800
f 487//2801 1737//2801 488//2801
f 506//2802 513//2802 1738//2802
f 1735//2803 1738//2803 1739//2803
f 513//2804 1739//2804 1738//2804
f 1740//2805 1741//2805 1739//2805
f 1742//2806 1740//2806 1739//2806
f 1735//2807 1739//2807 1741//2807
f 513//2808 1743//2808 1739//2808
f 1739//2809 1743//2809 1742//2809
f 1743//2810 1744//2810 1742//2810
f 513//2811 1744//2811 1743//2811
f 1744//2812 1745//2812 1742//2812
f 1744//2813 527//2813 1745//2813
f 513//2814 510//2814 1744//2814
f 510//2815 511//2815 1744//2815
f 1744//2816 511//2816 527//2816
f 1747//2817 1746//2817 1745//2817
f 1746//2818 1742//2818 1745//2818
f 530//2819 1747//2819 1745//2819
f 529//2820 530//2820 1745//2820
f 1745//2821 527//2821 529//2821
f 1747//2822 1748//2822 1746//2822
f 1747//2823 1749//2823 1748//2823
f 1749//2824 1747//2824 530//2824
f 1748//2825 1749//2825 1750//2825
f 530//2826 536//2826 1749//2826
f 536//2827 1750//2827 1749//2827
f 1756//2828 1750//2828 1751//2828
f 1750//2829 1755//2829 1751//2829
f 1750//2830 1753//2830 1752//2830
f 1750//2831 1752//2831 1755//2831
f 536//2832 1753//2832 1750//2832
f 1748//2833 1750//2833 1754//2833
f 1756//2834 1754//2834 1750//2834
f 1757//2835 1756//2835 1751//2835
f 1756//2836 1757//2836 1758//2836
f 1754//2837 1756//2837 1758//2837
f 1758//2838 1757//2838 1759//2838
f 1760//2839 1758//2839 1759//2839
f 1761//2840 1758//2840 1760//2840
f 1754//2841 1758//2841 1761//2841
f 1762//2842 1761//2842 1760//2842
f 1748//2843 1754//2843 1761//2843
f 1761//2844 1762//2844 1763//2844
f 1765//2845 1761//2845 1763//2845
f 1761//2846 1764//2846 1748//2846
f 1761//2847 1765//2847 1764//2847
f 1767//2848 1764//2848 1765//2848
f 1763//2849 1766//2849 1765//2849
f 1768//2850 1765//2850 1766//2850
f 1767//2851 1765//2851 1741//2851
f 1768//2852 1769//2852 1765//2852
f 1741//2853 1765//2853 1769//2853
f 1769//2854 1768//2854 1771//2854
f 1741//2855 1769//2855 1735//2855
f 1770//2856 1734//2856 1769//2856
f 1772//2857 1770//2857 1769//2857
f 1769//2858 1734//2858 1735//2858
f 1769//2859 1771//2859 1772//2859
f 1773//2860 1775//2860 1772//2860
f 1773//2861 1772//2861 1774//2861
f 1771//2862 1774//2862 1772//2862
f 1775//2863 1776//2863 1772//2863
f 1772//2864 1776//2864 1733//2864
f 1772//2865 1734//2865 1770//2865
f 1733//2866 1734//2866 1772//2866
f 1777//2867 1776//2867 1775//2867
f 1776//2868 1730//2868 1733//2868
f 1776//2869 1777//2869 1730//2869
f 1266//2667 1725//2667 1777//2667
f 1266//2870 1777//2870 1773//2870
f 1775//2871 1773//2871 1777//2871
f 1730//2872 1777//2872 1725//2872
f 1773//2873 1774//2873 1778//2873
f 1771//2874 1778//2874 1774//2874
f 1266//2875 1778//2875 1780//2875
f 1773//2876 1778//2876 1266//2876
f 1778//2877 1771//2877 1779//2877
f 1781//2878 1778//2878 1779//2878
f 1781//2879 1780//2879 1778//2879
f 1782//2880 1781//2880 1783//2880
f 1781//2881 1782//2881 1784//2881
f 1784//2882 1780//2882 1781//2882
f 1783//2883 1781//2883 1779//2883
f 1784//2884 1785//2884 1266//2884
f 1785//2885 1784//2885 1782//2885
f 1266//2886 1780//2886 1784//2886
f 1786//2720 1266//2720 1785//2720
f 1790//2887 1786//2887 1785//2887
f 1785//2888 1788//2888 1787//2888
f 1790//2889 1785//2889 1787//2889
f 1785//2890 1789//2890 1788//2890
f 1785//2891 1782//2891 1789//2891
f 1786//2892 1790//2892 1793//2892
f 1791//2893 1790//2893 1792//2893
f 1790//2894 1791//2894 1793//2894
f 1792//2895 1790//2895 1787//2895
f 1793//2896 1795//2896 1794//2896
f 1793//2897 1794//2897 1798//2897
f 1798//2898 1786//2898 1793//2898
f 1793//2899 1796//2899 1795//2899
f 1793//2900 1797//2900 1796//2900
f 1793//2901 1791//2901 1797//2901
f 1799//2902 1266//2902 1798//2902
f 1798//2903 1800//2903 1799//2903
f 1794//2904 1800//2904 1798//2904
f 1786//2726 1798//2726 1266//2726
f 1801//2905 1800//2905 1803//2905
f 1802//2906 1800//2906 1801//2906
f 1802//2907 1804//2907 1800//2907
f 1805//2908 1803//2908 1800//2908
f 1804//2909 1799//2909 1800//2909
f 1794//2910 1805//2910 1800//2910
f 1805//2911 1794//2911 1795//2911
f 1795//2912 1796//2912 1805//2912
f 1796//2913 1808//2913 1805//2913
f 1805//2914 1806//2914 1809//2914
f 1805//2915 1807//2915 1806//2915
f 1808//2916 1807//2916 1805//2916
f 1803//2917 1805//2917 1809//2917
f 1809//2918 1810//2918 1803//2918
f 1810//2919 1809//2919 1806//2919
f 1803//2920 1810//2920 1801//2920
f 1801//2921 1810//2921 1811//2921
f 1812//2922 1811//2922 1810//2922
f 1812//2923 1810//2923 1813//2923
f 1810//2924 1806//2924 1813//2924
f 1812//2925 1813//2925 1815//2925
f 1813//2926 1814//2926 1815//2926
f 1813//2927 1816//2927 1814//2927
f 1816//2928 1813//2928 1817//2928
f 1818//2929 1817//2929 1813//2929
f 1806//2930 1807//2930 1813//2930
f 1813//2931 1807//2931 1818//2931
f 1797//2932 1819//2932 1818//2932
f 1817//2933 1818//2933 1819//2933
f 1797//2934 1818//2934 1808//2934
f 1807//2935 1808//2935 1818//2935
f 1797//2936 1820//2936 1819//2936
f 1819//2937 1820//2937 1821//2937
f 1819//2938 1821//2938 1822//2938
f 1819//2939 1822//2939 1817//2939
f 1817//2940 1822//2940 1823//2940
f 1822//2941 1824//2941 1823//2941
f 1824//2942 1822//2942 1821//2942
f 1824//2943 1825//2943 1823//2943
f 1824//2944 1821//2944 1825//2944
f 1828//2945 1825//2945 1821//2945
f 1827//2946 1826//2946 1825//2946
f 1825//2947 1826//2947 1831//2947
f 1828//2948 1827//2948 1825//2948
f 1825//2949 1831//2949 1829//2949
f 1825//2950 1829//2950 1832//2950
f 1823//2951 1825//2951 1833//2951
f 1825//2952 1830//2952 1833//2952
f 1825//2953 1832//2953 1830//2953
f 1833//2954 1830//2954 1834//2954
f 1833//2955 1834//2955 1835//2955
f 1814//2956 1833//2956 1835//2956
f 1814//2957 1816//2957 1833//2957
f 1823//2958 1833//2958 1816//2958
f 1835//2959 1836//2959 1814//2959
f 1836//2960 1835//2960 1834//2960
f 1838//2961 1836//2961 1837//2961
f 1836//2962 1839//2962 1837//2962
f 1836//2963 1838//2963 1814//2963
f 1834//2964 1840//2964 1836//2964
f 1836//2965 1840//2965 1839//2965
f 1202//2966 1839//2966 1840//2966
f 1840//2967 1841//2967 1202//2967
f 1840//2968 1834//2968 1841//2968
f 1842//2969 1841//2969 1845//2969
f 1842//2970 1844//2970 1841//2970
f 1841//2971 1843//2971 1202//2971
f 1834//2972 1845//2972 1841//2972
f 1843//2973 1841//2973 1844//2973
f 1842//2974 1845//2974 1846//2974
f 1847//2975 1846//2975 1845//2975
f 1830//2976 1845//2976 1834//2976
f 1830//2977 1832//2977 1845//2977
f 1845//2978 1832//2978 1847//2978
f 1847//2979 1848//2979 1846//2979
f 1848//2980 1847//2980 1829//2980
f 1847//2981 1832//2981 1829//2981
f 1846//2982 1848//2982 1849//2982
f 1850//2983 1849//2983 1848//2983
f 1850//2984 1848//2984 1831//2984
f 1829//2985 1831//2985 1848//2985
f 1850//2986 1853//2986 1849//2986
f 1826//2987 1850//2987 1831//2987
f 1850//2988 1826//2988 1851//2988
f 1851//2989 1852//2989 1850//2989
f 1852//2990 1855//2990 1850//2990
f 1853//2991 1850//2991 1854//2991
f 1854//2992 1850//2992 1855//2992
f 1857//2993 1856//2993 1855//2993
f 1855//2994 1856//2994 1860//2994
f 1859//2995 1854//2995 1855//2995
f 1858//2996 1857//2996 1855//2996
f 1855//2997 1852//2997 1858//2997
f 1855//2998 1860//2998 1859//2998
f 1861//2999 1863//2999 1860//2999
f 1860//3000 1862//3000 1861//3000
f 1860//3001 1856//3001 1862//3001
f 1860//3002 1863//3002 1859//3002
f 1864//3003 1863//3003 1861//3003
f 1865//3004 1863//3004 1864//3004
f 1866//3005 1863//3005 1865//3005
f 1866//3006 1859//3006 1863//3006
f 1853//3007 1859//3007 1866//3007
f 1853//3008 1866//3008 1867//3008
f 1866//3009 1865//3009 1867//3009
f 1849//3010 1853//3010 1867//3010
f 1870//3011 1849//3011 1867//3011
f 1869//3012 1868//3012 1867//3012
f 1867//3013 1868//3013 1870//3013
f 1867//3014 1176//3014 1869//3014
f 1867//3015 1173//3015 1176//3015
f 1867//3016 1865//3016 1173//3016
f 1870//3017 1846//3017 1849//3017
f 1870//3018 1842//3018 1846//3018
f 1842//3019 1870//3019 1871//3019
f 1870//3020 1868//3020 1871//3020
f 1842//3021 1871//3021 1872//3021
f 1871//3022 1868//3022 1872//3022
f 1872//3023 1873//3023 1874//3023
f 1180//3024 1873//3024 1872//3024
f 1872//3025 1176//3025 1180//3025
f 1842//3026 1872//3026 1844//3026
f 1176//3027 1872//3027 1868//3027
f 1844//3028 1872//3028 1874//3028
f 1874//3029 1873//3029 1875//3029
f 1204//3030 1874//3030 1875//3030
f 1874//3031 1202//3031 1843//3031
f 1874//3032 1204//3032 1202//3032
f 1874//3033 1843//3033 1844//3033
f 1873//3034 1184//3034 1875//3034
f 1184//3035 1191//3035 1875//3035
f 1204//3036 1875//3036 1191//3036
f 1873//3037 1180//3037 1184//3037
f 1868//3038 1869//3038 1176//3038
f 1865//3039 1864//3039 1173//3039
f 1864//3040 1876//3040 1174//3040
f 1861//3041 1876//3041 1864//3041
f 1864//3042 1174//3042 1173//3042
f 1876//3043 1861//3043 1878//3043
f 1174//3044 1876//3044 1171//3044
f 1171//3045 1876//3045 1159//3045
f 1159//3046 1876//3046 1877//3046
f 1876//3047 1878//3047 1877//3047
f 1862//3048 1879//3048 1878//3048
f 1878//3049 1879//3049 1880//3049
f 1878//3050 1880//3050 1877//3050
f 1878//3051 1861//3051 1862//3051
f 1880//3052 1884//3052 1881//3052
f 1880//3053 1881//3053 1882//3053
f 1882//3054 1877//3054 1880//3054
f 1880//3055 1883//3055 1884//3055
f 1885//3056 1883//3056 1880//3056
f 1880//3057 1886//3057 1885//3057
f 1879//3058 1886//3058 1880//3058
f 1888//3059 1885//3059 1886//3059
f 1887//3060 1886//3060 1879//3060
f 1888//3061 1886//3061 1887//3061
f 1889//3062 1885//3062 1888//3062
f 1890//3063 1889//3063 1888//3063
f 1891//3064 1890//3064 1888//3064
f 1892//3065 1888//3065 1887//3065
f 1892//3066 1891//3066 1888//3066
f 1892//3067 1893//3067 1894//3067
f 1892//3068 1887//3068 1893//3068
f 1892//3069 1894//3069 1891//3069
f 1894//3070 1897//3070 1895//3070
f 1891//3071 1894//3071 1895//3071
f 1894//3072 1898//3072 1896//3072
f 1896//3073 1897//3073 1894//3073
f 1898//3074 1894//3074 1893//3074
f 1898//3075 1901//3075 1896//3075
f 1898//3076 1893//3076 1899//3076
f 1899//3077 1900//3077 1898//3077
f 1902//3078 1898//3078 1900//3078
f 1904//3079 1901//3079 1898//3079
f 1902//3080 1903//3080 1898//3080
f 1903//3081 1904//3081 1898//3081
f 1905//3082 1904//3082 1903//3082
f 1905//3083 1906//3083 1904//3083
f 1904//3084 1906//3084 1901//3084
f 1909//3085 1901//3085 1906//3085
f 1906//3086 1908//3086 1907//3086
f 1907//3087 1909//3087 1906//3087
f 1908//3088 1906//3088 1905//3088
f 1909//3089 1910//3089 1901//3089
f 1909//3090 585//3090 1910//3090
f 1911//3091 585//3091 1909//3091
f 1907//3092 1911//3092 1909//3092
f 1912//3093 585//3093 1911//3093
f 1911//3094 1907//3094 556//3094
f 1911//3095 556//3095 576//3095
f 1912//3096 1911//3096 576//3096
f 585//3097 1912//3097 575//3097
f 1912//3098 576//3098 575//3098
f 1910//3099 585//3099 591//3099
f 1901//3100 1910//3100 1897//3100
f 1910//3101 591//3101 1897//3101
f 1913//3102 1908//3102 1905//3102
f 556//3103 1908//3103 555//3103
f 1908//3104 556//3104 1907//3104
f 1914//3105 1908//3105 1913//3105
f 1908//3106 1914//3106 555//3106
f 1913//3107 1915//3107 1914//3107
f 1914//3108 553//3108 555//3108
f 1915//3109 1916//3109 1914//3109
f 1914//3110 1916//3110 553//3110
f 540//3111 1916//3111 538//3111
f 1916//3112 1915//3112 538//3112
f 540//3113 553//3113 1916//3113
f 538//3114 1915//3114 1917//3114
f 1918//3115 1917//3115 1915//3115
f 1918//3116 1915//3116 1913//3116
f 1917//3117 1918//3117 1919//3117
f 1918//3118 1913//3118 1920//3118
f 1919//3119 1918//3119 1920//3119
f 1921//3120 1919//3120 1920//3120
f 1920//3121 1903//3121 1921//3121
f 1905//3122 1920//3122 1913//3122
f 1903//3123 1920//3123 1905//3123
f 1923//3124 1921//3124 1922//3124
f 1921//3125 1902//3125 1922//3125
f 1921//3126 1923//3126 1919//3126
f 1902//3127 1921//3127 1903//3127
f 1923//3128 1924//3128 1919//3128
f 1924//3129 1923//3129 1922//3129
f 1924//3130 1922//3130 1926//3130
f 1917//3131 1924//3131 1925//3131
f 1925//3132 1924//3132 1926//3132
f 1919//3133 1924//3133 1917//3133
f 1926//3134 1927//3134 1928//3134
f 1927//3135 1926//3135 1922//3135
f 1929//3136 1926//3136 1928//3136
f 1925//3137 1926//3137 1929//3137
f 1929//3138 1928//3138 1930//3138
f 1931//3139 1929//3139 1930//3139
f 1932//3140 1929//3140 1931//3140
f 1929//3141 1932//3141 1925//3141
f 1937//3142 1933//3142 1932//3142
f 1933//3143 1925//3143 1932//3143
f 1936//3144 1932//3144 1934//3144
f 1932//3145 1828//3145 1934//3145
f 1932//3146 1931//3146 1935//3146
f 1828//3147 1932//3147 1935//3147
f 1936//3148 1937//3148 1932//3148
f 1752//3149 1937//3149 1751//3149
f 1936//3150 1751//3150 1937//3150
f 1937//3151 1939//3151 1933//3151
f 1752//3152 1938//3152 1937//3152
f 1938//3153 1939//3153 1937//3153
f 1939//3154 1925//3154 1933//3154
f 1925//3155 1939//3155 1917//3155
f 1940//3156 1917//3156 1939//3156
f 1938//3157 1940//3157 1939//3157
f 1940//3158 1941//3158 1917//3158
f 1941//3159 1940//3159 532//3159
f 1940//3160 1938//3160 533//3160
f 1940//3161 533//3161 532//3161
f 538//3162 1917//3162 1941//3162
f 532//3163 538//3163 1941//3163
f 1753//3164 1938//3164 1752//3164
f 1938//3165 1753//3165 533//3165
f 1936//3166 1934//3166 1943//3166
f 1942//3167 1751//3167 1936//3167
f 1936//3168 1943//3168 1942//3168
f 1944//3169 1945//3169 1943//3169
f 1943//3170 1828//3170 1944//3170
f 1943//3171 1934//3171 1828//3171
f 1759//3172 1942//3172 1943//3172
f 1943//3173 1945//3173 1759//3173
f 1944//3174 1946//3174 1945//3174
f 1946//3175 1947//3175 1945//3175
f 1759//3176 1945//3176 1947//3176
f 1948//3177 1759//3177 1947//3177
f 1948//3178 1947//3178 1946//3178
f 1948//3179 1949//3179 1950//3179
f 1949//3180 1948//3180 1951//3180
f 1946//3181 1951//3181 1948//3181
f 1759//3182 1948//3182 1760//3182
f 1762//3183 1760//3183 1948//3183
f 1948//3184 1950//3184 1762//3184
f 1951//3185 1946//3185 1820//3185
f 1951//3186 1797//3186 1949//3186
f 1951//3187 1820//3187 1797//3187
f 1792//3188 1950//3188 1949//3188
f 1954//3189 1950//3189 1952//3189
f 1950//3190 1792//3190 1952//3190
f 1950//3191 1953//3191 1762//3191
f 1950//3192 1954//3192 1953//3192
f 1955//3193 1954//3193 1952//3193
f 1956//3194 1953//3194 1954//3194
f 1956//3195 1954//3195 1955//3195
f 1763//3196 1956//3196 1783//3196
f 1956//3197 1763//3197 1762//3197
f 1783//3198 1956//3198 1955//3198
f 1956//3199 1762//3199 1953//3199
f 1955//3200 1952//3200 1788//3200
f 1789//3201 1955//3201 1788//3201
f 1789//3202 1783//3202 1955//3202
f 1952//3203 1792//3203 1788//3203
f 1791//3204 1792//3204 1949//3204
f 1797//3205 1791//3205 1949//3205
f 1946//3206 1944//3206 1820//3206
f 1828//3207 1820//3207 1944//3207
f 1942//3208 1759//3208 1751//3208
f 1935//3209 1826//3209 1827//3209
f 1826//3210 1935//3210 1931//3210
f 1828//3211 1935//3211 1827//3211
f 1930//3212 1826//3212 1931//3212
f 1930//3213 1851//3213 1826//3213
f 1852//3214 1930//3214 1928//3214
f 1851//3215 1930//3215 1852//3215
f 1928//3216 1927//3216 1858//3216
f 1852//3217 1928//3217 1858//3217
f 1922//3218 1957//3218 1927//3218
f 1927//3219 1957//3219 1857//3219
f 1858//3220 1927//3220 1857//3220
f 1922//3221 1900//3221 1957//3221
f 1957//3222 1900//3222 1958//3222
f 1958//3223 1857//3223 1957//3223
f 1857//3224 1958//3224 1856//3224
f 1958//3225 1959//3225 1856//3225
f 1959//3226 1958//3226 1900//3226
f 1959//3227 1899//3227 1893//3227
f 1887//3228 1959//3228 1893//3228
f 1856//3229 1959//3229 1960//3229
f 1960//3230 1959//3230 1887//3230
f 1899//3231 1959//3231 1900//3231
f 1856//3232 1960//3232 1862//3232
f 1862//3233 1960//3233 1879//3233
f 1960//3234 1887//3234 1879//3234
f 1922//3235 1902//3235 1900//3235
f 1901//3236 1897//3236 1896//3236
f 1897//3237 1961//3237 1895//3237
f 1961//3238 1897//3238 591//3238
f 1961//3239 1962//3239 1895//3239
f 589//3240 1961//3240 591//3240
f 1961//3241 589//3241 1962//3241
f 1895//3242 1962//3242 1891//3242
f 1962//3243 1890//3243 1891//3243
f 1962//3244 1963//3244 1890//3244
f 1963//3245 1962//3245 589//3245
f 1963//3246 1966//3246 1964//3246
f 1963//3247 1964//3247 1965//3247
f 1965//3248 1889//3248 1963//3248
f 1963//3249 1889//3249 1890//3249
f 1963//3250 589//3250 1966//3250
f 1966//3251 1971//3251 1967//3251
f 1968//3252 1966//3252 1967//3252
f 1966//3253 1969//3253 1964//3253
f 1972//3254 1966//3254 1968//3254
f 1966//3255 1972//3255 1969//3255
f 590//3256 1966//3256 589//3256
f 590//3257 1970//3257 1966//3257
f 1971//3258 1966//3258 1970//3258
f 1968//3259 1964//3259 1972//3259
f 1969//3260 1972//3260 1964//3260
f 1967//3261 1971//3261 590//3261
f 590//3262 1971//3262 1970//3262
f 1973//3263 1968//3263 1975//3263
f 1977//3264 1968//3264 1973//3264
f 1977//3265 1974//3265 1968//3265
f 1974//3266 1964//3266 1968//3266
f 1968//3267 1967//3267 1976//3267
f 1975//3268 1968//3268 1976//3268
f 1977//3269 1980//3269 1978//3269
f 1978//3270 1979//3270 1977//3270
f 1977//3271 1979//3271 1982//3271
f 1977//3272 1973//3272 1980//3272
f 1977//3273 1981//3273 1974//3273
f 1982//3274 1981//3274 1977//3274
f 1982//3275 1985//3275 1983//3275
f 1982//3276 1983//3276 1984//3276
f 1986//3277 1982//3277 1984//3277
f 1982//3278 1979//3278 1985//3278
f 1986//3279 1981//3279 1982//3279
f 1965//3280 1986//3280 1984//3280
f 1986//3281 1964//3281 1981//3281
f 1965//3282 1964//3282 1986//3282
f 1142//3283 1983//3283 1985//3283
f 1142//3284 1985//3284 1979//3284
f 1883//3285 1984//3285 1983//3285
f 1965//3286 1984//3286 1883//3286
f 1983//3287 1143//3287 1883//3287
f 1983//3288 1142//3288 1143//3288
f 1981//3289 1964//3289 1974//3289
f 1980//3290 1989//3290 1987//3290
f 1978//3291 1980//3291 1987//3291
f 1990//3292 1988//3292 1980//3292
f 1988//3293 1989//3293 1980//3293
f 1973//3294 1990//3294 1980//3294
f 1991//3295 1988//3295 1990//3295
f 1990//3296 1973//3296 1975//3296
f 1991//3297 1990//3297 1992//3297
f 1992//3298 1990//3298 1975//3298
f 1975//3299 1976//3299 1992//3299
f 1992//3300 1976//3300 1994//3300
f 1991//3301 1992//3301 1993//3301
f 1994//3302 1993//3302 1992//3302
f 1995//3303 1996//3303 1994//3303
f 1995//3304 1994//3304 1976//3304
f 1994//3305 1996//3305 1998//3305
f 1999//3306 1997//3306 1994//3306
f 1997//3307 2000//3307 1994//3307
f 1994//3308 1998//3308 1999//3308
f 1993//3309 1994//3309 2000//3309
f 2000//3310 2002//3310 2001//3310
f 1993//3311 2000//3311 2001//3311
f 2003//3312 2000//3312 1997//3312
f 2002//3313 2000//3313 2003//3313
f 2004//3314 2002//3314 2003//3314
f 2004//3315 2003//3315 1997//3315
f 2006//3316 2004//3316 2005//3316
f 2005//3317 2004//3317 1997//3317
f 2006//3318 2007//3318 2004//3318
f 2008//3319 2004//3319 2007//3319
f 2008//3320 2002//3320 2004//3320
f 2008//3321 2009//3321 2002//3321
f 2009//3322 2008//3322 2010//3322
f 2010//3323 2008//3323 2011//3323
f 2007//3324 2011//3324 2008//3324
f 2011//3325 2012//3325 2014//3325
f 2011//3326 2007//3326 2012//3326
f 2014//3327 2013//3327 2011//3327
f 2011//3328 2013//3328 2015//3328
f 2015//3329 2010//3329 2011//3329
f 2010//3330 2015//3330 2016//3330
f 2018//3331 2016//3331 2015//3331
f 2019//3332 2017//3332 2015//3332
f 2015//3333 2017//3333 2018//3333
f 2015//3334 2020//3334 2019//3334
f 2020//3335 2015//3335 2013//3335
f 2020//3336 2022//3336 2021//3336
f 2019//3337 2020//3337 2021//3337
f 2020//3338 2013//3338 2022//3338
f 2021//3339 2022//3339 634//3339
f 634//3340 2022//3340 2013//3340
f 2025//3341 2021//3341 634//3341
f 2021//3342 2024//3342 2023//3342
f 2021//3343 2023//3343 2019//3343
f 2024//3344 2021//3344 638//3344
f 638//3345 2021//3345 2025//3345
f 638//3346 2025//3346 636//3346
f 636//3347 2025//3347 634//3347
f 2024//3348 2026//3348 2023//3348
f 2024//3349 638//3349 2027//3349
f 2024//3350 2027//3350 2026//3350
f 2027//3351 2030//3351 2028//3351
f 2028//3352 2026//3352 2027//3352
f 2027//3353 914//3353 2029//3353
f 914//3354 2027//3354 638//3354
f 2027//3355 2029//3355 2030//3355
f 2031//3356 2028//3356 2030//3356
f 2031//3357 2030//3357 2032//3357
f 2030//3358 2029//3358 2032//3358
f 915//3359 2032//3359 916//3359
f 1031//3360 2032//3360 915//3360
f 2029//3361 916//3361 2032//3361
f 1031//3362 2031//3362 2032//3362
f 2028//3363 2031//3363 1091//3363
f 1031//3364 2033//3364 2031//3364
f 2031//3365 2033//3365 1091//3365
f 1032//3366 2033//3366 1031//3366
f 1032//3367 1090//3367 2033//3367
f 1091//3368 2033//3368 1090//3368
f 916//3369 2029//3369 914//3369
f 2034//3370 2026//3370 2028//3370
f 2034//3371 2028//3371 1091//3371
f 2034//3372 1092//3372 1094//3372
f 2034//3373 1091//3373 1092//3373
f 2026//3374 2034//3374 2035//3374
f 2034//3375 1094//3375 2035//3375
f 1098//3376 2023//3376 2035//3376
f 2026//3377 2035//3377 2023//3377
f 2035//3378 1094//3378 1098//3378
f 1098//3379 2019//3379 2023//3379
f 1098//3380 2036//3380 2019//3380
f 2019//3381 2036//3381 2017//3381
f 2036//3382 2037//3382 2017//3382
f 2036//3383 2038//3383 2037//3383
f 2036//3384 1098//3384 2038//3384
f 2038//3385 2040//3385 2039//3385
f 2039//3386 2037//3386 2038//3386
f 2040//3387 2038//3387 1098//3387
f 2040//3388 2041//3388 2039//3388
f 2041//3389 2040//3389 1098//3389
f 2041//3390 2042//3390 2039//3390
f 2041//3391 1098//3391 2042//3391
f 2042//3392 2043//3392 2039//3392
f 2042//3393 1106//3393 2043//3393
f 2042//3394 1099//3394 2044//3394
f 2042//3395 2044//3395 1106//3395
f 1099//3396 2042//3396 1098//3396
f 2044//3397 1105//3397 1106//3397
f 1099//3398 1105//3398 2044//3398
f 1111//3399 2039//3399 2043//3399
f 1111//3400 2043//3400 1106//3400
f 2047//3401 2039//3401 2045//3401
f 2048//3402 2045//3402 2039//3402
f 2046//3403 2037//3403 2039//3403
f 2046//3404 2039//3404 2047//3404
f 1111//3405 2048//3405 2039//3405
f 1111//3406 2045//3406 2048//3406
f 2046//3407 2047//3407 2049//3407
f 2047//3408 2045//3408 2049//3408
f 2050//3409 2052//3409 2049//3409
f 2045//3410 2050//3410 2049//3410
f 2049//3411 2002//3411 2051//3411
f 2049//3412 2052//3412 2002//3412
f 2049//3413 2051//3413 2046//3413
f 2052//3414 2050//3414 2053//3414
f 1993//3415 2001//3415 2052//3415
f 1993//3416 2052//3416 2053//3416
f 2052//3417 2001//3417 2002//3417
f 1993//3418 2053//3418 2054//3418
f 2054//3419 2053//3419 2050//3419
f 1988//3420 1991//3420 2054//3420
f 1988//3421 2054//3421 2055//3421
f 2045//3422 2055//3422 2054//3422
f 2054//3423 2050//3423 2045//3423
f 2054//3424 1991//3424 1993//3424
f 1112//3425 1988//3425 2055//3425
f 2045//3426 1111//3426 2055//3426
f 2055//3427 1111//3427 1112//3427
f 2056//3428 2046//3428 2051//3428
f 2051//3429 2009//3429 2057//3429
f 2002//3430 2009//3430 2051//3430
f 2057//3431 2056//3431 2051//3431
f 2057//3432 2010//3432 2056//3432
f 2010//3433 2057//3433 2009//3433
f 2046//3434 2056//3434 2037//3434
f 2037//3435 2056//3435 2016//3435
f 2010//3436 2016//3436 2056//3436
f 2037//3437 2016//3437 2018//3437
f 2017//3438 2037//3438 2018//3438
f 2013//3439 2014//3439 2058//3439
f 2012//3440 2058//3440 2014//3440
f 2064//3441 2013//3441 2058//3441
f 2063//3442 2058//3442 2059//3442
f 2058//3443 2012//3443 2059//3443
f 2058//3444 2060//3444 2064//3444
f 2058//3445 2061//3445 2060//3445
f 2062//3446 2061//3446 2058//3446
f 2065//3447 2062//3447 2058//3447
f 2065//3448 2058//3448 2063//3448
f 622//3449 2062//3449 2065//3449
f 2065//3450 2063//3450 617//3450
f 2065//3451 620//3451 622//3451
f 2065//3452 617//3452 620//3452
f 2066//3453 2013//3453 2064//3453
f 2066//3454 2064//3454 628//3454
f 2064//3455 2060//3455 628//3455
f 2013//3456 2066//3456 634//3456
f 634//3457 2066//3457 628//3457
f 2059//3458 2067//3458 2063//3458
f 2067//3459 617//3459 2063//3459
f 2059//3460 2069//3460 2067//3460
f 614//3461 2067//3461 2068//3461
f 2067//3462 2069//3462 2068//3462
f 617//3463 2067//3463 614//3463
f 2059//3464 2007//3464 2069//3464
f 2068//3465 2069//3465 2006//3465
f 2006//3466 2069//3466 2007//3466
f 605//3467 614//3467 2068//3467
f 605//3468 2068//3468 2006//3468
f 2062//3469 628//3469 2061//3469
f 628//3470 2062//3470 629//3470
f 622//3471 629//3471 2062//3471
f 2060//3472 2061//3472 628//3472
f 2059//3473 2012//3473 2007//3473
f 604//3474 2006//3474 2005//3474
f 2006//3475 604//3475 603//3475
f 605//3476 2006//3476 603//3476
f 2070//3477 2005//3477 1999//3477
f 2005//3478 1997//3478 1999//3478
f 604//3479 2005//3479 2070//3479
f 2070//3480 1999//3480 1998//3480
f 600//3481 2070//3481 1998//3481
f 600//3482 604//3482 2070//3482
f 1998//3483 1996//3483 599//3483
f 600//3484 1998//3484 599//3484
f 2071//3485 1996//3485 1967//3485
f 1995//3486 1967//3486 1996//3486
f 599//3487 1996//3487 2071//3487
f 590//3488 2071//3488 1967//3488
f 590//3489 2072//3489 2071//3489
f 2071//3490 2072//3490 599//3490
f 590//3491 592//3491 2072//3491
f 2072//3492 594//3492 599//3492
f 594//3493 2072//3493 592//3493
f 1967//3494 1995//3494 1976//3494
f 1989//3495 1117//3495 1118//3495
f 1989//3496 1118//3496 1120//3496
f 1989//3497 1120//3497 2073//3497
f 1987//3498 1989//3498 2073//3498
f 1988//3499 1117//3499 1989//3499
f 1987//3500 2073//3500 1125//3500
f 2073//3501 1128//3501 1125//3501
f 1128//3502 2073//3502 1120//3502
f 1988//3503 1112//3503 1117//3503
f 2074//3504 1987//3504 1125//3504
f 2074//3505 1978//3505 1987//3505
f 1131//3506 2074//3506 1125//3506
f 2074//3507 1979//3507 1978//3507
f 1135//3508 1979//3508 2074//3508
f 1135//3509 2074//3509 1131//3509
f 1135//3510 1142//3510 1979//3510
f 1889//3511 1965//3511 1883//3511
f 1889//3512 1883//3512 1885//3512
f 1884//3513 1883//3513 1881//3513
f 1883//3514 1143//3514 1881//3514
f 1882//3515 1881//3515 1160//3515
f 1882//3516 1159//3516 1877//3516
f 1882//3517 1160//3517 1159//3517
f 1160//3518 1881//3518 1145//3518
f 1145//3519 1881//3519 1143//3519
f 1854//3520 1859//3520 1853//3520
f 1837//3521 1839//3521 1202//3521
f 1837//3522 2075//3522 1838//3522
f 2075//3523 1814//3523 1838//3523
f 1837//3524 2076//3524 2075//3524
f 2076//3525 2077//3525 2075//3525
f 1207//3526 2075//3526 2077//3526
f 2075//3527 1207//3527 2078//3527
f 2075//3528 2079//3528 1814//3528
f 2078//3529 2079//3529 2075//3529
f 2081//3530 2079//3530 2080//3530
f 2080//3531 2079//3531 2078//3531
f 2082//3532 2079//3532 2081//3532
f 2079//3533 2082//3533 1815//3533
f 1814//3534 2079//3534 1815//3534
f 2083//3535 1811//3535 2082//3535
f 2084//3536 2083//3536 2082//3536
f 2082//3537 2081//3537 2084//3537
f 2082//3538 1812//3538 1815//3538
f 1812//3539 2082//3539 1811//3539
f 2085//3540 2084//3540 2087//3540
f 2084//3541 2085//3541 2086//3541
f 2086//3542 2083//3542 2084//3542
f 2087//3543 2084//3543 2081//3543
f 2090//3544 2088//3544 2087//3544
f 2088//3545 2085//3545 2087//3545
f 2087//3546 2080//3546 2089//3546
f 2089//3547 2090//3547 2087//3547
f 2081//3548 2080//3548 2087//3548
f 2091//3549 2090//3549 2089//3549
f 2088//3550 2090//3550 2091//3550
f 2091//3551 2092//3551 2088//3551
f 2091//3552 2094//3552 2092//3552
f 2091//3553 2089//3553 2093//3553
f 2094//3554 2091//3554 2093//3554
f 2093//2667 1266//2667 2094//2667
f 2095//3555 2094//3555 1266//3555
f 2094//3556 2095//3556 2092//3556
f 2095//3557 2096//3557 2097//3557
f 2096//2720 2095//2720 1266//2720
f 2092//3558 2095//3558 2097//3558
f 2097//3559 2096//3559 2098//3559
f 2088//3560 2092//3560 2097//3560
f 2097//3561 2098//3561 2088//3561
f 2098//3562 2096//3562 1801//3562
f 1801//3563 2099//3563 2098//3563
f 2098//3564 2099//3564 2088//3564
f 2099//3565 2086//3565 2085//3565
f 2099//3566 2085//3566 2088//3566
f 1801//3567 2086//3567 2099//3567
f 2096//3568 2100//3568 1801//3568
f 2101//3569 2096//3569 1266//3569
f 2096//3570 2101//3570 2100//3570
f 2100//3571 2101//3571 1802//3571
f 1802//3572 2101//3572 1804//3572
f 1266//3573 1804//3573 2101//3573
f 2100//3574 1802//3574 1801//3574
f 1266//2667 2093//2667 2103//2667
f 2102//3575 2103//3575 2093//3575
f 2102//3576 2093//3576 2089//3576
f 2103//3577 2104//3577 1266//3577
f 2103//3578 2105//3578 2104//3578
f 2102//3579 2105//3579 2103//3579
f 2106//3580 2105//3580 2102//3580
f 2105//3581 2107//3581 2104//3581
f 2105//3582 2106//3582 2108//3582
f 2105//3583 2108//3583 2107//3583
f 2106//3584 1218//3584 2108//3584
f 1220//3585 2108//3585 1218//3585
f 1222//3586 2108//3586 1220//3586
f 2107//3587 2108//3587 1222//3587
f 2104//3588 2107//3588 2109//3588
f 2109//3589 2107//3589 1222//3589
f 2104//3590 2109//3590 2111//3590
f 2109//3591 2110//3591 2111//3591
f 2109//3592 1222//3592 2110//3592
f 2111//3593 2110//3593 2113//3593
f 2111//3594 2113//3594 2112//3594
f 2114//3595 2111//3595 2112//3595
f 2104//3596 2111//3596 2114//3596
f 2115//2667 1266//2667 2114//2667
f 1266//3577 2104//3577 2114//3577
f 2116//3597 2115//3597 2114//3597
f 2112//3598 2116//3598 2114//3598
f 2116//3599 2117//3599 2115//3599
f 1238//3600 2116//3600 2112//3600
f 1238//3601 2117//3601 2116//3601
f 2118//3602 2117//3602 1238//3602
f 2115//3603 2117//3603 2118//3603
f 1238//3604 2120//3604 2118//3604
f 2118//3605 2119//3605 2115//3605
f 2119//3606 2118//3606 2121//3606
f 2118//3607 2120//3607 2121//3607
f 2121//3608 1252//3608 2122//3608
f 2121//3609 1251//3609 1252//3609
f 2121//3610 2120//3610 1251//3610
f 2123//3611 2121//3611 2122//3611
f 2121//3612 2123//3612 2119//3612
f 1259//3613 1266//3613 2123//3613
f 2124//3613 2123//3613 1266//3613
f 2124//3614 2119//3614 2123//3614
f 2123//3615 1255//3615 1259//3615
f 2123//3616 2122//3616 1255//3616
f 2115//1909 2124//1909 1266//1909
f 2115//3617 2119//3617 2124//3617
f 2122//3618 1252//3618 1255//3618
f 1238//3619 1240//3619 2120//3619
f 1240//3620 1251//3620 2120//3620
f 2110//3621 1223//3621 2113//3621
f 1223//3622 1224//3622 2113//3622
f 2113//3623 1224//3623 1238//3623
f 2113//3624 1238//3624 2112//3624
f 1223//3625 2110//3625 1222//3625
f 2106//3626 2102//3626 1218//3626
f 2102//3627 2089//3627 2125//3627
f 1218//3628 2102//3628 2125//3628
f 2089//3629 2126//3629 2125//3629
f 1218//3630 2125//3630 2126//3630
f 2126//3631 2089//3631 2127//3631
f 1218//3632 2126//3632 2127//3632
f 2127//3633 2128//3633 1215//3633
f 2127//3634 2089//3634 2128//3634
f 2127//3635 1215//3635 1218//3635
f 2128//3636 1208//3636 1215//3636
f 2078//3637 1207//3637 2128//3637
f 2128//3638 2089//3638 2078//3638
f 2128//3639 1207//3639 1208//3639
f 2080//3640 2078//3640 2089//3640
f 2083//3641 2086//3641 1801//3641
f 1801//3642 1811//3642 2083//3642
f 2077//3643 1200//3643 1207//3643
f 1200//3644 2077//3644 1201//3644
f 2076//3645 1201//3645 2077//3645
f 1201//3646 2076//3646 1202//3646
f 1837//3647 1202//3647 2076//3647
f 1820//3648 1828//3648 1821//3648
f 1816//3649 1817//3649 1823//3649
f 1808//3650 1796//3650 1797//3650
f 1804//2774 1266//2774 1799//2774
f 1792//3651 1787//3651 1788//3651
f 1782//3652 1783//3652 1789//3652
f 1779//3653 1766//3653 1783//3653
f 1783//3654 1766//3654 1763//3654
f 1771//3655 1768//3655 1779//3655
f 1768//3656 1766//3656 1779//3656
f 1767//3657 2129//3657 1764//3657
f 1767//3658 1741//3658 1740//3658
f 2129//3659 1767//3659 1740//3659
f 2129//3660 1748//3660 1764//3660
f 1746//3661 1748//3661 2129//3661
f 1746//3662 2129//3662 1742//3662
f 1742//3663 2129//3663 1740//3663
f 1757//3664 1751//3664 1759//3664
f 1755//3665 1752//3665 1751//3665
f 536//3666 533//3666 1753//3666
f 1731//3667 485//3667 488//3667
f 478//3668 480//3668 1723//3668
f 480//3669 484//3669 1723//3669
f 473//3670 1720//3670 1717//3670
f 1720//3671 473//3671 475//3671
f 1719//2667 1266//2667 1714//2667
f 474//3672 470//3672 1717//3672
f 1717//3673 470//3673 473//3673
f 1266//3674 1712//3674 1714//3674
f 465//3675 1713//3675 1710//3675
f 465//3676 474//3676 1713//3676
f 1266//2774 1699//2774 1712//2774
f 1708//3677 1712//3677 1699//3677
f 1710//3678 1705//3678 465//3678
f 1708//3679 1699//3679 1700//3679
f 1703//3680 2130//3680 1706//3680
f 465//3681 1705//3681 1706//3681
f 1706//3682 462//3682 465//3682
f 1706//3683 2130//3683 462//3683
f 1703//3684 454//3684 2130//3684
f 455//3685 2130//3685 454//3685
f 2130//3686 455//3686 462//3686
f 2131//3687 2132//3687 1703//3687
f 1703//3688 1698//3688 2131//3688
f 2132//3689 454//3689 1703//3689
f 446//3690 2132//3690 2131//3690
f 2133//3691 454//3691 2132//3691
f 2132//3692 446//3692 2133//3692
f 446//3693 445//3693 2133//3693
f 445//3694 451//3694 2133//3694
f 454//3695 2133//3695 451//3695
f 1661//3696 2131//3696 1698//3696
f 446//3697 2131//3697 443//3697
f 443//3698 2131//3698 1661//3698
f 1266//3699 1669//3699 1670//3699
f 1659//3700 1664//3700 1656//3700
f 433//3701 435//3701 1652//3701
f 435//3702 441//3702 1652//3702
f 1642//3703 1641//3703 1647//3703
f 1647//3704 1641//3704 2134//3704
f 429//3705 1647//3705 2134//3705
f 2137//3706 2134//3706 1641//3706
f 2134//3707 2135//3707 427//3707
f 2134//3708 426//3708 2135//3708
f 2134//3709 2136//3709 426//3709
f 429//3710 2134//3710 427//3710
f 2137//3711 2136//3711 2134//3711
f 1630//3712 2137//3712 2139//3712
f 1630//3713 2138//3713 2137//3713
f 2137//3714 2138//3714 2140//3714
f 2137//3715 1641//3715 2139//3715
f 2137//3716 2140//3716 2141//3716
f 2137//3717 2141//3717 2136//3717
f 408//3718 2141//3718 405//3718
f 2140//3719 405//3719 2141//3719
f 408//3720 2136//3720 2141//3720
f 2140//3721 404//3721 405//3721
f 2140//3722 2142//3722 404//3722
f 2142//3723 2140//3723 2143//3723
f 2143//3724 2140//3724 1629//3724
f 1629//3725 2140//3725 2138//3725
f 1614//3726 2143//3726 1621//3726
f 1621//3727 2143//3727 1629//3727
f 2143//3728 1614//3728 2142//3728
f 1613//3729 404//3729 2142//3729
f 1613//3730 2142//3730 1614//3730
f 1641//3731 2144//3731 2139//3731
f 2144//3732 1630//3732 2139//3732
f 1631//3733 2144//3733 1641//3733
f 1631//3734 1630//3734 2144//3734
f 1629//3735 2138//3735 1630//3735
f 426//3736 2136//3736 2145//3736
f 2145//3737 2136//3737 408//3737
f 409//3738 2145//3738 408//3738
f 426//3739 2145//3739 409//3739
f 2135//3740 426//3740 427//3740
f 1641//3741 2146//3741 1632//3741
f 1641//3742 1632//3742 1631//3742
f 1640//3743 2146//3743 1641//3743
f 1632//3744 2146//3744 1640//3744
f 1633//3745 1632//3745 1640//3745
f 1637//3746 1639//3746 1276//3746
f 1288//3747 1635//3747 1276//3747
f 1295//3748 1318//3748 1624//3748
f 1624//3749 1318//3749 2147//3749
f 2147//3750 1618//3750 1624//3750
f 2148//3751 2147//3751 1318//3751
f 2147//3752 2148//3752 1618//3752
f 2148//3753 1318//3753 1317//3753
f 2149//3754 2148//3754 1317//3754
f 1616//3755 1618//3755 2148//3755
f 2148//3756 2149//3756 1616//3756
f 2149//3757 1322//3757 1616//3757
f 1322//3758 2149//3758 1316//3758
f 2149//3759 1317//3759 1316//3759
f 1322//3760 1544//3760 1616//3760
f 404//3761 1613//3761 407//3761
f 1469//3762 1331//3762 1332//3762
f 1458//3763 1451//3763 1452//3763
f 1436//3764 1444//3764 1449//3764
f 1446//3765 1447//3765 8//3765
f 16//3766 1447//3766 2150//3766
f 1447//3767 16//3767 2152//3767
f 2150//3768 1447//3768 1443//3768
f 1447//3769 2151//3769 8//3769
f 1447//3770 2152//3770 2151//3770
f 2151//3771 2152//3771 8//3771
f 8//3772 2152//3772 16//3772
f 2153//3773 19//3773 2150//3773
f 1440//3774 2153//3774 2150//3774
f 2150//3775 19//3775 16//3775
f 1443//3776 1440//3776 2150//3776
f 2154//3777 19//3777 2153//3777
f 2154//3778 2153//3778 1440//3778
f 1439//3779 2157//3779 2154//3779
f 2154//3780 1440//3780 1439//3780
f 19//3781 2154//3781 2155//3781
f 2156//3782 2155//3782 2154//3782
f 2154//3783 2157//3783 2156//3783
f 2157//3784 2158//3784 2156//3784
f 2157//3785 2160//3785 2158//3785
f 1439//3786 2161//3786 2157//3786
f 2159//3787 2160//3787 2157//3787
f 2159//3788 2157//3788 2161//3788
f 1425//3789 2161//3789 1434//3789
f 2159//3790 2161//3790 1425//3790
f 1439//3791 1434//3791 2161//3791
f 2162//3792 2163//3792 2160//3792
f 2162//3793 2160//3793 2159//3793
f 2160//3794 2163//3794 2158//3794
f 2164//3795 2165//3795 2163//3795
f 2164//3796 2163//3796 2162//3796
f 2163//3797 2165//3797 25//3797
f 2158//3798 2163//3798 23//3798
f 2163//3799 25//3799 23//3799
f 2165//3800 2164//3800 2166//3800
f 2166//3801 2168//3801 2165//3801
f 2165//3802 2167//3802 25//3802
f 2165//3803 2168//3803 2167//3803
f 2169//3804 2168//3804 2166//3804
f 2170//3805 2168//3805 2169//3805
f 26//3806 2167//3806 2168//3806
f 26//3807 2168//3807 33//3807
f 32//3808 33//3808 2168//3808
f 2168//3809 2170//3809 32//3809
f 2172//3810 2170//3810 2169//3810
f 2171//3811 32//3811 2170//3811
f 2171//3812 2170//3812 2172//3812
f 2171//3813 2172//3813 2173//3813
f 2173//3814 2172//3814 2169//3814
f 2174//3815 2171//3815 2173//3815
f 2169//3816 2174//3816 2173//3816
f 2169//3817 2175//3817 2174//3817
f 2175//3818 2176//3818 2174//3818
f 2171//3819 2174//3819 2176//3819
f 2176//3820 2175//3820 2177//3820
f 2177//1102 2178//1102 2176//1102
f 2178//1102 689//1102 2176//1102
f 2171//3821 2176//3821 2179//3821
f 2179//1100 2176//1100 689//1100
f 2171//3822 2179//3822 2180//3822
f 2179//3823 690//3823 2180//3823
f 689//3824 690//3824 2179//3824
f 2180//3825 2181//3825 2171//3825
f 2180//3826 34//3826 2181//3826
f 2180//3827 2182//3827 34//3827
f 2180//3828 685//3828 2182//3828
f 685//3829 2180//3829 690//3829
f 2183//3830 34//3830 2182//3830
f 37//3831 2183//3831 2182//3831
f 37//3832 2182//3832 685//3832
f 37//3833 2184//3833 2183//3833
f 34//3834 2183//3834 2184//3834
f 37//3835 34//3835 2184//3835
f 2181//3836 34//3836 35//3836
f 35//3837 2171//3837 2181//3837
f 2177//1386 761//1386 2178//1386
f 2186//3838 2178//3838 761//3838
f 2178//3839 2185//3839 689//3839
f 2178//3840 2186//3840 2185//3840
f 2186//3841 761//3841 753//3841
f 753//3842 754//3842 2186//3842
f 2187//3843 2188//3843 2186//3843
f 755//3844 2187//3844 2186//3844
f 755//3845 2186//3845 754//3845
f 2188//3846 2185//3846 2186//3846
f 703//3847 2188//3847 2189//3847
f 2189//3848 2188//3848 2187//3848
f 2188//3849 696//3849 2185//3849
f 695//3850 696//3850 2188//3850
f 703//3851 702//3851 2188//3851
f 2188//3852 702//3852 695//3852
f 2189//3853 2190//3853 703//3853
f 2189//3854 744//3854 2190//3854
f 2187//3855 744//3855 2189//3855
f 2190//3856 700//3856 703//3856
f 737//3857 700//3857 2190//3857
f 2190//3858 744//3858 737//3858
f 2187//3859 755//3859 744//3859
f 689//3860 2185//3860 696//3860
f 2192//3861 2177//3861 2175//3861
f 761//3862 2177//3862 2191//3862
f 2192//3863 2191//3863 2177//3863
f 2194//3864 2191//3864 2192//3864
f 2195//3865 2193//3865 2192//3865
f 2193//3866 2194//3866 2192//3866
f 2195//3867 2192//3867 2196//3867
f 2175//3868 2196//3868 2192//3868
f 2196//3869 2198//3869 2195//3869
f 2196//3870 2197//3870 2198//3870
f 2196//3871 2175//3871 2197//3871
f 2164//3872 2199//3872 2198//3872
f 2200//3873 2198//3873 2199//3873
f 2197//3874 2169//3874 2198//3874
f 2169//3875 2166//3875 2198//3875
f 2198//3876 2166//3876 2164//3876
f 2195//3877 2198//3877 2200//3877
f 2200//3878 2201//3878 2193//3878
f 2200//3879 2203//3879 2201//3879
f 2200//3880 2205//3880 2202//3880
f 2202//3881 2204//3881 2200//3881
f 2204//3882 2203//3882 2200//3882
f 2200//3883 2206//3883 2205//3883
f 2199//3884 2206//3884 2200//3884
f 2195//3885 2200//3885 2193//3885
f 2164//3886 2206//3886 2199//3886
f 1424//3887 2206//3887 2159//3887
f 2159//3888 2206//3888 2162//3888
f 2206//3889 2164//3889 2162//3889
f 2207//3890 2206//3890 1424//3890
f 2207//3891 2205//3891 2206//3891
f 1423//3892 1421//3892 2207//3892
f 1421//3893 2208//3893 2207//3893
f 2208//3894 2202//3894 2207//3894
f 1423//3895 2207//3895 1424//3895
f 2205//3896 2207//3896 2202//3896
f 1421//3897 1415//3897 2208//3897
f 1415//3898 2202//3898 2208//3898
f 2204//3899 2202//3899 2203//3899
f 2203//3900 2209//3900 2201//3900
f 2210//3901 2209//3901 2203//3901
f 2203//3902 2202//3902 2210//3902
f 2211//3903 2209//3903 2210//3903
f 1415//3904 2210//3904 2202//3904
f 2211//3905 2210//3905 1415//3905
f 2213//3906 2209//3906 2211//3906
f 2212//3907 2211//3907 1415//3907
f 2212//3908 2213//3908 2211//3908
f 2214//3909 2218//3909 2213//3909
f 2213//3910 2215//3910 2214//3910
f 2217//3911 2213//3911 2212//3911
f 2213//3912 2216//3912 2215//3912
f 2213//3913 2217//3913 2216//3913
f 2209//3914 2213//3914 2218//3914
f 2218//3915 2214//3915 2219//3915
f 2219//3916 2209//3916 2218//3916
f 2219//3917 2214//3917 2220//3917
f 2220//3918 2209//3918 2219//3918
f 2221//3919 2220//3919 2214//3919
f 764//3920 2220//3920 2221//3920
f 2222//3921 2220//3921 764//3921
f 2220//3922 2222//3922 2209//3922
f 764//3923 2194//3923 2222//3923
f 2222//3924 2194//3924 2209//3924
f 2225//3925 2221//3925 2223//3925
f 2223//3926 2221//3926 2224//3926
f 2215//3927 2224//3927 2221//3927
f 2221//3928 2214//3928 2215//3928
f 2225//3929 766//3929 2221//3929
f 766//3930 764//3930 2221//3930
f 2226//3931 2227//3931 2225//3931
f 2223//3932 2226//3932 2225//3932
f 2225//3933 765//3933 766//3933
f 2225//3934 2227//3934 765//3934
f 772//3935 765//3935 2227//3935
f 772//3936 2227//3936 2228//3936
f 2228//3937 2227//3937 2226//3937
f 2228//3938 2229//3938 772//3938
f 2232//3939 2229//3939 2228//3939
f 2226//3940 2231//3940 2228//3940
f 2228//3941 2230//3941 2232//3941
f 2230//3942 2228//3942 2231//3942
f 2233//3943 2229//3943 2232//3943
f 2232//3944 2234//3944 2233//3944
f 2234//3945 2232//3945 2235//3945
f 2232//3946 2236//3946 2235//3946
f 2236//3947 2232//3947 2237//3947
f 2230//3948 2237//3948 2232//3948
f 2237//3949 2238//3949 2240//3949
f 2237//3950 2242//3950 2238//3950
f 2241//3951 2237//3951 2239//3951
f 2239//3952 2237//3952 2230//3952
f 2240//3953 2236//3953 2237//3953
f 2237//3954 2241//3954 2242//3954
f 2241//3955 2243//3955 2242//3955
f 2244//3956 2238//3956 2242//3956
f 2242//3957 2243//3957 1406//3957
f 2244//3958 2242//3958 2245//3958
f 1402//3959 2245//3959 2242//3959
f 1402//3960 2242//3960 1406//3960
f 2246//3961 2244//3961 2245//3961
f 1395//3962 2246//3962 2245//3962
f 1395//3963 2245//3963 1402//3963
f 2244//3964 2246//3964 2247//3964
f 1395//3965 2247//3965 2246//3965
f 2240//3966 2238//3966 2247//3966
f 2238//3967 2244//3967 2247//3967
f 2247//3968 2235//3968 2240//3968
f 2247//3969 2251//3969 2248//3969
f 2248//3970 2249//3970 2247//3970
f 2247//3971 2249//3971 2250//3971
f 2250//3972 2235//3972 2247//3972
f 2247//3973 2252//3973 2251//3973
f 1395//3974 2252//3974 2247//3974
f 2252//3975 1387//3975 2251//3975
f 1387//3976 2252//3976 1391//3976
f 2252//3977 1395//3977 1391//3977
f 2253//3978 2251//3978 1387//3978
f 2253//3979 2248//3979 2251//3979
f 2254//3980 2253//3980 1387//3980
f 2254//3981 1132//3981 2253//3981
f 2255//3982 2253//3982 1132//3982
f 2248//3983 2253//3983 2256//3983
f 2255//3984 2256//3984 2253//3984
f 2250//3985 2249//3985 2256//3985
f 2256//3986 2257//3986 2250//3986
f 1127//3987 2257//3987 2256//3987
f 2255//3988 1127//3988 2256//3988
f 2248//3989 2256//3989 2249//3989
f 2257//3990 1126//3990 2259//3990
f 2257//3991 1127//3991 1126//3991
f 2257//3992 2258//3992 2250//3992
f 2258//3993 2257//3993 2259//3993
f 2258//3994 2259//3994 2260//3994
f 2259//3995 2261//3995 2260//3995
f 2259//3996 778//3996 2261//3996
f 2259//3997 1126//3997 2262//3997
f 2259//3998 777//3998 778//3998
f 2262//3999 777//3999 2259//3999
f 1122//4000 777//4000 2262//4000
f 1122//4001 2262//4001 1121//4001
f 1126//4002 1121//4002 2262//4002
f 2261//4003 2234//4003 2260//4003
f 774//4004 2234//4004 2261//4004
f 774//4005 2261//4005 778//4005
f 2235//4006 2258//4006 2260//4006
f 2234//4007 2235//4007 2260//4007
f 2250//4008 2258//4008 2235//4008
f 1127//4009 2255//4009 1129//4009
f 2255//4010 1132//4010 1129//4010
f 1137//4011 1132//4011 2254//4011
f 2254//4012 1388//4012 1137//4012
f 1388//4013 2254//4013 1387//4013
f 2263//4014 2243//4014 2241//4014
f 2263//4015 1406//4015 2243//4015
f 2239//4016 2263//4016 2241//4016
f 2263//4017 2239//4017 2230//4017
f 1406//4018 2263//4018 1407//4018
f 2264//4019 2263//4019 2224//4019
f 2264//4020 1407//4020 2263//4020
f 2263//4021 2231//4021 2224//4021
f 2230//4022 2231//4022 2263//4022
f 2264//4023 2216//4023 1407//4023
f 2264//4024 2215//4024 2216//4024
f 2215//4025 2264//4025 2224//4025
f 2235//4026 2236//4026 2240//4026
f 2234//4027 774//4027 2233//4027
f 773//4028 2229//4028 2233//4028
f 774//4029 773//4029 2233//4029
f 2226//4030 2224//4030 2231//4030
f 773//4031 772//4031 2229//4031
f 2223//4032 2224//4032 2226//4032
f 2217//4033 2212//4033 1409//4033
f 2217//4034 1409//4034 2216//4034
f 1407//4035 2216//4035 1409//4035
f 2212//4036 1415//4036 1412//4036
f 1409//4037 2212//4037 1412//4037
f 2194//4038 2201//4038 2209//4038
f 2193//4039 2201//4039 2194//4039
f 2197//4040 2175//4040 2169//4040
f 764//4041 2191//4041 2194//4041
f 2191//4042 764//4042 761//4042
f 32//4043 2171//4043 35//4043
f 25//4044 2167//4044 26//4044
f 2159//4045 1425//4045 1424//4045
f 2156//4046 2158//4046 23//4046
f 2156//4047 23//4047 2155//4047
f 2155//4048 20//4048 19//4048
f 20//4049 2155//4049 23//4049
f 1425//4050 1434//4050 1426//4050
f 1426//4051 1434//4051 1431//4051
f 1427//4052 1428//4052 1430//4052
f 1418//4053 1419//4053 1427//4053
f 1399//4054 1404//4054 1398//4054
f 1383//4055 1386//4055 1390//4055
f 1136//4056 1388//4056 1148//4056
f 1137//4057 1388//4057 1136//4057
f 1155//4058 1375//4058 1164//4058
f 1164//4059 1375//4059 1372//4059
f 1372//4060 1373//4060 1163//4060
f 1163//4061 1373//4061 1167//4061
f 1167//4062 1373//4062 1177//4062
f 1370//4063 1177//4063 1373//4063
f 1163//4064 1164//4064 1372//4064
f 2265//4065 1370//4065 1369//4065
f 1370//4066 2265//4066 1177//4066
f 1190//4067 2265//4067 1189//4067
f 1369//4068 1189//4068 2265//4068
f 1190//4069 1177//4069 2265//4069
f 1189//4070 1369//4070 2266//4070
f 2266//4071 1369//4071 1366//4071
f 2266//4072 1193//4072 1189//4072
f 2266//4073 2267//4073 1193//4073
f 2266//4074 2268//4074 2267//4074
f 2266//4075 1366//4075 2268//4075
f 2268//4076 1354//4076 1349//4076
f 1349//4077 2269//4077 2268//4077
f 2268//4078 2269//4078 2270//4078
f 1354//4079 2268//4079 1366//4079
f 2268//4080 2270//4080 2267//4080
f 2271//4081 2270//4081 1343//4081
f 2273//4082 2270//4082 2271//4082
f 2269//4083 1346//4083 2270//4083
f 1346//4084 1343//4084 2270//4084
f 2273//4085 2272//4085 2270//4085
f 2270//4086 2272//4086 2267//4086
f 2272//4087 2273//4087 2274//4087
f 2274//4088 2273//4088 2276//4088
f 2273//4089 2275//4089 2277//4089
f 2273//4090 2271//4090 2275//4090
f 2277//4091 2276//4091 2273//4091
f 2279//4092 2278//4092 2277//4092
f 2278//4093 2282//4093 2277//4093
f 2275//4094 2281//4094 2277//4094
f 2277//4095 2280//4095 2279//4095
f 2277//4096 2281//4096 2280//4096
f 2282//4097 2276//4097 2277//4097
f 2276//4098 2282//4098 2274//4098
f 2282//4099 2283//4099 2274//4099
f 2282//4100 2278//4100 2283//4100
f 2284//4101 2274//4101 2283//4101
f 2285//4102 2284//4102 2283//4102
f 2286//4103 2285//4103 2283//4103
f 2286//4104 2283//4104 2287//4104
f 2278//4105 2287//4105 2283//4105
f 2279//4106 2287//4106 2278//4106
f 2286//4107 2287//4107 1227//4107
f 1230//4108 1227//4108 2287//4108
f 1230//4109 2287//4109 1231//4109
f 2288//4110 1231//4110 2287//4110
f 2288//4111 2287//4111 2279//4111
f 2288//4112 2289//4112 1231//4112
f 2289//4113 2288//4113 1243//4113
f 2290//4114 1243//4114 2288//4114
f 2291//4115 2290//4115 2288//4115
f 2291//4116 2288//4116 2279//4116
f 2281//4117 2292//4117 2291//4117
f 2281//4118 2291//4118 2280//4118
f 2280//4119 2291//4119 2279//4119
f 2291//4120 1304//4120 2290//4120
f 2291//4121 2292//4121 1310//4121
f 1310//4122 1313//4122 2291//4122
f 2291//4123 1313//4123 1305//4123
f 2291//4124 1305//4124 1304//4124
f 2292//4125 2281//4125 2293//4125
f 2293//4126 1344//4126 2292//4126
f 1312//4127 2292//4127 1344//4127
f 2292//4128 1312//4128 1310//4128
f 2271//4129 2293//4129 2281//4129
f 1344//4130 2293//4130 2271//4130
f 1304//4131 1303//4131 2290//4131
f 1303//4132 1243//4132 2290//4132
f 1243//4133 1233//4133 2289//4133
f 2289//4134 1233//4134 1231//4134
f 2286//4135 1227//4135 1216//4135
f 2285//4136 2286//4136 1216//4136
f 1195//4137 2284//4137 2285//4137
f 1194//4138 1195//4138 2285//4138
f 1194//4139 2285//4139 1211//4139
f 1211//4140 2285//4140 1216//4140
f 2284//4141 1193//4141 2272//4141
f 2272//4142 2274//4142 2284//4142
f 1195//4143 1193//4143 2284//4143
f 2275//4144 2271//4144 2281//4144
f 1193//4145 2267//4145 2272//4145
f 1343//4146 1344//4146 2271//4146
f 1346//4147 2269//4147 1349//4147
f 1340//4148 1348//4148 1351//4148
f 1348//4149 1340//4149 1341//4149
f 1344//4150 1325//4150 1311//4150
f 1311//4151 1312//4151 1344//4151
f 1311//4152 1325//4152 1314//4152
f 2294//4153 1307//4153 1318//4153
f 2294//4154 1318//4154 1295//4154
f 1301//4155 1307//4155 2294//4155
f 1301//4156 2294//4156 1294//4156
f 1294//4157 2294//4157 1295//4157
f 1243//4158 1303//4158 1246//4158
f 1303//4159 1299//4159 1246//4159
f 1249//4160 1297//4160 1291//4160
f 1247//4161 1297//4161 1249//4161
f 1291//4162 2295//4162 1249//4162
f 2295//4163 1291//4163 1284//4163
f 1284//4164 1291//4164 1283//4164
f 1249//4165 2295//4165 1256//4165
f 1256//4166 2295//4166 1284//4166
f 1281//4167 1288//4167 1276//4167
f 1284//4168 1261//4168 1260//4168
f 1284//4169 1260//4169 1256//4169
f 1278//4170 1268//4170 1277//4170
f 1269//4171 1277//4171 1268//4171
f 1269//4172 1271//4172 1277//4172
f 1259//1909 1258//1909 1266//1909
f 1249//4173 1256//4173 1253//4173
f 1240//4174 1241//4174 1251//4174
f 1244//4175 1243//4175 1246//4175
f 1224//4176 1239//4176 1238//4176
f 1224//4177 1236//4177 1239//4177
f 1218//4178 1219//4178 1220//4178
f 1212//4179 1211//4179 1216//4179
f 1210//4180 1215//4180 1208//4180
f 1194//4181 1211//4181 1198//4181
f 1204//4182 1191//4182 1196//4182
f 1203//4183 1204//4183 1196//4183
f 1188//4184 1189//4184 1193//4184
f 1191//4185 1184//4185 1187//4185
f 1190//4186 1182//4186 1177//4186
f 1185//4187 1187//4187 1184//4187
f 1173//4188 1172//4188 1176//4188
f 1159//4189 1165//4189 1171//4189
f 1159//4190 1161//4190 1165//4190
f 1155//4191 1164//4191 1157//4191
f 1160//4192 1145//4192 1151//4192
f 1145//4193 1144//4193 1151//4193
f 1139//4194 2296//4194 1149//4194
f 1149//4195 2296//4195 1148//4195
f 1136//4196 1148//4196 2296//4196
f 2296//4197 1139//4197 1136//4197
f 1135//4198 1140//4198 1142//4198
f 1122//4199 1123//4199 2297//4199
f 2297//4200 1123//4200 1116//4200
f 2298//4201 777//4201 2297//4201
f 2298//4202 2297//4202 1115//4202
f 777//4203 1122//4203 2297//4203
f 2297//4204 1116//4204 1115//4204
f 777//4205 2298//4205 2299//4205
f 2299//4206 2298//4206 781//4206
f 1115//4207 781//4207 2298//4207
f 2299//4208 782//4208 777//4208
f 782//4209 2299//4209 781//4209
f 1110//4210 1117//4210 1112//4210
f 1115//4211 1113//4211 1104//4211
f 781//4212 1115//4212 1104//4212
f 1090//4213 1032//4213 1088//4213
f 2300//4214 1088//4214 1032//4214
f 1088//4215 2300//4215 1087//4215
f 2301//4216 2302//4216 2300//4216
f 2300//4217 1034//4217 2301//4217
f 1034//4218 2300//4218 1032//4218
f 1087//4219 2300//4219 2302//4219
f 1087//4220 2302//4220 1085//4220
f 2302//4221 2303//4221 1085//4221
f 2303//4222 2302//4222 2304//4222
f 2302//4223 2305//4223 2304//4223
f 2302//4224 2301//4224 2305//4224
f 2305//4225 2301//4225 1037//4225
f 2306//4226 2305//4226 1037//4226
f 2305//4227 2306//4227 2307//4227
f 2305//4228 2307//4228 2304//4228
f 2307//4229 2310//4229 2308//4229
f 2308//4230 2309//4230 2307//4230
f 2304//4231 2307//4231 2309//4231
f 2307//4232 2306//4232 2310//4232
f 2310//4233 2312//4233 2311//4233
f 2308//4234 2310//4234 2311//4234
f 1040//4235 2312//4235 2310//4235
f 2306//4236 1040//4236 2310//4236
f 2311//4237 2312//4237 1049//4237
f 2312//4238 1045//4238 1049//4238
f 1045//4239 2312//4239 1040//4239
f 2311//4240 1071//4240 2308//4240
f 1048//4241 1071//4241 2311//4241
f 2311//4242 1049//4242 1048//4242
f 2308//4243 1076//4243 2309//4243
f 1085//4244 2309//4244 1076//4244
f 1085//4245 2303//4245 2309//4245
f 2309//4246 2303//4246 2304//4246
f 1076//4247 2308//4247 1071//4247
f 1037//4248 1040//4248 2306//4248
f 2301//4249 1034//4249 1037//4249
f 1085//4250 1076//4250 1079//4250
f 793//4251 795//4251 1081//4251
f 1079//4252 1076//4252 1077//4252
f 792//4253 1073//4253 804//4253
f 1073//4254 1060//4254 1061//4254
f 1073//4254 1070//4254 1060//4254
f 1073//4255 1061//4255 1066//4255
f 1073//4255 1066//4255 2314//4255
f 1073//4256 803//4256 804//4256
f 1073//4255 2313//4255 803//4255
f 1073//4255 2314//4255 2313//4255
f 2314//1628 1064//1628 851//1628
f 851//1628 2313//1628 2314//1628
f 1066//4257 1064//4257 2314//4257
f 2313//4258 851//4258 2315//4258
f 803//4259 2313//4259 2315//4259
f 2315//4257 2316//4257 803//4257
f 2316//1319 2315//1319 851//1319
f 2316//4260 844//4260 803//4260
f 2316//4258 851//4258 844//4258
f 1070//1633 1062//1633 1063//1633
f 1070//4261 1063//4261 1060//4261
f 1057//1509 2318//1509 2317//1509
f 2317//1509 986//1509 1057//1509
f 2318//4262 1057//4262 1052//4262
f 2317//4263 2318//4263 1052//4263
f 2319//1509 986//1509 2317//1509
f 1052//4264 1042//4264 2317//4264
f 2319//4264 2317//4264 1042//4264
f 989//4265 2319//4265 1042//4265
f 2320//1509 986//1509 2319//1509
f 2320//4265 2319//4265 989//4265
f 990//1509 986//1509 2320//1509
f 990//4266 2320//4266 989//4266
f 1043//4267 1042//4267 1052//4267
f 1052//4268 1046//4268 1043//4268
f 1042//4269 1001//4269 1002//4269
f 989//4270 1042//4270 1002//4270
f 919//4271 1031//4271 915//4271
f 1012//4272 1009//4272 1007//4272
f 994//4273 1003//4273 2321//4273
f 2321//4274 1003//4274 958//4274
f 2321//4275 974//4275 994//4275
f 958//4276 959//4276 2321//4276
f 2321//4277 959//4277 960//4277
f 960//4278 973//4278 2321//4278
f 2321//4279 973//4279 974//4279
f 1002//1523 996//1523 989//1523
f 993//1530 995//1530 996//1530
f 986//4280 853//4280 851//4280
f 986//4280 855//4280 853//4280
f 2323//4281 961//4281 957//4281
f 961//4282 868//4282 867//4282
f 961//4283 877//4283 868//4283
f 2322//4284 877//4284 961//4284
f 961//4285 2323//4285 2322//4285
f 955//4286 951//4286 2323//4286
f 2323//4287 957//4287 955//4287
f 2323//4288 951//4288 2324//4288
f 2324//4289 2322//4289 2323//4289
f 2324//4290 877//4290 2322//4290
f 877//4291 2324//4291 2325//4291
f 2325//4292 2324//4292 952//4292
f 2324//4293 951//4293 952//4293
f 2325//4294 947//4294 884//4294
f 952//4295 947//4295 2325//4295
f 2325//4296 878//4296 877//4296
f 2325//4297 884//4297 878//4297
f 952//4298 946//4298 947//4298
f 931//4299 919//4299 921//4299
f 901//4300 900//4300 926//4300
f 639//4301 908//4301 912//4301
f 639//1388 651//1388 908//1388
f 2326//4302 902//4302 653//4302
f 902//4303 2326//4303 897//4303
f 902//4304 897//4304 895//4304
f 896//4305 902//4305 895//4305
f 650//4306 653//4306 902//4306
f 2326//1198 2327//1198 687//1198
f 688//1198 2326//1198 687//1198
f 2327//1198 2326//1198 2328//1198
f 653//4307 2328//4307 2326//4307
f 688//4308 897//4308 2326//4308
f 657//4309 2327//4309 2328//4309
f 2328//4310 653//4310 657//4310
f 687//4311 2327//4311 657//4311
f 897//4312 688//4312 894//4312
f 705//4313 894//4313 688//4313
f 707//4314 708//4314 887//4314
f 874//1344 869//1344 882//1344
f 873//4315 882//4315 712//4315
f 873//4315 874//4315 882//4315
f 712//4316 882//4316 710//4316
f 877//4317 866//4317 865//4317
f 877//4318 863//4318 866//4318
f 865//4319 868//4319 877//4319
f 861//4320 863//4320 877//4320
f 873//4321 712//4321 846//4321
f 873//1312 846//1312 845//1312
f 851//4322 858//4322 857//4322
f 851//4323 857//4323 856//4323
f 856//4324 850//4324 851//4324
f 848//4325 712//4325 847//4325
f 848//4326 846//4326 712//4326
f 711//4325 847//4325 712//4325
f 711//1137 717//1137 847//1137
f 842//4260 803//4260 844//4260
f 843//4327 840//4327 803//4327
f 842//4328 843//4328 803//4328
f 832//4329 840//4329 841//4329
f 841//1310 831//1310 832//1310
f 832//4327 803//4327 840//4327
f 832//4330 801//4330 803//4330
f 797//4331 807//4331 787//4331
f 796//4332 807//4332 797//4332
f 799//4333 792//4333 804//4333
f 789//4334 797//4334 787//4334
f 784//4335 794//4335 785//4335
f 788//4336 768//4336 769//4336
f 777//4337 782//4337 776//4337
f 757//4338 756//4338 761//4338
f 756//4339 753//4339 761//4339
f 752//4340 744//4340 755//4340
f 744//4341 752//4341 741//4341
f 741//4342 752//4342 748//4342
f 733//4343 742//4343 731//4343
f 737//4344 736//4344 700//4344
f 699//4345 736//4345 2329//4345
f 736//4346 734//4346 2329//4346
f 736//4347 699//4347 700//4347
f 714//4348 715//4348 2329//4348
f 734//4349 714//4349 2329//4349
f 715//4350 699//4350 2329//4350
f 725//4351 714//4351 734//4351
f 699//4352 715//4352 701//4352
f 688//4353 692//4353 705//4353
f 705//4354 692//4354 694//4354
f 677//4355 687//4355 657//4355
f 677//4356 679//4356 687//4356
f 681//4357 687//4357 679//4357
f 668//4358 2330//4358 674//4358
f 52//4359 674//4359 2330//4359
f 53//4360 673//4360 674//4360
f 674//4361 52//4361 53//4361
f 668//4362 59//4362 2330//4362
f 52//4363 2330//4363 59//4363
f 79//4364 668//4364 81//4364
f 79//4365 59//4365 668//4365
f 661//4366 665//4366 662//4366
f 664//4367 136//4367 138//4367
f 654//4368 658//4368 655//4368
f 140//4369 654//4369 646//4369
f 648//4370 651//4370 640//4370
f 639//4371 640//4371 651//4371
f 647//4372 142//4372 135//4372
f 135//4373 137//4373 647//4373
f 642//4374 148//4374 142//4374
f 635//4375 634//4375 628//4375
f 624//4376 619//4376 156//4376
f 156//4377 157//4377 624//4377
f 619//4378 166//4378 156//4378
f 616//4379 166//4379 619//4379
f 616//4380 615//4380 166//4380
f 615//4381 168//4381 165//4381
f 165//4382 166//4382 615//4382
f 614//4383 605//4383 610//4383
f 170//4384 611//4384 178//4384
f 611//4385 170//4385 169//4385
f 597//4386 595//4386 581//4386
f 595//4387 583//4387 581//4387
f 587//4388 591//4388 585//4388
f 187//4389 186//4389 579//4389
f 559//4390 187//4390 579//4390
f 557//4391 576//4391 556//4391
f 532//4392 534//4392 538//4392
f 538//4393 534//4393 535//4393
f 518//4394 527//4394 512//4394
f 511//4395 512//4395 527//4395
f 519//4396 524//4396 517//4396
f 521//4397 522//4397 248//4397
f 521//4398 248//4398 246//4398
f 515//4399 508//4399 504//4399
f 2331//4400 515//4400 504//4400
f 2331//4401 248//4401 515//4401
f 250//4402 2331//4402 504//4402
f 2331//4403 250//4403 248//4403
f 492//4404 506//4404 493//4404
f 487//4405 493//4405 506//4405
f 471//4406 490//4406 481//4406
f 465//4407 468//4407 474//4407
f 265//4408 467//4408 266//4408
f 466//4409 270//4409 264//4409
f 264//4410 266//4410 466//4410
f 459//4411 270//4411 466//4411
f 465//4412 461//4412 464//4412
f 462//4413 461//4413 465//4413
f 457//4414 270//4414 459//4414
f 273//4415 458//4415 301//4415
f 273//4416 272//4416 458//4416
f 270//4417 457//4417 268//4417
f 457//4418 272//4418 268//4418
f 439//4419 2332//4419 449//4419
f 305//4420 449//4420 2332//4420
f 2332//4421 439//4421 423//4421
f 314//4422 2332//4422 423//4422
f 2332//4423 2333//4423 304//4423
f 2333//4424 2332//4424 314//4424
f 2332//4425 304//4425 305//4425
f 304//4426 2333//4426 316//4426
f 2333//4427 314//4427 316//4427
f 441//4428 435//4428 436//4428
f 437//4429 423//4429 439//4429
f 432//4430 422//4430 437//4430
f 422//4431 423//4431 437//4431
f 426//4432 417//4432 418//4432
f 417//4433 426//4433 409//4433
f 405//4434 404//4434 406//4434
f 392//4435 390//4435 322//4435
f 390//4436 386//4436 323//4436
f 322//4437 390//4437 323//4437
f 370//4438 371//4438 382//4438
f 326//4439 378//4439 332//4439
f 361//4440 98//4440 358//4440
f 97//4441 98//4441 361//4441
f 97//4442 361//4442 87//4442
f 98//4443 100//4443 359//4443
f 358//4444 98//4444 359//4444
f 353//4445 359//4445 354//4445
f 2334//4446 359//4446 100//4446
f 2334//4447 354//4447 359//4447
f 2334//4448 100//4448 99//4448
f 2335//4449 354//4449 2334//4449
f 2334//4450 99//4450 2335//4450
f 2336//4451 2335//4451 105//4451
f 2335//4452 99//4452 105//4452
f 216//4453 2335//4453 2336//4453
f 219//4454 2335//4454 216//4454
f 219//4455 2337//4455 2335//4455
f 2337//4456 2338//4456 2335//4456
f 2338//4457 354//4457 2335//4457
f 354//4458 2338//4458 355//4458
f 2338//4459 2337//4459 2339//4459
f 2338//4460 2339//4460 355//4460
f 220//4461 2339//4461 2337//4461
f 220//4462 235//4462 2339//4462
f 235//4463 234//4463 2339//4463
f 2339//4464 234//4464 351//4464
f 351//4465 355//4465 2339//4465
f 2337//4466 219//4466 220//4466
f 104//4467 2336//4467 105//4467
f 104//4468 216//4468 2336//4468
f 233//4469 351//4469 234//4469
f 349//4470 351//4470 233//4470
f 349//4471 233//4471 238//4471
f 346//4472 349//4472 238//4472
f 289//4473 347//4473 286//4473
f 346//4474 276//4474 347//4474
f 347//4475 276//4475 286//4475
f 346//4476 238//4476 241//4476
f 241//4477 276//4477 346//4477
f 326//4478 332//4478 325//4478
f 311//4479 329//4479 293//4479
f 307//4480 304//4480 316//4480
f 298//4481 302//4481 296//4481
f 278//4482 273//4482 301//4482
f 269//4483 258//4483 260//4483
f 243//4484 253//4484 242//4484
f 218//4485 235//4485 220//4485
f 218//4486 227//4486 235//4486
f 225//4487 228//4487 224//4487
f 2340//4488 225//4488 222//4488
f 2340//4489 196//4489 225//4489
f 194//4490 192//4490 225//4490
f 196//4491 194//4491 225//4491
f 213//4492 2340//4492 222//4492
f 211//4493 2340//4493 213//4493
f 207//4494 197//4494 2340//4494
f 211//4495 207//4495 2340//4495
f 197//4496 196//4496 2340//4496
f 215//4497 216//4497 104//4497
f 107//4498 215//4498 108//4498
f 215//4499 107//4499 210//4499
f 215//4500 104//4500 108//4500
f 211//4501 206//4501 207//4501
f 205//4502 197//4502 207//4502
f 197//4503 205//4503 203//4503
f 203//4504 199//4504 195//4504
f 197//4505 203//4505 195//4505
f 177//4506 186//4506 179//4506
f 174//4507 184//4507 175//4507
f 173//4508 113//4508 160//4508
f 113//4509 173//4509 112//4509
f 127//4510 146//4510 153//4510
f 127//4511 153//4511 121//4511
f 127//4512 131//4512 146//4512
f 82//4513 83//4513 128//4513
f 127//4514 121//4514 123//4514
f 103//4515 119//4515 115//4515
f 111//4516 116//4516 110//4516
f 102//4517 103//4517 115//4517
f 103//4518 95//4518 91//4518
f 103//4519 91//4519 92//4519
f 89//4520 96//4520 97//4520
f 97//4521 87//4521 89//4521
f 93//4522 86//4522 82//4522
f 74//4523 77//4523 76//4523
f 44//4524 51//4524 42//4524
f 30//4525 38//4525 42//4525
f 9//4526 8//4526 10//4526
